method,actions,budget_fraction,mean_f1_pp
DPA,0,0.0,40.48277777777778
DPA,1,0.0002777777777777778,40.538333333333334
DPA,2,0.0005555555555555556,40.56611111111111
DPA,3,0.0008333333333333334,40.58833333333333
DPA,4,0.0011111111111111111,40.58833333333333
DPA,5,0.001388888888888889,40.58833333333333
DPA,6,0.0016666666666666668,40.58833333333333
DPA,7,0.0019444444444444444,40.58833333333333
DPA,8,0.0022222222222222222,40.58444444444444
DPA,9,0.0025,40.58444444444444
DPA,10,0.002777777777777778,40.58444444444444
DPA,11,0.0030555555555555557,40.602777777777774
DPA,12,0.0033333333333333335,40.56111111111112
DPA,13,0.003611111111111111,40.56111111111112
DPA,14,0.0038888888888888888,40.56111111111112
DPA,15,0.004166666666666667,40.56111111111112
DPA,16,0.0044444444444444444,40.55388888888889
DPA,17,0.004722222222222222,40.55388888888889
DPA,18,0.005,40.55388888888889
DPA,19,0.005277777777777778,40.55388888888889
DPA,20,0.005555555555555556,40.55388888888889
DPA,21,0.005833333333333334,40.55388888888889
DPA,22,0.006111111111111111,40.55388888888889
DPA,23,0.006388888888888889,40.55388888888889
DPA,24,0.006666666666666667,40.55388888888889
DPA,25,0.006944444444444444,40.60944444444445
DPA,26,0.007222222222222222,40.60944444444445
DPA,27,0.0075,40.60944444444445
DPA,28,0.0077777777777777776,40.60944444444445
DPA,29,0.008055555555555555,40.56777777777778
DPA,30,0.008333333333333333,40.58166666666666
DPA,31,0.008611111111111111,40.58166666666666
DPA,32,0.008888888888888889,40.58166666666666
DPA,33,0.009166666666666667,40.60944444444445
DPA,34,0.009444444444444445,40.60944444444445
DPA,35,0.009722222222222222,40.665
DPA,36,0.01,40.620555555555555
DPA,37,0.010277777777777778,40.620555555555555
DPA,38,0.010555555555555556,40.67611111111111
DPA,39,0.010833333333333334,40.69
DPA,40,0.011111111111111112,40.69
DPA,41,0.01138888888888889,40.69611111111111
DPA,42,0.011666666666666667,40.702777777777776
DPA,43,0.011944444444444445,40.702777777777776
DPA,44,0.012222222222222223,40.702777777777776
DPA,45,0.0125,40.702777777777776
DPA,46,0.012777777777777779,40.702777777777776
DPA,47,0.013055555555555556,40.702777777777776
DPA,48,0.013333333333333334,40.702777777777776
DPA,49,0.01361111111111111,40.75833333333333
DPA,50,0.013888888888888888,40.81388888888889
DPA,51,0.014166666666666666,40.81388888888889
DPA,52,0.014444444444444444,40.81388888888889
DPA,53,0.014722222222222222,40.83222222222223
DPA,54,0.015,40.88777777777778
DPA,55,0.015277777777777777,40.88777777777778
DPA,56,0.015555555555555555,40.94333333333333
DPA,57,0.015833333333333335,40.94333333333333
DPA,58,0.01611111111111111,40.94333333333333
DPA,59,0.01638888888888889,40.94333333333333
DPA,60,0.016666666666666666,40.94333333333333
DPA,61,0.016944444444444446,40.94333333333333
DPA,62,0.017222222222222222,40.903888888888886
DPA,63,0.0175,40.903888888888886
DPA,64,0.017777777777777778,40.903888888888886
DPA,65,0.018055555555555554,40.922222222222224
DPA,66,0.018333333333333333,40.922222222222224
DPA,67,0.01861111111111111,40.90833333333334
DPA,68,0.01888888888888889,40.96388888888889
DPA,69,0.019166666666666665,40.96388888888889
DPA,70,0.019444444444444445,40.95444444444444
DPA,71,0.01972222222222222,40.95444444444444
DPA,72,0.02,40.95444444444444
DPA,73,0.020277777777777777,40.95444444444444
DPA,74,0.020555555555555556,40.95444444444444
DPA,75,0.020833333333333332,41.010000000000005
DPA,76,0.021111111111111112,41.010000000000005
DPA,77,0.021388888888888888,41.010000000000005
DPA,78,0.021666666666666667,41.065555555555555
DPA,79,0.021944444444444444,41.06166666666667
DPA,80,0.022222222222222223,41.06166666666667
DPA,81,0.0225,41.06166666666667
DPA,82,0.02277777777777778,41.071111111111115
DPA,83,0.023055555555555555,41.07944444444445
DPA,84,0.023333333333333334,41.135
DPA,85,0.02361111111111111,41.14833333333333
DPA,86,0.02388888888888889,41.14833333333333
DPA,87,0.024166666666666666,41.14833333333333
DPA,88,0.024444444444444446,41.14833333333333
DPA,89,0.024722222222222222,41.14833333333333
DPA,90,0.025,41.14833333333333
DPA,91,0.025277777777777777,41.14833333333333
DPA,92,0.025555555555555557,41.14833333333333
DPA,93,0.025833333333333333,41.14833333333333
DPA,94,0.026111111111111113,41.20388888888889
DPA,95,0.02638888888888889,41.20388888888889
DPA,96,0.02666666666666667,41.20388888888889
DPA,97,0.026944444444444444,41.25944444444444
DPA,98,0.02722222222222222,41.25944444444444
DPA,99,0.0275,41.25944444444444
DPA,100,0.027777777777777776,41.25944444444444
DPA,101,0.028055555555555556,41.24111111111111
DPA,102,0.028333333333333332,41.24111111111111
DPA,103,0.02861111111111111,41.29666666666667
DPA,104,0.028888888888888888,41.29666666666667
DPA,105,0.029166666666666667,41.32277777777778
DPA,106,0.029444444444444443,41.32277777777778
DPA,107,0.029722222222222223,41.32277777777778
DPA,108,0.03,41.33888888888889
DPA,109,0.03027777777777778,41.33888888888889
DPA,110,0.030555555555555555,41.394444444444446
DPA,111,0.030833333333333334,41.40388888888889
DPA,112,0.03111111111111111,41.40388888888889
DPA,113,0.03138888888888889,41.40388888888889
DPA,114,0.03166666666666667,41.45944444444444
DPA,115,0.03194444444444444,41.45944444444444
DPA,116,0.03222222222222222,41.47777777777778
DPA,117,0.0325,41.53333333333333
DPA,118,0.03277777777777778,41.49388888888889
DPA,119,0.03305555555555555,41.49388888888889
DPA,120,0.03333333333333333,41.54944444444445
DPA,121,0.03361111111111111,41.562222222222225
DPA,122,0.03388888888888889,41.562222222222225
DPA,123,0.034166666666666665,41.617777777777775
DPA,124,0.034444444444444444,41.57833333333333
DPA,125,0.034722222222222224,41.57833333333333
DPA,126,0.035,41.59166666666667
DPA,127,0.035277777777777776,41.6
DPA,128,0.035555555555555556,41.6
DPA,129,0.035833333333333335,41.6
DPA,130,0.03611111111111111,41.63944444444444
DPA,131,0.03638888888888889,41.63944444444444
DPA,132,0.03666666666666667,41.63944444444444
DPA,133,0.036944444444444446,41.63944444444444
DPA,134,0.03722222222222222,41.63944444444444
DPA,135,0.0375,41.63944444444444
DPA,136,0.03777777777777778,41.695
DPA,137,0.03805555555555556,41.75055555555556
DPA,138,0.03833333333333333,41.75055555555556
DPA,139,0.03861111111111111,41.75055555555556
DPA,140,0.03888888888888889,41.75055555555556
DPA,141,0.03916666666666667,41.75055555555556
DPA,142,0.03944444444444444,41.778333333333336
DPA,143,0.03972222222222222,41.745
DPA,144,0.04,41.745
DPA,145,0.04027777777777778,41.745
DPA,146,0.04055555555555555,41.782222222222224
DPA,147,0.04083333333333333,41.83777777777778
DPA,148,0.04111111111111111,41.81388888888889
DPA,149,0.04138888888888889,41.81388888888889
DPA,150,0.041666666666666664,41.81388888888889
DPA,151,0.041944444444444444,41.81388888888889
DPA,152,0.042222222222222223,41.81388888888889
DPA,153,0.0425,41.81388888888889
DPA,154,0.042777777777777776,41.81388888888889
DPA,155,0.043055555555555555,41.86944444444445
DPA,156,0.043333333333333335,41.91388888888889
DPA,157,0.043611111111111114,41.91388888888889
DPA,158,0.04388888888888889,41.91388888888889
DPA,159,0.04416666666666667,41.91388888888889
DPA,160,0.044444444444444446,41.91388888888889
DPA,161,0.04472222222222222,41.91388888888889
DPA,162,0.045,41.91388888888889
DPA,163,0.04527777777777778,41.91388888888889
DPA,164,0.04555555555555556,41.93611111111111
DPA,165,0.04583333333333333,41.93611111111111
DPA,166,0.04611111111111111,41.93611111111111
DPA,167,0.04638888888888889,41.93611111111111
DPA,168,0.04666666666666667,41.973333333333336
DPA,169,0.04694444444444444,41.973333333333336
DPA,170,0.04722222222222222,41.973333333333336
DPA,171,0.0475,42.028888888888886
DPA,172,0.04777777777777778,42.08444444444444
DPA,173,0.04805555555555555,42.07277777777778
DPA,174,0.04833333333333333,42.12833333333334
DPA,175,0.04861111111111111,42.18388888888889
DPA,176,0.04888888888888889,42.13777777777778
DPA,177,0.049166666666666664,42.09833333333333
DPA,178,0.049444444444444444,42.09833333333333
DPA,179,0.04972222222222222,42.05666666666667
DPA,180,0.05,42.05666666666667
DPA,181,0.050277777777777775,42.08833333333333
DPA,182,0.050555555555555555,42.08833333333333
DPA,183,0.050833333333333335,42.143888888888895
DPA,184,0.051111111111111114,42.199444444444445
DPA,185,0.05138888888888889,42.15388888888889
DPA,186,0.051666666666666666,42.16777777777778
DPA,187,0.051944444444444446,42.16777777777778
DPA,188,0.052222222222222225,42.16777777777778
DPA,189,0.0525,42.16777777777778
DPA,190,0.05277777777777778,42.16777777777778
DPA,191,0.05305555555555556,42.16777777777778
DPA,192,0.05333333333333334,42.223333333333336
DPA,193,0.05361111111111111,42.223333333333336
DPA,194,0.05388888888888889,42.223333333333336
DPA,195,0.05416666666666667,42.223333333333336
DPA,196,0.05444444444444444,42.16777777777778
DPA,197,0.05472222222222222,42.16555555555556
DPA,198,0.055,42.193333333333335
DPA,199,0.05527777777777778,42.193333333333335
DPA,200,0.05555555555555555,42.205555555555556
DPA,201,0.05583333333333333,42.205555555555556
DPA,202,0.05611111111111111,42.205555555555556
DPA,203,0.05638888888888889,42.205555555555556
DPA,204,0.056666666666666664,42.26111111111111
DPA,205,0.05694444444444444,42.263333333333335
DPA,206,0.05722222222222222,42.27444444444445
DPA,207,0.0575,42.27444444444445
DPA,208,0.057777777777777775,42.27444444444445
DPA,209,0.058055555555555555,42.27444444444445
DPA,210,0.058333333333333334,42.27444444444445
DPA,211,0.058611111111111114,42.27444444444445
DPA,212,0.058888888888888886,42.27444444444445
DPA,213,0.059166666666666666,42.33
DPA,214,0.059444444444444446,42.33
DPA,215,0.059722222222222225,42.33
DPA,216,0.06,42.29222222222223
DPA,217,0.06027777777777778,42.34777777777778
DPA,218,0.06055555555555556,42.40333333333333
DPA,219,0.060833333333333336,42.40333333333333
DPA,220,0.06111111111111111,42.40333333333333
DPA,221,0.06138888888888889,42.40333333333333
DPA,222,0.06166666666666667,42.45888888888889
DPA,223,0.06194444444444445,42.45888888888889
DPA,224,0.06222222222222222,42.45888888888889
DPA,225,0.0625,42.45888888888889
DPA,226,0.06277777777777778,42.45888888888889
DPA,227,0.06305555555555556,42.50222222222222
DPA,228,0.06333333333333334,42.50222222222222
DPA,229,0.0636111111111111,42.50222222222222
DPA,230,0.06388888888888888,42.50222222222222
DPA,231,0.06416666666666666,42.53
DPA,232,0.06444444444444444,42.53
DPA,233,0.06472222222222222,42.53
DPA,234,0.065,42.53
DPA,235,0.06527777777777778,42.53
DPA,236,0.06555555555555556,42.56722222222222
DPA,237,0.06583333333333333,42.62277777777778
DPA,238,0.0661111111111111,42.678333333333335
DPA,239,0.06638888888888889,42.733888888888885
DPA,240,0.06666666666666667,42.72
DPA,241,0.06694444444444445,42.72
DPA,242,0.06722222222222222,42.72
DPA,243,0.0675,42.72
DPA,244,0.06777777777777778,42.775555555555556
DPA,245,0.06805555555555555,42.733888888888885
DPA,246,0.06833333333333333,42.78944444444445
DPA,247,0.06861111111111111,42.78944444444445
DPA,248,0.06888888888888889,42.78944444444445
DPA,249,0.06916666666666667,42.78944444444445
DPA,250,0.06944444444444445,42.78944444444445
DPA,251,0.06972222222222223,42.78944444444445
DPA,252,0.07,42.78944444444445
DPA,253,0.07027777777777777,42.78944444444445
DPA,254,0.07055555555555555,42.78944444444445
DPA,255,0.07083333333333333,42.78944444444445
DPA,256,0.07111111111111111,42.845
DPA,257,0.07138888888888889,42.845
DPA,258,0.07166666666666667,42.900555555555556
DPA,259,0.07194444444444445,42.900555555555556
DPA,260,0.07222222222222222,42.900555555555556
DPA,261,0.0725,42.900555555555556
DPA,262,0.07277777777777777,42.900555555555556
DPA,263,0.07305555555555555,42.900555555555556
DPA,264,0.07333333333333333,42.95611111111111
DPA,265,0.07361111111111111,42.95611111111111
DPA,266,0.07388888888888889,42.95611111111111
DPA,267,0.07416666666666667,42.95611111111111
DPA,268,0.07444444444444444,42.95611111111111
DPA,269,0.07472222222222222,42.95611111111111
DPA,270,0.075,42.95611111111111
DPA,271,0.07527777777777778,42.95611111111111
DPA,272,0.07555555555555556,42.965555555555554
DPA,273,0.07583333333333334,42.965555555555554
DPA,274,0.07611111111111112,42.99333333333333
DPA,275,0.0763888888888889,42.99333333333333
DPA,276,0.07666666666666666,42.99333333333333
DPA,277,0.07694444444444444,43.04888888888889
DPA,278,0.07722222222222222,43.04888888888889
DPA,279,0.0775,43.01555555555556
DPA,280,0.07777777777777778,43.01555555555556
DPA,281,0.07805555555555556,43.059999999999995
DPA,282,0.07833333333333334,43.09722222222223
DPA,283,0.07861111111111112,43.09722222222223
DPA,284,0.07888888888888888,43.15277777777778
DPA,285,0.07916666666666666,43.15277777777778
DPA,286,0.07944444444444444,43.154444444444444
DPA,287,0.07972222222222222,43.154444444444444
DPA,288,0.08,43.154444444444444
DPA,289,0.08027777777777778,43.154444444444444
DPA,290,0.08055555555555556,43.159444444444446
DPA,291,0.08083333333333333,43.159444444444446
DPA,292,0.0811111111111111,43.159444444444446
DPA,293,0.08138888888888889,43.159444444444446
DPA,294,0.08166666666666667,43.16388888888889
DPA,295,0.08194444444444444,43.16388888888889
DPA,296,0.08222222222222222,43.16388888888889
DPA,297,0.0825,43.16388888888889
DPA,298,0.08277777777777778,43.16388888888889
DPA,299,0.08305555555555555,43.16388888888889
DPA,300,0.08333333333333333,43.16388888888889
DPA,301,0.08361111111111111,43.16388888888889
DPA,302,0.08388888888888889,43.16388888888889
DPA,303,0.08416666666666667,43.16388888888889
DPA,304,0.08444444444444445,43.21944444444444
DPA,305,0.08472222222222223,43.21944444444444
DPA,306,0.085,43.275000000000006
DPA,307,0.08527777777777777,43.285000000000004
DPA,308,0.08555555555555555,43.285000000000004
DPA,309,0.08583333333333333,43.285000000000004
DPA,310,0.08611111111111111,43.285000000000004
DPA,311,0.08638888888888889,43.285000000000004
DPA,312,0.08666666666666667,43.24
DPA,313,0.08694444444444445,43.29555555555555
DPA,314,0.08722222222222223,43.29555555555555
DPA,315,0.0875,43.24
DPA,316,0.08777777777777777,43.27722222222222
DPA,317,0.08805555555555555,43.31444444444445
DPA,318,0.08833333333333333,43.31444444444445
DPA,319,0.08861111111111111,43.29611111111112
DPA,320,0.08888888888888889,43.32388888888889
DPA,321,0.08916666666666667,43.32388888888889
DPA,322,0.08944444444444444,43.32888888888889
DPA,323,0.08972222222222222,43.32888888888889
DPA,324,0.09,43.32888888888889
DPA,325,0.09027777777777778,43.32888888888889
DPA,326,0.09055555555555556,43.32888888888889
DPA,327,0.09083333333333334,43.35666666666667
DPA,328,0.09111111111111111,43.35666666666667
DPA,329,0.0913888888888889,43.35666666666667
DPA,330,0.09166666666666666,43.412222222222226
DPA,331,0.09194444444444444,43.412222222222226
DPA,332,0.09222222222222222,43.412222222222226
DPA,333,0.0925,43.43333333333334
DPA,334,0.09277777777777778,43.393888888888895
DPA,335,0.09305555555555556,43.449444444444445
DPA,336,0.09333333333333334,43.486666666666665
DPA,337,0.09361111111111112,43.54222222222223
DPA,338,0.09388888888888888,43.59777777777778
DPA,339,0.09416666666666666,43.653333333333336
DPA,340,0.09444444444444444,43.657222222222224
DPA,341,0.09472222222222222,43.657222222222224
DPA,342,0.095,43.657222222222224
DPA,343,0.09527777777777778,43.71277777777778
DPA,344,0.09555555555555556,43.71277777777778
DPA,345,0.09583333333333334,43.71277777777778
DPA,346,0.0961111111111111,43.76833333333334
DPA,347,0.09638888888888889,43.76833333333334
DPA,348,0.09666666666666666,43.76833333333334
DPA,349,0.09694444444444444,43.76833333333334
DPA,350,0.09722222222222222,43.76833333333334
DPA,351,0.0975,43.76833333333334
DPA,352,0.09777777777777778,43.80555555555556
DPA,353,0.09805555555555556,43.83888888888889
DPA,354,0.09833333333333333,43.83888888888889
DPA,355,0.09861111111111111,43.83888888888889
DPA,356,0.09888888888888889,43.83888888888889
DPA,357,0.09916666666666667,43.83888888888889
DPA,358,0.09944444444444445,43.83888888888889
DPA,359,0.09972222222222223,43.83888888888889
DPA,360,0.1,43.83888888888889
DPA,361,0.10027777777777777,43.894444444444446
DPA,362,0.10055555555555555,43.894444444444446
DPA,363,0.10083333333333333,43.894444444444446
DPA,364,0.10111111111111111,43.894444444444446
DPA,365,0.10138888888888889,43.894444444444446
DPA,366,0.10166666666666667,43.894444444444446
DPA,367,0.10194444444444445,43.894444444444446
DPA,368,0.10222222222222223,43.894444444444446
DPA,369,0.1025,43.88055555555555
DPA,370,0.10277777777777777,43.93611111111112
DPA,371,0.10305555555555555,43.99166666666667
DPA,372,0.10333333333333333,43.99166666666667
DPA,373,0.10361111111111111,43.99166666666667
DPA,374,0.10388888888888889,43.99166666666667
DPA,375,0.10416666666666667,43.99166666666667
DPA,376,0.10444444444444445,43.98722222222222
DPA,377,0.10472222222222222,43.98722222222222
DPA,378,0.105,44.031666666666666
DPA,379,0.10527777777777778,44.08722222222222
DPA,380,0.10555555555555556,44.08722222222222
DPA,381,0.10583333333333333,44.085
DPA,382,0.10611111111111111,44.029444444444444
DPA,383,0.1063888888888889,44.085
DPA,384,0.10666666666666667,44.085
DPA,385,0.10694444444444444,44.03888888888889
DPA,386,0.10722222222222222,44.03888888888889
DPA,387,0.1075,44.03888888888889
DPA,388,0.10777777777777778,44.09444444444445
DPA,389,0.10805555555555556,44.13166666666667
DPA,390,0.10833333333333334,44.14277777777778
DPA,391,0.10861111111111112,44.19833333333333
DPA,392,0.10888888888888888,44.19833333333333
DPA,393,0.10916666666666666,44.19833333333333
DPA,394,0.10944444444444444,44.19833333333333
DPA,395,0.10972222222222222,44.253888888888895
DPA,396,0.11,44.253888888888895
DPA,397,0.11027777777777778,44.309444444444445
DPA,398,0.11055555555555556,44.309444444444445
DPA,399,0.11083333333333334,44.26611111111111
DPA,400,0.1111111111111111,44.32166666666667
DPA,401,0.11138888888888888,44.32166666666667
DPA,402,0.11166666666666666,44.34
DPA,403,0.11194444444444444,44.358333333333334
DPA,404,0.11222222222222222,44.358333333333334
DPA,405,0.1125,44.358333333333334
DPA,406,0.11277777777777778,44.358333333333334
DPA,407,0.11305555555555556,44.36944444444445
DPA,408,0.11333333333333333,44.36944444444445
DPA,409,0.11361111111111111,44.36944444444445
DPA,410,0.11388888888888889,44.36944444444445
DPA,411,0.11416666666666667,44.36944444444445
DPA,412,0.11444444444444445,44.425000000000004
DPA,413,0.11472222222222223,44.425000000000004
DPA,414,0.115,44.480555555555554
DPA,415,0.11527777777777778,44.504444444444445
DPA,416,0.11555555555555555,44.504444444444445
DPA,417,0.11583333333333333,44.504444444444445
DPA,418,0.11611111111111111,44.504444444444445
DPA,419,0.11638888888888889,44.504444444444445
DPA,420,0.11666666666666667,44.504444444444445
DPA,421,0.11694444444444445,44.504444444444445
DPA,422,0.11722222222222223,44.56
DPA,423,0.1175,44.59722222222223
DPA,424,0.11777777777777777,44.65277777777778
DPA,425,0.11805555555555555,44.62111111111111
DPA,426,0.11833333333333333,44.64
DPA,427,0.11861111111111111,44.596111111111114
DPA,428,0.11888888888888889,44.55666666666667
DPA,429,0.11916666666666667,44.55666666666667
DPA,430,0.11944444444444445,44.55666666666667
DPA,431,0.11972222222222222,44.55666666666667
DPA,432,0.12,44.61222222222222
DPA,433,0.12027777777777778,44.61222222222222
DPA,434,0.12055555555555555,44.61222222222222
DPA,435,0.12083333333333333,44.61222222222222
DPA,436,0.12111111111111111,44.61222222222222
DPA,437,0.1213888888888889,44.63055555555556
DPA,438,0.12166666666666667,44.65833333333334
DPA,439,0.12194444444444444,44.65833333333334
DPA,440,0.12222222222222222,44.71388888888889
DPA,441,0.1225,44.71388888888889
DPA,442,0.12277777777777778,44.71388888888889
DPA,443,0.12305555555555556,44.71388888888889
DPA,444,0.12333333333333334,44.76944444444445
DPA,445,0.12361111111111112,44.793888888888894
DPA,446,0.1238888888888889,44.793888888888894
DPA,447,0.12416666666666666,44.849444444444444
DPA,448,0.12444444444444444,44.90500000000001
DPA,449,0.12472222222222222,44.92111111111111
DPA,450,0.125,44.92111111111111
DPA,451,0.12527777777777777,44.92111111111111
DPA,452,0.12555555555555556,44.958333333333336
DPA,453,0.12583333333333332,44.958333333333336
DPA,454,0.12611111111111112,44.958333333333336
DPA,455,0.12638888888888888,44.973888888888894
DPA,456,0.12666666666666668,44.973888888888894
DPA,457,0.12694444444444444,44.973888888888894
DPA,458,0.1272222222222222,44.973888888888894
DPA,459,0.1275,45.02944444444445
DPA,460,0.12777777777777777,45.085
DPA,461,0.12805555555555556,45.06666666666667
DPA,462,0.12833333333333333,45.111111111111114
DPA,463,0.12861111111111112,45.111111111111114
DPA,464,0.1288888888888889,45.16666666666667
DPA,465,0.12916666666666668,45.16666666666667
DPA,466,0.12944444444444445,45.16666666666667
DPA,467,0.1297222222222222,45.16722222222222
DPA,468,0.13,45.16722222222222
DPA,469,0.13027777777777777,45.16722222222222
DPA,470,0.13055555555555556,45.20444444444445
DPA,471,0.13083333333333333,45.260000000000005
DPA,472,0.13111111111111112,45.31555555555556
DPA,473,0.1313888888888889,45.31555555555556
DPA,474,0.13166666666666665,45.31555555555556
DPA,475,0.13194444444444445,45.31555555555556
DPA,476,0.1322222222222222,45.31555555555556
DPA,477,0.1325,45.31555555555556
DPA,478,0.13277777777777777,45.31555555555556
DPA,479,0.13305555555555557,45.31555555555556
DPA,480,0.13333333333333333,45.31555555555556
DPA,481,0.13361111111111112,45.31555555555556
DPA,482,0.1338888888888889,45.27611111111112
DPA,483,0.13416666666666666,45.27611111111112
DPA,484,0.13444444444444445,45.27611111111112
DPA,485,0.13472222222222222,45.33166666666667
DPA,486,0.135,45.29
DPA,487,0.13527777777777777,45.23444444444445
DPA,488,0.13555555555555557,45.23444444444445
DPA,489,0.13583333333333333,45.23444444444445
DPA,490,0.1361111111111111,45.23444444444445
DPA,491,0.1363888888888889,45.29
DPA,492,0.13666666666666666,45.31388888888889
DPA,493,0.13694444444444445,45.31388888888889
DPA,494,0.13722222222222222,45.31388888888889
DPA,495,0.1375,45.31388888888889
DPA,496,0.13777777777777778,45.345
DPA,497,0.13805555555555554,45.345
DPA,498,0.13833333333333334,45.40055555555556
DPA,499,0.1386111111111111,45.40055555555556
DPA,500,0.1388888888888889,45.40055555555556
DPA,501,0.13916666666666666,45.40055555555556
DPA,502,0.13944444444444445,45.355000000000004
DPA,503,0.13972222222222222,45.355000000000004
DPA,504,0.14,45.355000000000004
DPA,505,0.14027777777777778,45.355000000000004
DPA,506,0.14055555555555554,45.355000000000004
DPA,507,0.14083333333333334,45.41055555555556
DPA,508,0.1411111111111111,45.41055555555556
DPA,509,0.1413888888888889,45.41055555555556
DPA,510,0.14166666666666666,45.41055555555556
DPA,511,0.14194444444444446,45.46611111111112
DPA,512,0.14222222222222222,45.46611111111112
DPA,513,0.1425,45.46611111111112
DPA,514,0.14277777777777778,45.46611111111112
DPA,515,0.14305555555555555,45.50333333333334
DPA,516,0.14333333333333334,45.50333333333334
DPA,517,0.1436111111111111,45.50333333333334
DPA,518,0.1438888888888889,45.50333333333334
DPA,519,0.14416666666666667,45.50333333333334
DPA,520,0.14444444444444443,45.50333333333334
DPA,521,0.14472222222222222,45.50333333333334
DPA,522,0.145,45.540555555555564
DPA,523,0.14527777777777778,45.540555555555564
DPA,524,0.14555555555555555,45.540555555555564
DPA,525,0.14583333333333334,45.596111111111114
DPA,526,0.1461111111111111,45.596111111111114
DPA,527,0.1463888888888889,45.596111111111114
DPA,528,0.14666666666666667,45.63333333333334
DPA,529,0.14694444444444443,45.63333333333334
DPA,530,0.14722222222222223,45.63333333333334
DPA,531,0.1475,45.63333333333334
DPA,532,0.14777777777777779,45.63333333333334
DPA,533,0.14805555555555555,45.63333333333334
DPA,534,0.14833333333333334,45.6888888888889
DPA,535,0.1486111111111111,45.6888888888889
DPA,536,0.14888888888888888,45.6888888888889
DPA,537,0.14916666666666667,45.6888888888889
DPA,538,0.14944444444444444,45.74444444444445
DPA,539,0.14972222222222223,45.74444444444445
DPA,540,0.15,45.74444444444445
DPA,541,0.1502777777777778,45.70111111111112
DPA,542,0.15055555555555555,45.756666666666675
DPA,543,0.15083333333333335,45.775000000000006
DPA,544,0.1511111111111111,45.775000000000006
DPA,545,0.15138888888888888,45.775000000000006
DPA,546,0.15166666666666667,45.775000000000006
DPA,547,0.15194444444444444,45.735555555555564
DPA,548,0.15222222222222223,45.71166666666667
DPA,549,0.1525,45.73944444444445
DPA,550,0.1527777777777778,45.73944444444445
DPA,551,0.15305555555555556,45.73944444444445
DPA,552,0.15333333333333332,45.79500000000001
DPA,553,0.15361111111111111,45.79500000000001
DPA,554,0.15388888888888888,45.85055555555556
DPA,555,0.15416666666666667,45.85055555555556
DPA,556,0.15444444444444444,45.906111111111116
DPA,557,0.15472222222222223,45.928333333333335
DPA,558,0.155,45.928333333333335
DPA,559,0.15527777777777776,45.928333333333335
DPA,560,0.15555555555555556,45.9838888888889
DPA,561,0.15583333333333332,46.01166666666667
DPA,562,0.15611111111111112,46.01166666666667
DPA,563,0.15638888888888888,46.06722222222223
DPA,564,0.15666666666666668,46.02111111111112
DPA,565,0.15694444444444444,46.0488888888889
DPA,566,0.15722222222222224,46.07277777777779
DPA,567,0.1575,46.07277777777779
DPA,568,0.15777777777777777,46.12833333333334
DPA,569,0.15805555555555556,46.13611111111112
DPA,570,0.15833333333333333,46.13611111111112
DPA,571,0.15861111111111112,46.19166666666668
DPA,572,0.15888888888888889,46.19166666666668
DPA,573,0.15916666666666668,46.236111111111114
DPA,574,0.15944444444444444,46.28055555555556
DPA,575,0.1597222222222222,46.28055555555556
DPA,576,0.16,46.28055555555556
DPA,577,0.16027777777777777,46.28055555555556
DPA,578,0.16055555555555556,46.28055555555556
DPA,579,0.16083333333333333,46.28055555555556
DPA,580,0.16111111111111112,46.28055555555556
DPA,581,0.1613888888888889,46.336111111111116
DPA,582,0.16166666666666665,46.336111111111116
DPA,583,0.16194444444444445,46.28055555555556
DPA,584,0.1622222222222222,46.28055555555556
DPA,585,0.1625,46.336111111111116
DPA,586,0.16277777777777777,46.39166666666667
DPA,587,0.16305555555555556,46.39166666666667
DPA,588,0.16333333333333333,46.3988888888889
DPA,589,0.16361111111111112,46.3988888888889
DPA,590,0.1638888888888889,46.3988888888889
DPA,591,0.16416666666666666,46.3988888888889
DPA,592,0.16444444444444445,46.394444444444446
DPA,593,0.16472222222222221,46.394444444444446
DPA,594,0.165,46.394444444444446
DPA,595,0.16527777777777777,46.394444444444446
DPA,596,0.16555555555555557,46.394444444444446
DPA,597,0.16583333333333333,46.394444444444446
DPA,598,0.1661111111111111,46.34666666666667
DPA,599,0.1663888888888889,46.34666666666667
DPA,600,0.16666666666666666,46.34666666666667
DPA,601,0.16694444444444445,46.34666666666667
DPA,602,0.16722222222222222,46.34666666666667
DPA,603,0.1675,46.40222222222223
DPA,604,0.16777777777777778,46.45777777777778
DPA,605,0.16805555555555557,46.45111111111112
DPA,606,0.16833333333333333,46.45111111111112
DPA,607,0.1686111111111111,46.45111111111112
DPA,608,0.1688888888888889,46.45111111111112
DPA,609,0.16916666666666666,46.45111111111112
DPA,610,0.16944444444444445,46.45111111111112
DPA,611,0.16972222222222222,46.45111111111112
DPA,612,0.17,46.45111111111112
DPA,613,0.17027777777777778,46.45111111111112
DPA,614,0.17055555555555554,46.45111111111112
DPA,615,0.17083333333333334,46.46222222222222
DPA,616,0.1711111111111111,46.46222222222222
DPA,617,0.1713888888888889,46.46222222222222
DPA,618,0.17166666666666666,46.46222222222222
DPA,619,0.17194444444444446,46.51777777777778
DPA,620,0.17222222222222222,46.51777777777778
DPA,621,0.1725,46.57333333333334
DPA,622,0.17277777777777778,46.57333333333334
DPA,623,0.17305555555555555,46.58222222222223
DPA,624,0.17333333333333334,46.58833333333334
DPA,625,0.1736111111111111,46.643888888888895
DPA,626,0.1738888888888889,46.643888888888895
DPA,627,0.17416666666666666,46.637777777777785
DPA,628,0.17444444444444446,46.637777777777785
DPA,629,0.17472222222222222,46.637777777777785
DPA,630,0.175,46.637777777777785
DPA,631,0.17527777777777778,46.693333333333335
DPA,632,0.17555555555555555,46.693333333333335
DPA,633,0.17583333333333334,46.64611111111112
DPA,634,0.1761111111111111,46.64611111111112
DPA,635,0.1763888888888889,46.701666666666675
DPA,636,0.17666666666666667,46.701666666666675
DPA,637,0.17694444444444443,46.757222222222225
DPA,638,0.17722222222222223,46.81277777777778
DPA,639,0.1775,46.81277777777778
DPA,640,0.17777777777777778,46.81277777777778
DPA,641,0.17805555555555555,46.81277777777778
DPA,642,0.17833333333333334,46.81277777777778
DPA,643,0.1786111111111111,46.81277777777778
DPA,644,0.17888888888888888,46.86833333333334
DPA,645,0.17916666666666667,46.86833333333334
DPA,646,0.17944444444444443,46.92388888888889
DPA,647,0.17972222222222223,46.92388888888889
DPA,648,0.18,46.92388888888889
DPA,649,0.1802777777777778,46.92388888888889
DPA,650,0.18055555555555555,46.92388888888889
DPA,651,0.18083333333333335,46.92388888888889
DPA,652,0.1811111111111111,46.86833333333334
DPA,653,0.18138888888888888,46.92388888888889
DPA,654,0.18166666666666667,46.92388888888889
DPA,655,0.18194444444444444,46.92388888888889
DPA,656,0.18222222222222223,46.92333333333334
DPA,657,0.1825,46.97888888888889
DPA,658,0.1827777777777778,47.03444444444445
DPA,659,0.18305555555555555,47.03444444444445
DPA,660,0.18333333333333332,47.03444444444445
DPA,661,0.1836111111111111,47.03444444444445
DPA,662,0.18388888888888888,47.03444444444445
DPA,663,0.18416666666666667,47.03444444444445
DPA,664,0.18444444444444444,47.06777777777778
DPA,665,0.18472222222222223,47.06777777777778
DPA,666,0.185,47.086111111111116
DPA,667,0.1852777777777778,47.086111111111116
DPA,668,0.18555555555555556,47.086111111111116
DPA,669,0.18583333333333332,47.086111111111116
DPA,670,0.18611111111111112,47.12777777777778
DPA,671,0.18638888888888888,47.12777777777778
DPA,672,0.18666666666666668,47.12777777777778
DPA,673,0.18694444444444444,47.12777777777778
DPA,674,0.18722222222222223,47.12777777777778
DPA,675,0.1875,47.15555555555556
DPA,676,0.18777777777777777,47.169444444444444
DPA,677,0.18805555555555556,47.169444444444444
DPA,678,0.18833333333333332,47.169444444444444
DPA,679,0.18861111111111112,47.22500000000001
DPA,680,0.18888888888888888,47.22500000000001
DPA,681,0.18916666666666668,47.22500000000001
DPA,682,0.18944444444444444,47.22500000000001
DPA,683,0.1897222222222222,47.269444444444446
DPA,684,0.19,47.269444444444446
DPA,685,0.19027777777777777,47.269444444444446
DPA,686,0.19055555555555556,47.325
DPA,687,0.19083333333333333,47.325
DPA,688,0.19111111111111112,47.325
DPA,689,0.1913888888888889,47.33500000000001
DPA,690,0.19166666666666668,47.29333333333334
DPA,691,0.19194444444444445,47.29333333333334
DPA,692,0.1922222222222222,47.33500000000001
DPA,693,0.1925,47.33500000000001
DPA,694,0.19277777777777777,47.33500000000001
DPA,695,0.19305555555555556,47.33500000000001
DPA,696,0.19333333333333333,47.33500000000001
DPA,697,0.19361111111111112,47.33500000000001
DPA,698,0.1938888888888889,47.33500000000001
DPA,699,0.19416666666666665,47.33500000000001
DPA,700,0.19444444444444445,47.33500000000001
DPA,701,0.1947222222222222,47.3138888888889
DPA,702,0.195,47.3138888888889
DPA,703,0.19527777777777777,47.34166666666667
DPA,704,0.19555555555555557,47.34166666666667
DPA,705,0.19583333333333333,47.363888888888894
DPA,706,0.19611111111111112,47.419444444444444
DPA,707,0.1963888888888889,47.419444444444444
DPA,708,0.19666666666666666,47.419444444444444
DPA,709,0.19694444444444445,47.47500000000001
DPA,710,0.19722222222222222,47.47500000000001
DPA,711,0.1975,47.486111111111114
DPA,712,0.19777777777777777,47.54166666666667
DPA,713,0.19805555555555557,47.54166666666667
DPA,714,0.19833333333333333,47.54166666666667
DPA,715,0.1986111111111111,47.543888888888894
DPA,716,0.1988888888888889,47.59944444444445
DPA,717,0.19916666666666666,47.59944444444445
DPA,718,0.19944444444444445,47.59944444444445
DPA,719,0.19972222222222222,47.59944444444445
DPA,720,0.2,47.59944444444445
DPA,721,0.20027777777777778,47.59944444444445
DPA,722,0.20055555555555554,47.655
DPA,723,0.20083333333333334,47.67333333333334
DPA,724,0.2011111111111111,47.67333333333334
DPA,725,0.2013888888888889,47.67333333333334
DPA,726,0.20166666666666666,47.6338888888889
DPA,727,0.20194444444444445,47.6338888888889
DPA,728,0.20222222222222222,47.59444444444445
DPA,729,0.2025,47.59444444444445
DPA,730,0.20277777777777778,47.650000000000006
DPA,731,0.20305555555555554,47.70555555555556
DPA,732,0.20333333333333334,47.70555555555556
DPA,733,0.2036111111111111,47.668333333333344
DPA,734,0.2038888888888889,47.668333333333344
DPA,735,0.20416666666666666,47.62666666666667
DPA,736,0.20444444444444446,47.62666666666667
DPA,737,0.20472222222222222,47.62666666666667
DPA,738,0.205,47.62666666666667
DPA,739,0.20527777777777778,47.66388888888889
DPA,740,0.20555555555555555,47.66388888888889
DPA,741,0.20583333333333334,47.66388888888889
DPA,742,0.2061111111111111,47.71944444444445
DPA,743,0.2063888888888889,47.71944444444445
DPA,744,0.20666666666666667,47.71944444444445
DPA,745,0.20694444444444443,47.677777777777784
DPA,746,0.20722222222222222,47.677777777777784
DPA,747,0.2075,47.69444444444445
DPA,748,0.20777777777777778,47.69444444444445
DPA,749,0.20805555555555555,47.72222222222223
DPA,750,0.20833333333333334,47.72222222222223
DPA,751,0.2086111111111111,47.72222222222223
DPA,752,0.2088888888888889,47.777777777777786
DPA,753,0.20916666666666667,47.777777777777786
DPA,754,0.20944444444444443,47.777777777777786
DPA,755,0.20972222222222223,47.777777777777786
DPA,756,0.21,47.777777777777786
DPA,757,0.21027777777777779,47.777777777777786
DPA,758,0.21055555555555555,47.777777777777786
DPA,759,0.21083333333333334,47.777777777777786
DPA,760,0.2111111111111111,47.777777777777786
DPA,761,0.21138888888888888,47.777777777777786
DPA,762,0.21166666666666667,47.82222222222223
DPA,763,0.21194444444444444,47.82222222222223
DPA,764,0.21222222222222223,47.82222222222223
DPA,765,0.2125,47.82222222222223
DPA,766,0.2127777777777778,47.87777777777779
DPA,767,0.21305555555555555,47.87777777777779
DPA,768,0.21333333333333335,47.87777777777779
DPA,769,0.2136111111111111,47.87777777777779
DPA,770,0.21388888888888888,47.836111111111116
DPA,771,0.21416666666666667,47.836111111111116
DPA,772,0.21444444444444444,47.836111111111116
DPA,773,0.21472222222222223,47.836111111111116
DPA,774,0.215,47.836111111111116
DPA,775,0.2152777777777778,47.836111111111116
DPA,776,0.21555555555555556,47.836111111111116
DPA,777,0.21583333333333332,47.836111111111116
DPA,778,0.21611111111111111,47.836111111111116
DPA,779,0.21638888888888888,47.836111111111116
DPA,780,0.21666666666666667,47.79444444444445
DPA,781,0.21694444444444444,47.85
DPA,782,0.21722222222222223,47.905555555555566
DPA,783,0.2175,47.905555555555566
DPA,784,0.21777777777777776,47.905555555555566
DPA,785,0.21805555555555556,47.905555555555566
DPA,786,0.21833333333333332,47.905555555555566
DPA,787,0.21861111111111112,47.89388888888889
DPA,788,0.21888888888888888,47.921666666666674
DPA,789,0.21916666666666668,47.921666666666674
DPA,790,0.21944444444444444,47.921666666666674
DPA,791,0.21972222222222224,47.921666666666674
DPA,792,0.22,47.977222222222224
DPA,793,0.22027777777777777,47.977222222222224
DPA,794,0.22055555555555556,47.93555555555557
DPA,795,0.22083333333333333,47.93555555555557
DPA,796,0.22111111111111112,47.911666666666676
DPA,797,0.22138888888888889,47.911666666666676
DPA,798,0.22166666666666668,47.911666666666676
DPA,799,0.22194444444444444,47.967222222222226
DPA,800,0.2222222222222222,47.967222222222226
DPA,801,0.2225,47.967222222222226
DPA,802,0.22277777777777777,47.967222222222226
DPA,803,0.22305555555555556,47.967222222222226
DPA,804,0.22333333333333333,48.02277777777778
DPA,805,0.22361111111111112,48.05055555555556
DPA,806,0.2238888888888889,48.05055555555556
DPA,807,0.22416666666666665,48.0088888888889
DPA,808,0.22444444444444445,48.025000000000006
DPA,809,0.2247222222222222,48.025000000000006
DPA,810,0.225,48.025000000000006
DPA,811,0.22527777777777777,48.08055555555556
DPA,812,0.22555555555555556,48.04944444444445
DPA,813,0.22583333333333333,48.04944444444445
DPA,814,0.22611111111111112,48.04944444444445
DPA,815,0.2263888888888889,48.04944444444445
DPA,816,0.22666666666666666,48.010000000000005
DPA,817,0.22694444444444445,48.010000000000005
DPA,818,0.22722222222222221,48.03777777777778
DPA,819,0.2275,48.03777777777778
DPA,820,0.22777777777777777,48.042777777777786
DPA,821,0.22805555555555557,48.042777777777786
DPA,822,0.22833333333333333,48.098333333333336
DPA,823,0.2286111111111111,48.15388888888889
DPA,824,0.2288888888888889,48.15388888888889
DPA,825,0.22916666666666666,48.20944444444445
DPA,826,0.22944444444444445,48.17
DPA,827,0.22972222222222222,48.17
DPA,828,0.23,48.17
DPA,829,0.23027777777777778,48.17
DPA,830,0.23055555555555557,48.12833333333334
DPA,831,0.23083333333333333,48.12833333333334
DPA,832,0.2311111111111111,48.12833333333334
DPA,833,0.2313888888888889,48.12833333333334
DPA,834,0.23166666666666666,48.12833333333334
DPA,835,0.23194444444444445,48.183888888888895
DPA,836,0.23222222222222222,48.183888888888895
DPA,837,0.2325,48.183888888888895
DPA,838,0.23277777777777778,48.239444444444445
DPA,839,0.23305555555555554,48.20611111111111
DPA,840,0.23333333333333334,48.20611111111111
DPA,841,0.2336111111111111,48.20611111111111
DPA,842,0.2338888888888889,48.20611111111111
DPA,843,0.23416666666666666,48.20611111111111
DPA,844,0.23444444444444446,48.20611111111111
DPA,845,0.23472222222222222,48.20611111111111
DPA,846,0.235,48.19666666666667
DPA,847,0.23527777777777778,48.19666666666667
DPA,848,0.23555555555555555,48.155
DPA,849,0.23583333333333334,48.155
DPA,850,0.2361111111111111,48.155
DPA,851,0.2363888888888889,48.155
DPA,852,0.23666666666666666,48.155
DPA,853,0.23694444444444446,48.155
DPA,854,0.23722222222222222,48.12166666666668
DPA,855,0.2375,48.17722222222223
DPA,856,0.23777777777777778,48.23277777777778
DPA,857,0.23805555555555555,48.2488888888889
DPA,858,0.23833333333333334,48.2488888888889
DPA,859,0.2386111111111111,48.2488888888889
DPA,860,0.2388888888888889,48.2488888888889
DPA,861,0.23916666666666667,48.262777777777785
DPA,862,0.23944444444444443,48.221111111111114
DPA,863,0.23972222222222223,48.221111111111114
DPA,864,0.24,48.221111111111114
DPA,865,0.24027777777777778,48.221111111111114
DPA,866,0.24055555555555555,48.221111111111114
DPA,867,0.24083333333333334,48.18166666666667
DPA,868,0.2411111111111111,48.21333333333334
DPA,869,0.24138888888888888,48.23166666666667
DPA,870,0.24166666666666667,48.287222222222226
DPA,871,0.24194444444444443,48.30833333333334
DPA,872,0.24222222222222223,48.30833333333334
DPA,873,0.2425,48.306111111111115
DPA,874,0.2427777777777778,48.306111111111115
DPA,875,0.24305555555555555,48.306111111111115
DPA,876,0.24333333333333335,48.36166666666667
DPA,877,0.2436111111111111,48.36166666666667
DPA,878,0.24388888888888888,48.36166666666667
DPA,879,0.24416666666666667,48.41722222222223
DPA,880,0.24444444444444444,48.41722222222223
DPA,881,0.24472222222222223,48.41055555555556
DPA,882,0.245,48.41055555555556
DPA,883,0.2452777777777778,48.46611111111112
DPA,884,0.24555555555555555,48.41055555555556
DPA,885,0.24583333333333332,48.41055555555556
DPA,886,0.2461111111111111,48.41055555555556
DPA,887,0.24638888888888888,48.41055555555556
DPA,888,0.24666666666666667,48.41055555555556
DPA,889,0.24694444444444444,48.41055555555556
DPA,890,0.24722222222222223,48.44222222222223
DPA,891,0.2475,48.44222222222223
DPA,892,0.2477777777777778,48.497777777777785
DPA,893,0.24805555555555556,48.553333333333335
DPA,894,0.24833333333333332,48.553333333333335
DPA,895,0.24861111111111112,48.553333333333335
DPA,896,0.24888888888888888,48.553333333333335
DPA,897,0.24916666666666668,48.553333333333335
DPA,898,0.24944444444444444,48.553333333333335
DPA,899,0.24972222222222223,48.553333333333335
DPA,900,0.25,48.553333333333335
DPA,901,0.25027777777777777,48.553333333333335
DPA,902,0.25055555555555553,48.553333333333335
DPA,903,0.25083333333333335,48.535000000000004
DPA,904,0.2511111111111111,48.535000000000004
DPA,905,0.2513888888888889,48.582777777777785
DPA,906,0.25166666666666665,48.582777777777785
DPA,907,0.25194444444444447,48.582777777777785
DPA,908,0.25222222222222224,48.638333333333335
DPA,909,0.2525,48.638333333333335
DPA,910,0.25277777777777777,48.638333333333335
DPA,911,0.25305555555555553,48.638333333333335
DPA,912,0.25333333333333335,48.638333333333335
DPA,913,0.2536111111111111,48.68277777777779
DPA,914,0.2538888888888889,48.68277777777779
DPA,915,0.25416666666666665,48.73833333333334
DPA,916,0.2544444444444444,48.793888888888894
DPA,917,0.25472222222222224,48.76055555555556
DPA,918,0.255,48.76055555555556
DPA,919,0.25527777777777777,48.77166666666667
DPA,920,0.25555555555555554,48.77166666666667
DPA,921,0.25583333333333336,48.827222222222225
DPA,922,0.2561111111111111,48.84555555555556
DPA,923,0.2563888888888889,48.84166666666667
DPA,924,0.25666666666666665,48.897222222222226
DPA,925,0.2569444444444444,48.897222222222226
DPA,926,0.25722222222222224,48.84166666666667
DPA,927,0.2575,48.84166666666667
DPA,928,0.2577777777777778,48.84166666666667
DPA,929,0.25805555555555554,48.897222222222226
DPA,930,0.25833333333333336,48.897222222222226
DPA,931,0.2586111111111111,48.897222222222226
DPA,932,0.2588888888888889,48.897222222222226
DPA,933,0.25916666666666666,48.897222222222226
DPA,934,0.2594444444444444,48.897222222222226
DPA,935,0.25972222222222224,48.897222222222226
DPA,936,0.26,48.95277777777778
DPA,937,0.2602777777777778,48.95277777777778
DPA,938,0.26055555555555554,48.97111111111112
DPA,939,0.2608333333333333,48.915555555555564
DPA,940,0.2611111111111111,48.915555555555564
DPA,941,0.2613888888888889,48.86000000000001
DPA,942,0.26166666666666666,48.87833333333334
DPA,943,0.2619444444444444,48.896666666666675
DPA,944,0.26222222222222225,48.896666666666675
DPA,945,0.2625,48.896666666666675
DPA,946,0.2627777777777778,48.896666666666675
DPA,947,0.26305555555555554,48.896666666666675
DPA,948,0.2633333333333333,48.896666666666675
DPA,949,0.26361111111111113,48.908333333333346
DPA,950,0.2638888888888889,48.963888888888896
DPA,951,0.26416666666666666,48.940000000000005
DPA,952,0.2644444444444444,48.92611111111112
DPA,953,0.26472222222222225,48.963333333333345
DPA,954,0.265,48.963333333333345
DPA,955,0.2652777777777778,48.97111111111112
DPA,956,0.26555555555555554,48.97111111111112
DPA,957,0.2658333333333333,48.97111111111112
DPA,958,0.26611111111111113,48.927777777777784
DPA,959,0.2663888888888889,48.927777777777784
DPA,960,0.26666666666666666,48.98333333333334
DPA,961,0.26694444444444443,48.98333333333334
DPA,962,0.26722222222222225,49.0388888888889
DPA,963,0.2675,49.0388888888889
DPA,964,0.2677777777777778,49.0388888888889
DPA,965,0.26805555555555555,49.0388888888889
DPA,966,0.2683333333333333,49.0388888888889
DPA,967,0.26861111111111113,49.0388888888889
DPA,968,0.2688888888888889,49.09444444444445
DPA,969,0.26916666666666667,49.09444444444445
DPA,970,0.26944444444444443,49.106666666666676
DPA,971,0.2697222222222222,49.106666666666676
DPA,972,0.27,49.106666666666676
DPA,973,0.2702777777777778,49.106666666666676
DPA,974,0.27055555555555555,49.106666666666676
DPA,975,0.2708333333333333,49.106666666666676
DPA,976,0.27111111111111114,49.106666666666676
DPA,977,0.2713888888888889,49.106666666666676
DPA,978,0.27166666666666667,49.162222222222226
DPA,979,0.27194444444444443,49.190000000000005
DPA,980,0.2722222222222222,49.190000000000005
DPA,981,0.2725,49.190000000000005
DPA,982,0.2727777777777778,49.24555555555556
DPA,983,0.27305555555555555,49.20833333333334
DPA,984,0.2733333333333333,49.20833333333334
DPA,985,0.27361111111111114,49.20833333333334
DPA,986,0.2738888888888889,49.20833333333334
DPA,987,0.27416666666666667,49.20833333333334
DPA,988,0.27444444444444444,49.20833333333334
DPA,989,0.2747222222222222,49.20833333333334
DPA,990,0.275,49.26388888888889
DPA,991,0.2752777777777778,49.26388888888889
DPA,992,0.27555555555555555,49.26388888888889
DPA,993,0.2758333333333333,49.305555555555564
DPA,994,0.2761111111111111,49.25666666666667
DPA,995,0.2763888888888889,49.31222222222223
DPA,996,0.27666666666666667,49.31222222222223
DPA,997,0.27694444444444444,49.31222222222223
DPA,998,0.2772222222222222,49.31222222222223
DPA,999,0.2775,49.27277777777779
DPA,1000,0.2777777777777778,49.32833333333334
DPA,1001,0.27805555555555556,49.283888888888896
DPA,1002,0.2783333333333333,49.283888888888896
DPA,1003,0.2786111111111111,49.283888888888896
DPA,1004,0.2788888888888889,49.283888888888896
DPA,1005,0.2791666666666667,49.283888888888896
DPA,1006,0.27944444444444444,49.28611111111112
DPA,1007,0.2797222222222222,49.28611111111112
DPA,1008,0.28,49.341666666666676
DPA,1009,0.2802777777777778,49.341666666666676
DPA,1010,0.28055555555555556,49.341666666666676
DPA,1011,0.2808333333333333,49.30444444444445
DPA,1012,0.2811111111111111,49.30444444444445
DPA,1013,0.2813888888888889,49.2488888888889
DPA,1014,0.2816666666666667,49.2488888888889
DPA,1015,0.28194444444444444,49.28611111111112
DPA,1016,0.2822222222222222,49.28611111111112
DPA,1017,0.2825,49.28611111111112
DPA,1018,0.2827777777777778,49.28833333333334
DPA,1019,0.28305555555555556,49.28833333333334
DPA,1020,0.2833333333333333,49.24666666666667
DPA,1021,0.2836111111111111,49.24666666666667
DPA,1022,0.2838888888888889,49.24666666666667
DPA,1023,0.2841666666666667,49.24666666666667
DPA,1024,0.28444444444444444,49.24666666666667
DPA,1025,0.2847222222222222,49.24666666666667
DPA,1026,0.285,49.30222222222223
DPA,1027,0.2852777777777778,49.30222222222223
DPA,1028,0.28555555555555556,49.30222222222223
DPA,1029,0.28583333333333333,49.30222222222223
DPA,1030,0.2861111111111111,49.30222222222223
DPA,1031,0.2863888888888889,49.30222222222223
DPA,1032,0.2866666666666667,49.30222222222223
DPA,1033,0.28694444444444445,49.30222222222223
DPA,1034,0.2872222222222222,49.30222222222223
DPA,1035,0.2875,49.296666666666674
DPA,1036,0.2877777777777778,49.35222222222223
DPA,1037,0.28805555555555556,49.31055555555556
DPA,1038,0.28833333333333333,49.31055555555556
DPA,1039,0.2886111111111111,49.31055555555556
DPA,1040,0.28888888888888886,49.36611111111112
DPA,1041,0.2891666666666667,49.36611111111112
DPA,1042,0.28944444444444445,49.36611111111112
DPA,1043,0.2897222222222222,49.324444444444445
DPA,1044,0.29,49.324444444444445
DPA,1045,0.2902777777777778,49.36166666666667
DPA,1046,0.29055555555555557,49.41722222222223
DPA,1047,0.29083333333333333,49.43333333333334
DPA,1048,0.2911111111111111,49.43333333333334
DPA,1049,0.29138888888888886,49.43333333333334
DPA,1050,0.2916666666666667,49.43333333333334
DPA,1051,0.29194444444444445,49.43333333333334
DPA,1052,0.2922222222222222,49.393888888888895
DPA,1053,0.2925,49.393888888888895
DPA,1054,0.2927777777777778,49.393888888888895
DPA,1055,0.29305555555555557,49.393888888888895
DPA,1056,0.29333333333333333,49.393888888888895
DPA,1057,0.2936111111111111,49.403333333333336
DPA,1058,0.29388888888888887,49.403333333333336
DPA,1059,0.2941666666666667,49.403333333333336
DPA,1060,0.29444444444444445,49.403333333333336
DPA,1061,0.2947222222222222,49.45888888888889
DPA,1062,0.295,49.45888888888889
DPA,1063,0.29527777777777775,49.41722222222222
DPA,1064,0.29555555555555557,49.452777777777776
DPA,1065,0.29583333333333334,49.452777777777776
DPA,1066,0.2961111111111111,49.452777777777776
DPA,1067,0.29638888888888887,49.452777777777776
DPA,1068,0.2966666666666667,49.452777777777776
DPA,1069,0.29694444444444446,49.48444444444445
DPA,1070,0.2972222222222222,49.51222222222222
DPA,1071,0.2975,49.51222222222222
DPA,1072,0.29777777777777775,49.51222222222222
DPA,1073,0.2980555555555556,49.51222222222222
DPA,1074,0.29833333333333334,49.51222222222222
DPA,1075,0.2986111111111111,49.51222222222222
DPA,1076,0.29888888888888887,49.56777777777778
DPA,1077,0.2991666666666667,49.56777777777778
DPA,1078,0.29944444444444446,49.623333333333335
DPA,1079,0.2997222222222222,49.67888888888889
DPA,1080,0.3,49.67888888888889
DPA,1081,0.30027777777777775,49.67888888888889
DPA,1082,0.3005555555555556,49.73444444444445
DPA,1083,0.30083333333333334,49.73444444444445
DPA,1084,0.3011111111111111,49.74833333333334
DPA,1085,0.3013888888888889,49.80388888888889
DPA,1086,0.3016666666666667,49.81333333333333
DPA,1087,0.30194444444444446,49.81333333333333
DPA,1088,0.3022222222222222,49.81333333333333
DPA,1089,0.3025,49.86888888888889
DPA,1090,0.30277777777777776,49.86888888888889
DPA,1091,0.3030555555555556,49.86888888888889
DPA,1092,0.30333333333333334,49.891111111111115
DPA,1093,0.3036111111111111,49.891111111111115
DPA,1094,0.3038888888888889,49.846666666666664
DPA,1095,0.30416666666666664,49.846666666666664
DPA,1096,0.30444444444444446,49.846666666666664
DPA,1097,0.3047222222222222,49.88388888888889
DPA,1098,0.305,49.88388888888889
DPA,1099,0.30527777777777776,49.88388888888889
DPA,1100,0.3055555555555556,49.93944444444445
DPA,1101,0.30583333333333335,49.93944444444445
DPA,1102,0.3061111111111111,49.93333333333334
DPA,1103,0.3063888888888889,49.93333333333334
DPA,1104,0.30666666666666664,49.94277777777778
DPA,1105,0.30694444444444446,49.94277777777778
DPA,1106,0.30722222222222223,49.94277777777778
DPA,1107,0.3075,49.909444444444446
DPA,1108,0.30777777777777776,49.964999999999996
DPA,1109,0.3080555555555556,50.02055555555556
DPA,1110,0.30833333333333335,50.04833333333334
DPA,1111,0.3086111111111111,50.10388888888889
DPA,1112,0.3088888888888889,50.10388888888889
DPA,1113,0.30916666666666665,50.10388888888889
DPA,1114,0.30944444444444447,50.10388888888889
DPA,1115,0.30972222222222223,50.09777777777777
DPA,1116,0.31,50.09777777777777
DPA,1117,0.31027777777777776,50.09777777777777
DPA,1118,0.31055555555555553,50.09777777777777
DPA,1119,0.31083333333333335,50.05333333333333
DPA,1120,0.3111111111111111,50.05333333333333
DPA,1121,0.3113888888888889,50.05333333333333
DPA,1122,0.31166666666666665,50.05333333333333
DPA,1123,0.31194444444444447,50.10888888888889
DPA,1124,0.31222222222222223,50.10888888888889
DPA,1125,0.3125,50.16444444444444
DPA,1126,0.31277777777777777,50.16444444444444
DPA,1127,0.31305555555555553,50.22
DPA,1128,0.31333333333333335,50.22
DPA,1129,0.3136111111111111,50.22
DPA,1130,0.3138888888888889,50.18055555555555
DPA,1131,0.31416666666666665,50.18055555555555
DPA,1132,0.31444444444444447,50.18055555555555
DPA,1133,0.31472222222222224,50.18055555555555
DPA,1134,0.315,50.18055555555555
DPA,1135,0.31527777777777777,50.19
DPA,1136,0.31555555555555553,50.193888888888885
DPA,1137,0.31583333333333335,50.243333333333325
DPA,1138,0.3161111111111111,50.212222222222216
DPA,1139,0.3163888888888889,50.212222222222216
DPA,1140,0.31666666666666665,50.24277777777777
DPA,1141,0.3169444444444444,50.24277777777777
DPA,1142,0.31722222222222224,50.29833333333333
DPA,1143,0.3175,50.29833333333333
DPA,1144,0.31777777777777777,50.30055555555555
DPA,1145,0.31805555555555554,50.30055555555555
DPA,1146,0.31833333333333336,50.30055555555555
DPA,1147,0.3186111111111111,50.35611111111111
DPA,1148,0.3188888888888889,50.41166666666667
DPA,1149,0.31916666666666665,50.46722222222222
DPA,1150,0.3194444444444444,50.46722222222222
DPA,1151,0.31972222222222224,50.46722222222222
DPA,1152,0.32,50.46722222222222
DPA,1153,0.3202777777777778,50.46722222222222
DPA,1154,0.32055555555555554,50.46722222222222
DPA,1155,0.32083333333333336,50.46722222222222
DPA,1156,0.3211111111111111,50.46722222222222
DPA,1157,0.3213888888888889,50.46722222222222
DPA,1158,0.32166666666666666,50.46722222222222
DPA,1159,0.3219444444444444,50.449999999999996
DPA,1160,0.32222222222222224,50.449999999999996
DPA,1161,0.3225,50.45499999999999
DPA,1162,0.3227777777777778,50.45499999999999
DPA,1163,0.32305555555555554,50.45499999999999
DPA,1164,0.3233333333333333,50.45499999999999
DPA,1165,0.3236111111111111,50.413333333333334
DPA,1166,0.3238888888888889,50.413333333333334
DPA,1167,0.32416666666666666,50.413333333333334
DPA,1168,0.3244444444444444,50.413333333333334
DPA,1169,0.32472222222222225,50.42555555555555
DPA,1170,0.325,50.42555555555555
DPA,1171,0.3252777777777778,50.42555555555555
DPA,1172,0.32555555555555554,50.42555555555555
DPA,1173,0.3258333333333333,50.42555555555555
DPA,1174,0.32611111111111113,50.42555555555555
DPA,1175,0.3263888888888889,50.42555555555555
DPA,1176,0.32666666666666666,50.48111111111111
DPA,1177,0.3269444444444444,50.49222222222222
DPA,1178,0.32722222222222225,50.49222222222222
DPA,1179,0.3275,50.50333333333332
DPA,1180,0.3277777777777778,50.50333333333332
DPA,1181,0.32805555555555554,50.5311111111111
DPA,1182,0.3283333333333333,50.5311111111111
DPA,1183,0.32861111111111113,50.58666666666666
DPA,1184,0.3288888888888889,50.58666666666666
DPA,1185,0.32916666666666666,50.58666666666666
DPA,1186,0.32944444444444443,50.544999999999995
DPA,1187,0.32972222222222225,50.544999999999995
DPA,1188,0.33,50.505555555555546
DPA,1189,0.3302777777777778,50.505555555555546
DPA,1190,0.33055555555555555,50.505555555555546
DPA,1191,0.3308333333333333,50.46388888888889
DPA,1192,0.33111111111111113,50.507777777777775
DPA,1193,0.3313888888888889,50.507777777777775
DPA,1194,0.33166666666666667,50.507777777777775
DPA,1195,0.33194444444444443,50.507777777777775
DPA,1196,0.3322222222222222,50.563333333333325
DPA,1197,0.3325,50.563333333333325
DPA,1198,0.3327777777777778,50.563333333333325
DPA,1199,0.33305555555555555,50.59111111111111
DPA,1200,0.3333333333333333,50.59111111111111
DPA,1201,0.33361111111111114,50.59111111111111
DPA,1202,0.3338888888888889,50.64666666666666
DPA,1203,0.33416666666666667,50.64666666666666
DPA,1204,0.33444444444444443,50.64666666666666
DPA,1205,0.3347222222222222,50.64666666666666
DPA,1206,0.335,50.70222222222222
DPA,1207,0.3352777777777778,50.70222222222222
DPA,1208,0.33555555555555555,50.75777777777777
DPA,1209,0.3358333333333333,50.75777777777777
DPA,1210,0.33611111111111114,50.74833333333333
DPA,1211,0.3363888888888889,50.74833333333333
DPA,1212,0.33666666666666667,50.74833333333333
DPA,1213,0.33694444444444444,50.74833333333333
DPA,1214,0.3372222222222222,50.706666666666656
DPA,1215,0.3375,50.706666666666656
DPA,1216,0.3377777777777778,50.706666666666656
DPA,1217,0.33805555555555555,50.706666666666656
DPA,1218,0.3383333333333333,50.76222222222222
DPA,1219,0.3386111111111111,50.76222222222222
DPA,1220,0.3388888888888889,50.76222222222222
DPA,1221,0.33916666666666667,50.76222222222222
DPA,1222,0.33944444444444444,50.76222222222222
DPA,1223,0.3397222222222222,50.79944444444444
DPA,1224,0.34,50.79944444444444
DPA,1225,0.3402777777777778,50.79944444444444
DPA,1226,0.34055555555555556,50.78833333333333
DPA,1227,0.3408333333333333,50.78833333333333
DPA,1228,0.3411111111111111,50.78833333333333
DPA,1229,0.3413888888888889,50.84388888888889
DPA,1230,0.3416666666666667,50.84388888888889
DPA,1231,0.34194444444444444,50.84388888888889
DPA,1232,0.3422222222222222,50.84388888888889
DPA,1233,0.3425,50.80444444444444
DPA,1234,0.3427777777777778,50.80444444444444
DPA,1235,0.34305555555555556,50.85999999999999
DPA,1236,0.3433333333333333,50.85999999999999
DPA,1237,0.3436111111111111,50.85999999999999
DPA,1238,0.3438888888888889,50.88777777777778
DPA,1239,0.3441666666666667,50.94333333333333
DPA,1240,0.34444444444444444,50.998888888888885
DPA,1241,0.3447222222222222,50.998888888888885
DPA,1242,0.345,50.998888888888885
DPA,1243,0.3452777777777778,50.998888888888885
DPA,1244,0.34555555555555556,50.95722222222222
DPA,1245,0.3458333333333333,50.95722222222222
DPA,1246,0.3461111111111111,50.95722222222222
DPA,1247,0.3463888888888889,51.01277777777777
DPA,1248,0.3466666666666667,51.0461111111111
DPA,1249,0.34694444444444444,51.00666666666665
DPA,1250,0.3472222222222222,51.00666666666665
DPA,1251,0.3475,50.98888888888888
DPA,1252,0.3477777777777778,50.94722222222221
DPA,1253,0.34805555555555556,50.94722222222221
DPA,1254,0.34833333333333333,50.907777777777774
DPA,1255,0.3486111111111111,50.85222222222221
DPA,1256,0.3488888888888889,50.85222222222221
DPA,1257,0.3491666666666667,50.907777777777774
DPA,1258,0.34944444444444445,50.907777777777774
DPA,1259,0.3497222222222222,50.93
DPA,1260,0.35,50.93
DPA,1261,0.3502777777777778,50.96166666666666
DPA,1262,0.35055555555555556,50.91999999999999
DPA,1263,0.35083333333333333,50.91222222222221
DPA,1264,0.3511111111111111,50.96777777777777
DPA,1265,0.35138888888888886,50.97166666666666
DPA,1266,0.3516666666666667,50.97166666666666
DPA,1267,0.35194444444444445,50.97166666666666
DPA,1268,0.3522222222222222,50.97166666666666
DPA,1269,0.3525,51.027222222222214
DPA,1270,0.3527777777777778,51.027222222222214
DPA,1271,0.35305555555555557,51.027222222222214
DPA,1272,0.35333333333333333,51.035
DPA,1273,0.3536111111111111,51.035
DPA,1274,0.35388888888888886,51.04444444444444
DPA,1275,0.3541666666666667,51.04444444444444
DPA,1276,0.35444444444444445,51.04444444444444
DPA,1277,0.3547222222222222,51.04444444444444
DPA,1278,0.355,51.04444444444444
DPA,1279,0.3552777777777778,51.04444444444444
DPA,1280,0.35555555555555557,51.04444444444444
DPA,1281,0.35583333333333333,51.04444444444444
DPA,1282,0.3561111111111111,51.09999999999999
DPA,1283,0.35638888888888887,51.09999999999999
DPA,1284,0.3566666666666667,51.09999999999999
DPA,1285,0.35694444444444445,51.12388888888888
DPA,1286,0.3572222222222222,51.12388888888888
DPA,1287,0.3575,51.12388888888888
DPA,1288,0.35777777777777775,51.10555555555555
DPA,1289,0.35805555555555557,51.161111111111104
DPA,1290,0.35833333333333334,51.161111111111104
DPA,1291,0.3586111111111111,51.161111111111104
DPA,1292,0.35888888888888887,51.161111111111104
DPA,1293,0.3591666666666667,51.19833333333332
DPA,1294,0.35944444444444446,51.186111111111096
DPA,1295,0.3597222222222222,51.141666666666666
DPA,1296,0.36,51.141666666666666
DPA,1297,0.36027777777777775,51.141666666666666
DPA,1298,0.3605555555555556,51.197222222222216
DPA,1299,0.36083333333333334,51.20555555555555
DPA,1300,0.3611111111111111,51.16222222222221
DPA,1301,0.36138888888888887,51.16222222222221
DPA,1302,0.3616666666666667,51.16222222222221
DPA,1303,0.36194444444444446,51.16222222222221
DPA,1304,0.3622222222222222,51.16222222222221
DPA,1305,0.3625,51.16222222222221
DPA,1306,0.36277777777777775,51.12055555555555
DPA,1307,0.3630555555555556,51.12055555555555
DPA,1308,0.36333333333333334,51.12055555555555
DPA,1309,0.3636111111111111,51.094444444444434
DPA,1310,0.3638888888888889,51.11666666666665
DPA,1311,0.3641666666666667,51.15388888888888
DPA,1312,0.36444444444444446,51.15388888888888
DPA,1313,0.3647222222222222,51.20944444444444
DPA,1314,0.365,51.20944444444444
DPA,1315,0.36527777777777776,51.20944444444444
DPA,1316,0.3655555555555556,51.25388888888887
DPA,1317,0.36583333333333334,51.25388888888887
DPA,1318,0.3661111111111111,51.25388888888887
DPA,1319,0.3663888888888889,51.298333333333325
DPA,1320,0.36666666666666664,51.28444444444443
DPA,1321,0.36694444444444446,51.33999999999999
DPA,1322,0.3672222222222222,51.33999999999999
DPA,1323,0.3675,51.33999999999999
DPA,1324,0.36777777777777776,51.33999999999999
DPA,1325,0.3680555555555556,51.33999999999999
DPA,1326,0.36833333333333335,51.33999999999999
DPA,1327,0.3686111111111111,51.33999999999999
DPA,1328,0.3688888888888889,51.33999999999999
DPA,1329,0.36916666666666664,51.3511111111111
DPA,1330,0.36944444444444446,51.3511111111111
DPA,1331,0.36972222222222223,51.3511111111111
DPA,1332,0.37,51.3511111111111
DPA,1333,0.37027777777777776,51.3511111111111
DPA,1334,0.3705555555555556,51.3511111111111
DPA,1335,0.37083333333333335,51.3511111111111
DPA,1336,0.3711111111111111,51.331111111111106
DPA,1337,0.3713888888888889,51.34833333333333
DPA,1338,0.37166666666666665,51.34833333333333
DPA,1339,0.37194444444444447,51.34833333333333
DPA,1340,0.37222222222222223,51.30888888888888
DPA,1341,0.3725,51.30888888888888
DPA,1342,0.37277777777777776,51.30888888888888
DPA,1343,0.37305555555555553,51.30888888888888
DPA,1344,0.37333333333333335,51.32722222222221
DPA,1345,0.3736111111111111,51.38277777777777
DPA,1346,0.3738888888888889,51.38277777777777
DPA,1347,0.37416666666666665,51.43833333333332
DPA,1348,0.37444444444444447,51.49388888888888
DPA,1349,0.37472222222222223,51.49388888888888
DPA,1350,0.375,51.49388888888888
DPA,1351,0.37527777777777777,51.49388888888888
DPA,1352,0.37555555555555553,51.49388888888888
DPA,1353,0.37583333333333335,51.49388888888888
DPA,1354,0.3761111111111111,51.49388888888888
DPA,1355,0.3763888888888889,51.49388888888888
DPA,1356,0.37666666666666665,51.49388888888888
DPA,1357,0.37694444444444447,51.54944444444444
DPA,1358,0.37722222222222224,51.54944444444444
DPA,1359,0.3775,51.577222222222204
DPA,1360,0.37777777777777777,51.577222222222204
DPA,1361,0.37805555555555553,51.521666666666654
DPA,1362,0.37833333333333335,51.521666666666654
DPA,1363,0.3786111111111111,51.521666666666654
DPA,1364,0.3788888888888889,51.521666666666654
DPA,1365,0.37916666666666665,51.520555555555546
DPA,1366,0.3794444444444444,51.520555555555546
DPA,1367,0.37972222222222224,51.520555555555546
DPA,1368,0.38,51.520555555555546
DPA,1369,0.38027777777777777,51.520555555555546
DPA,1370,0.38055555555555554,51.55388888888888
DPA,1371,0.38083333333333336,51.5461111111111
DPA,1372,0.3811111111111111,51.5461111111111
DPA,1373,0.3813888888888889,51.5461111111111
DPA,1374,0.38166666666666665,51.5461111111111
DPA,1375,0.3819444444444444,51.58333333333333
DPA,1376,0.38222222222222224,51.58333333333333
DPA,1377,0.3825,51.63888888888888
DPA,1378,0.3827777777777778,51.63888888888888
DPA,1379,0.38305555555555554,51.69444444444443
DPA,1380,0.38333333333333336,51.73888888888888
DPA,1381,0.3836111111111111,51.73888888888888
DPA,1382,0.3838888888888889,51.73888888888888
DPA,1383,0.38416666666666666,51.73888888888888
DPA,1384,0.3844444444444444,51.75277777777777
DPA,1385,0.38472222222222224,51.72499999999999
DPA,1386,0.385,51.72499999999999
DPA,1387,0.3852777777777778,51.66944444444444
DPA,1388,0.38555555555555554,51.72499999999999
DPA,1389,0.3858333333333333,51.68777777777777
DPA,1390,0.3861111111111111,51.70999999999999
DPA,1391,0.3863888888888889,51.765555555555544
DPA,1392,0.38666666666666666,51.78777777777776
DPA,1393,0.3869444444444444,51.843333333333334
DPA,1394,0.38722222222222225,51.88055555555555
DPA,1395,0.3875,51.88055555555555
DPA,1396,0.3877777777777778,51.9361111111111
DPA,1397,0.38805555555555554,51.9361111111111
DPA,1398,0.3883333333333333,51.97333333333333
DPA,1399,0.38861111111111113,52.02888888888888
DPA,1400,0.3888888888888889,52.02888888888888
DPA,1401,0.38916666666666666,52.02888888888888
DPA,1402,0.3894444444444444,52.0661111111111
DPA,1403,0.38972222222222225,52.0661111111111
DPA,1404,0.39,52.07555555555554
DPA,1405,0.3902777777777778,52.07555555555554
DPA,1406,0.39055555555555554,52.07555555555554
DPA,1407,0.3908333333333333,52.103333333333325
DPA,1408,0.39111111111111113,52.103333333333325
DPA,1409,0.3913888888888889,52.103333333333325
DPA,1410,0.39166666666666666,52.04777777777777
DPA,1411,0.39194444444444443,52.04777777777777
DPA,1412,0.39222222222222225,52.04777777777777
DPA,1413,0.3925,52.04777777777777
DPA,1414,0.3927777777777778,52.04777777777777
DPA,1415,0.39305555555555555,52.04777777777777
DPA,1416,0.3933333333333333,52.04777777777777
DPA,1417,0.39361111111111113,52.00333333333332
DPA,1418,0.3938888888888889,52.011666666666656
DPA,1419,0.39416666666666667,52.011666666666656
DPA,1420,0.39444444444444443,52.011666666666656
DPA,1421,0.3947222222222222,52.011666666666656
DPA,1422,0.395,52.011666666666656
DPA,1423,0.3952777777777778,52.011666666666656
DPA,1424,0.39555555555555555,52.011666666666656
DPA,1425,0.3958333333333333,52.011666666666656
DPA,1426,0.39611111111111114,52.011666666666656
DPA,1427,0.3963888888888889,52.02277777777776
DPA,1428,0.39666666666666667,52.02277777777776
DPA,1429,0.39694444444444443,52.02277777777776
DPA,1430,0.3972222222222222,52.02277777777776
DPA,1431,0.3975,52.02277777777776
DPA,1432,0.3977777777777778,52.02277777777776
DPA,1433,0.39805555555555555,52.02277777777776
DPA,1434,0.3983333333333333,52.07833333333332
DPA,1435,0.39861111111111114,52.07833333333332
DPA,1436,0.3988888888888889,52.07833333333332
DPA,1437,0.39916666666666667,52.07833333333332
DPA,1438,0.39944444444444444,52.092222222222205
DPA,1439,0.3997222222222222,52.092222222222205
DPA,1440,0.4,52.092222222222205
DPA,1441,0.4002777777777778,52.092222222222205
DPA,1442,0.40055555555555555,52.092222222222205
DPA,1443,0.4008333333333333,52.092222222222205
DPA,1444,0.4011111111111111,52.14777777777777
DPA,1445,0.4013888888888889,52.14777777777777
DPA,1446,0.40166666666666667,52.14777777777777
DPA,1447,0.40194444444444444,52.14777777777777
DPA,1448,0.4022222222222222,52.14777777777777
DPA,1449,0.4025,52.14777777777777
DPA,1450,0.4027777777777778,52.14777777777777
DPA,1451,0.40305555555555556,52.14777777777777
DPA,1452,0.4033333333333333,52.14777777777777
DPA,1453,0.4036111111111111,52.14777777777777
DPA,1454,0.4038888888888889,52.184999999999995
DPA,1455,0.4041666666666667,52.240555555555545
DPA,1456,0.40444444444444444,52.240555555555545
DPA,1457,0.4047222222222222,52.23555555555555
DPA,1458,0.405,52.23555555555555
DPA,1459,0.4052777777777778,52.23555555555555
DPA,1460,0.40555555555555556,52.23555555555555
DPA,1461,0.4058333333333333,52.2911111111111
DPA,1462,0.4061111111111111,52.2911111111111
DPA,1463,0.4063888888888889,52.2911111111111
DPA,1464,0.4066666666666667,52.34666666666665
DPA,1465,0.40694444444444444,52.36499999999998
DPA,1466,0.4072222222222222,52.36499999999998
DPA,1467,0.4075,52.36499999999998
DPA,1468,0.4077777777777778,52.36499999999998
DPA,1469,0.40805555555555556,52.36499999999998
DPA,1470,0.4083333333333333,52.40944444444443
DPA,1471,0.4086111111111111,52.36999999999998
DPA,1472,0.4088888888888889,52.42555555555555
DPA,1473,0.4091666666666667,52.42555555555555
DPA,1474,0.40944444444444444,52.42555555555555
DPA,1475,0.4097222222222222,52.42555555555555
DPA,1476,0.41,52.42555555555555
DPA,1477,0.4102777777777778,52.42555555555555
DPA,1478,0.41055555555555556,52.42555555555555
DPA,1479,0.41083333333333333,52.42555555555555
DPA,1480,0.4111111111111111,52.44388888888888
DPA,1481,0.4113888888888889,52.44388888888888
DPA,1482,0.4116666666666667,52.44388888888888
DPA,1483,0.41194444444444445,52.41277777777776
DPA,1484,0.4122222222222222,52.37333333333331
DPA,1485,0.4125,52.37333333333331
DPA,1486,0.4127777777777778,52.37333333333331
DPA,1487,0.41305555555555556,52.37333333333331
DPA,1488,0.41333333333333333,52.331666666666656
DPA,1489,0.4136111111111111,52.331666666666656
DPA,1490,0.41388888888888886,52.387222222222206
DPA,1491,0.4141666666666667,52.387222222222206
DPA,1492,0.41444444444444445,52.44277777777777
DPA,1493,0.4147222222222222,52.44277777777777
DPA,1494,0.415,52.44277777777777
DPA,1495,0.4152777777777778,52.49833333333333
DPA,1496,0.41555555555555557,52.55388888888888
DPA,1497,0.41583333333333333,52.55388888888888
DPA,1498,0.4161111111111111,52.60944444444443
DPA,1499,0.41638888888888886,52.60944444444443
DPA,1500,0.4166666666666667,52.60944444444443
DPA,1501,0.41694444444444445,52.646666666666654
DPA,1502,0.4172222222222222,52.66888888888887
DPA,1503,0.4175,52.66888888888887
DPA,1504,0.4177777777777778,52.66888888888887
DPA,1505,0.41805555555555557,52.66888888888887
DPA,1506,0.41833333333333333,52.66888888888887
DPA,1507,0.4186111111111111,52.6911111111111
DPA,1508,0.41888888888888887,52.6911111111111
DPA,1509,0.4191666666666667,52.746666666666655
DPA,1510,0.41944444444444445,52.746666666666655
DPA,1511,0.4197222222222222,52.746666666666655
DPA,1512,0.42,52.746666666666655
DPA,1513,0.42027777777777775,52.746666666666655
DPA,1514,0.42055555555555557,52.746666666666655
DPA,1515,0.42083333333333334,52.746666666666655
DPA,1516,0.4211111111111111,52.746666666666655
DPA,1517,0.42138888888888887,52.70499999999999
DPA,1518,0.4216666666666667,52.70499999999999
DPA,1519,0.42194444444444446,52.692222222222206
DPA,1520,0.4222222222222222,52.692222222222206
DPA,1521,0.4225,52.692222222222206
DPA,1522,0.42277777777777775,52.65277777777777
DPA,1523,0.4230555555555556,52.65277777777777
DPA,1524,0.42333333333333334,52.65277777777777
DPA,1525,0.4236111111111111,52.65277777777777
DPA,1526,0.42388888888888887,52.65277777777777
DPA,1527,0.4241666666666667,52.65277777777777
DPA,1528,0.42444444444444446,52.65277777777777
DPA,1529,0.4247222222222222,52.65277777777777
DPA,1530,0.425,52.67499999999998
DPA,1531,0.42527777777777775,52.67499999999998
DPA,1532,0.4255555555555556,52.70277777777777
DPA,1533,0.42583333333333334,52.75833333333332
DPA,1534,0.4261111111111111,52.75833333333332
DPA,1535,0.4263888888888889,52.75833333333332
DPA,1536,0.4266666666666667,52.75833333333332
DPA,1537,0.42694444444444446,52.765555555555544
DPA,1538,0.4272222222222222,52.765555555555544
DPA,1539,0.4275,52.765555555555544
DPA,1540,0.42777777777777776,52.765555555555544
DPA,1541,0.4280555555555556,52.821111111111094
DPA,1542,0.42833333333333334,52.821111111111094
DPA,1543,0.4286111111111111,52.821111111111094
DPA,1544,0.4288888888888889,52.821111111111094
DPA,1545,0.42916666666666664,52.87666666666666
DPA,1546,0.42944444444444446,52.913888888888884
DPA,1547,0.4297222222222222,52.913888888888884
DPA,1548,0.43,52.913888888888884
DPA,1549,0.43027777777777776,52.913888888888884
DPA,1550,0.4305555555555556,52.913888888888884
DPA,1551,0.43083333333333335,52.872222222222206
DPA,1552,0.4311111111111111,52.872222222222206
DPA,1553,0.4313888888888889,52.872222222222206
DPA,1554,0.43166666666666664,52.92777777777776
DPA,1555,0.43194444444444446,52.92777777777776
DPA,1556,0.43222222222222223,52.92777777777776
DPA,1557,0.4325,52.92777777777776
DPA,1558,0.43277777777777776,52.92777777777776
DPA,1559,0.4330555555555556,52.944999999999986
DPA,1560,0.43333333333333335,53.000555555555536
DPA,1561,0.4336111111111111,53.01055555555554
DPA,1562,0.4338888888888889,53.02888888888888
DPA,1563,0.43416666666666665,53.02888888888888
DPA,1564,0.43444444444444447,53.02888888888888
DPA,1565,0.43472222222222223,53.084444444444436
DPA,1566,0.435,53.139999999999986
DPA,1567,0.43527777777777776,53.139999999999986
DPA,1568,0.43555555555555553,53.19555555555554
DPA,1569,0.43583333333333335,53.19555555555554
DPA,1570,0.4361111111111111,53.19555555555554
DPA,1571,0.4363888888888889,53.19555555555554
DPA,1572,0.43666666666666665,53.19555555555554
DPA,1573,0.43694444444444447,53.19555555555554
DPA,1574,0.43722222222222223,53.25111111111109
DPA,1575,0.4375,53.25111111111109
DPA,1576,0.43777777777777777,53.30666666666666
DPA,1577,0.43805555555555553,53.30666666666666
DPA,1578,0.43833333333333335,53.30666666666666
DPA,1579,0.4386111111111111,53.31777777777776
DPA,1580,0.4388888888888889,53.31777777777776
DPA,1581,0.43916666666666665,53.31777777777776
DPA,1582,0.43944444444444447,53.31777777777776
DPA,1583,0.43972222222222224,53.31777777777776
DPA,1584,0.44,53.37333333333332
DPA,1585,0.44027777777777777,53.3811111111111
DPA,1586,0.44055555555555553,53.3811111111111
DPA,1587,0.44083333333333335,53.43666666666665
DPA,1588,0.4411111111111111,53.44055555555555
DPA,1589,0.4413888888888889,53.44055555555555
DPA,1590,0.44166666666666665,53.44055555555555
DPA,1591,0.4419444444444444,53.436111111111096
DPA,1592,0.44222222222222224,53.436111111111096
DPA,1593,0.4425,53.436111111111096
DPA,1594,0.44277777777777777,53.436111111111096
DPA,1595,0.44305555555555554,53.491666666666646
DPA,1596,0.44333333333333336,53.54722222222221
DPA,1597,0.4436111111111111,53.54722222222221
DPA,1598,0.4438888888888889,53.54722222222221
DPA,1599,0.44416666666666665,53.54722222222221
DPA,1600,0.4444444444444444,53.55944444444442
DPA,1601,0.44472222222222224,53.55944444444442
DPA,1602,0.445,53.61499999999999
DPA,1603,0.4452777777777778,53.61499999999999
DPA,1604,0.44555555555555554,53.63944444444443
DPA,1605,0.44583333333333336,53.69499999999998
DPA,1606,0.4461111111111111,53.65333333333332
DPA,1607,0.4463888888888889,53.65333333333332
DPA,1608,0.44666666666666666,53.69055555555554
DPA,1609,0.4469444444444444,53.69055555555554
DPA,1610,0.44722222222222224,53.69055555555554
DPA,1611,0.4475,53.74611111111109
DPA,1612,0.4477777777777778,53.72777777777776
DPA,1613,0.44805555555555554,53.72777777777776
DPA,1614,0.4483333333333333,53.78333333333332
DPA,1615,0.4486111111111111,53.78333333333332
DPA,1616,0.4488888888888889,53.80722222222221
DPA,1617,0.44916666666666666,53.80722222222221
DPA,1618,0.4494444444444444,53.85333333333332
DPA,1619,0.44972222222222225,53.85333333333332
DPA,1620,0.45,53.85333333333332
DPA,1621,0.4502777777777778,53.85333333333332
DPA,1622,0.45055555555555554,53.85333333333332
DPA,1623,0.4508333333333333,53.83944444444443
DPA,1624,0.45111111111111113,53.83944444444443
DPA,1625,0.4513888888888889,53.83944444444443
DPA,1626,0.45166666666666666,53.83944444444443
DPA,1627,0.4519444444444444,53.89499999999998
DPA,1628,0.45222222222222225,53.89499999999998
DPA,1629,0.4525,53.89499999999998
DPA,1630,0.4527777777777778,53.950555555555546
DPA,1631,0.45305555555555554,53.950555555555546
DPA,1632,0.4533333333333333,53.950555555555546
DPA,1633,0.45361111111111113,53.950555555555546
DPA,1634,0.4538888888888889,53.950555555555546
DPA,1635,0.45416666666666666,53.96444444444444
DPA,1636,0.45444444444444443,54.01999999999998
DPA,1637,0.45472222222222225,54.075555555555546
DPA,1638,0.455,54.075555555555546
DPA,1639,0.4552777777777778,54.075555555555546
DPA,1640,0.45555555555555555,54.075555555555546
DPA,1641,0.4558333333333333,54.075555555555546
DPA,1642,0.45611111111111113,54.075555555555546
DPA,1643,0.4563888888888889,54.075555555555546
DPA,1644,0.45666666666666667,54.07722222222221
DPA,1645,0.45694444444444443,54.13277777777776
DPA,1646,0.4572222222222222,54.13277777777776
DPA,1647,0.4575,54.13277777777776
DPA,1648,0.4577777777777778,54.13277777777776
DPA,1649,0.45805555555555555,54.08666666666665
DPA,1650,0.4583333333333333,54.08666666666665
DPA,1651,0.45861111111111114,54.08666666666665
DPA,1652,0.4588888888888889,54.12888888888887
DPA,1653,0.45916666666666667,54.18444444444444
DPA,1654,0.45944444444444443,54.18444444444444
DPA,1655,0.4597222222222222,54.18444444444444
DPA,1656,0.46,54.18444444444444
DPA,1657,0.4602777777777778,54.18444444444444
DPA,1658,0.46055555555555555,54.22888888888887
DPA,1659,0.4608333333333333,54.22888888888887
DPA,1660,0.46111111111111114,54.22888888888887
DPA,1661,0.4613888888888889,54.284444444444425
DPA,1662,0.46166666666666667,54.260555555555534
DPA,1663,0.46194444444444444,54.260555555555534
DPA,1664,0.4622222222222222,54.28277777777777
DPA,1665,0.4625,54.28277777777777
DPA,1666,0.4627777777777778,54.28277777777777
DPA,1667,0.46305555555555555,54.28277777777777
DPA,1668,0.4633333333333333,54.28277777777777
DPA,1669,0.4636111111111111,54.241111111111096
DPA,1670,0.4638888888888889,54.241111111111096
DPA,1671,0.46416666666666667,54.278333333333315
DPA,1672,0.46444444444444444,54.278333333333315
DPA,1673,0.4647222222222222,54.278333333333315
DPA,1674,0.465,54.278333333333315
DPA,1675,0.4652777777777778,54.33388888888887
DPA,1676,0.46555555555555556,54.33388888888887
DPA,1677,0.4658333333333333,54.37111111111109
DPA,1678,0.4661111111111111,54.37111111111109
DPA,1679,0.4663888888888889,54.36722222222221
DPA,1680,0.4666666666666667,54.36722222222221
DPA,1681,0.46694444444444444,54.36722222222221
DPA,1682,0.4672222222222222,54.42277777777777
DPA,1683,0.4675,54.42277777777777
DPA,1684,0.4677777777777778,54.4572222222222
DPA,1685,0.46805555555555556,54.4572222222222
DPA,1686,0.4683333333333333,54.44333333333332
DPA,1687,0.4686111111111111,54.44333333333332
DPA,1688,0.4688888888888889,54.44333333333332
DPA,1689,0.4691666666666667,54.44333333333332
DPA,1690,0.46944444444444444,54.44333333333332
DPA,1691,0.4697222222222222,54.44333333333332
DPA,1692,0.47,54.4572222222222
DPA,1693,0.4702777777777778,54.4572222222222
DPA,1694,0.47055555555555556,54.4572222222222
DPA,1695,0.4708333333333333,54.4572222222222
DPA,1696,0.4711111111111111,54.4572222222222
DPA,1697,0.4713888888888889,54.4572222222222
DPA,1698,0.4716666666666667,54.4572222222222
DPA,1699,0.47194444444444444,54.512777777777764
DPA,1700,0.4722222222222222,54.56833333333332
DPA,1701,0.4725,54.56833333333332
DPA,1702,0.4727777777777778,54.583333333333314
DPA,1703,0.47305555555555556,54.583333333333314
DPA,1704,0.47333333333333333,54.583333333333314
DPA,1705,0.4736111111111111,54.583333333333314
DPA,1706,0.4738888888888889,54.62055555555554
DPA,1707,0.4741666666666667,54.67611111111109
DPA,1708,0.47444444444444445,54.717777777777755
DPA,1709,0.4747222222222222,54.77333333333332
DPA,1710,0.475,54.82888888888887
DPA,1711,0.4752777777777778,54.82888888888887
DPA,1712,0.47555555555555556,54.8472222222222
DPA,1713,0.47583333333333333,54.884444444444426
DPA,1714,0.4761111111111111,54.884444444444426
DPA,1715,0.47638888888888886,54.88611111111109
DPA,1716,0.4766666666666667,54.88611111111109
DPA,1717,0.47694444444444445,54.89555555555554
DPA,1718,0.4772222222222222,54.89555555555554
DPA,1719,0.4775,54.851111111111095
DPA,1720,0.4777777777777778,54.851111111111095
DPA,1721,0.47805555555555557,54.851111111111095
DPA,1722,0.47833333333333333,54.906666666666645
DPA,1723,0.4786111111111111,54.9622222222222
DPA,1724,0.47888888888888886,54.9622222222222
DPA,1725,0.4791666666666667,54.9622222222222
DPA,1726,0.47944444444444445,54.9622222222222
DPA,1727,0.4797222222222222,54.9622222222222
DPA,1728,0.48,54.9622222222222
DPA,1729,0.4802777777777778,54.9622222222222
DPA,1730,0.48055555555555557,54.93444444444443
DPA,1731,0.48083333333333333,54.98999999999998
DPA,1732,0.4811111111111111,55.04555555555554
DPA,1733,0.48138888888888887,55.04555555555554
DPA,1734,0.4816666666666667,55.04555555555554
DPA,1735,0.48194444444444445,55.04555555555554
DPA,1736,0.4822222222222222,55.04555555555554
DPA,1737,0.4825,55.04555555555554
DPA,1738,0.48277777777777775,55.10111111111109
DPA,1739,0.48305555555555557,55.10111111111109
DPA,1740,0.48333333333333334,55.10111111111109
DPA,1741,0.4836111111111111,55.10111111111109
DPA,1742,0.48388888888888887,55.15666666666665
DPA,1743,0.4841666666666667,55.11499999999998
DPA,1744,0.48444444444444446,55.11499999999998
DPA,1745,0.4847222222222222,55.075555555555546
DPA,1746,0.485,55.075555555555546
DPA,1747,0.48527777777777775,55.075555555555546
DPA,1748,0.4855555555555556,55.075555555555546
DPA,1749,0.48583333333333334,55.131111111111096
DPA,1750,0.4861111111111111,55.16833333333332
DPA,1751,0.48638888888888887,55.196111111111094
DPA,1752,0.4866666666666667,55.196111111111094
DPA,1753,0.48694444444444446,55.196111111111094
DPA,1754,0.4872222222222222,55.196111111111094
DPA,1755,0.4875,55.196111111111094
DPA,1756,0.48777777777777775,55.25166666666665
DPA,1757,0.4880555555555556,55.25166666666665
DPA,1758,0.48833333333333334,55.30722222222221
DPA,1759,0.4886111111111111,55.30722222222221
DPA,1760,0.4888888888888889,55.30722222222221
DPA,1761,0.4891666666666667,55.30722222222221
DPA,1762,0.48944444444444446,55.36277777777776
DPA,1763,0.4897222222222222,55.418333333333315
DPA,1764,0.49,55.45555555555555
DPA,1765,0.49027777777777776,55.45555555555555
DPA,1766,0.4905555555555556,55.45555555555555
DPA,1767,0.49083333333333334,55.51111111111109
DPA,1768,0.4911111111111111,55.47166666666665
DPA,1769,0.4913888888888889,55.47166666666665
DPA,1770,0.49166666666666664,55.47166666666665
DPA,1771,0.49194444444444446,55.47166666666665
DPA,1772,0.4922222222222222,55.52722222222221
DPA,1773,0.4925,55.52722222222221
DPA,1774,0.49277777777777776,55.52722222222221
DPA,1775,0.4930555555555556,55.52722222222221
DPA,1776,0.49333333333333335,55.52722222222221
DPA,1777,0.4936111111111111,55.58277777777776
DPA,1778,0.4938888888888889,55.60499999999998
DPA,1779,0.49416666666666664,55.66055555555553
DPA,1780,0.49444444444444446,55.66055555555553
DPA,1781,0.49472222222222223,55.66055555555553
DPA,1782,0.495,55.66333333333332
DPA,1783,0.49527777777777776,55.68166666666665
DPA,1784,0.4955555555555556,55.6422222222222
DPA,1785,0.49583333333333335,55.6422222222222
DPA,1786,0.4961111111111111,55.652777777777764
DPA,1787,0.4963888888888889,55.652777777777764
DPA,1788,0.49666666666666665,55.62888888888887
DPA,1789,0.49694444444444447,55.68444444444442
DPA,1790,0.49722222222222223,55.73999999999999
DPA,1791,0.4975,55.76777777777776
DPA,1792,0.49777777777777776,55.804999999999986
DPA,1793,0.49805555555555553,55.860555555555536
DPA,1794,0.49833333333333335,55.85499999999999
DPA,1795,0.4986111111111111,55.88277777777776
DPA,1796,0.4988888888888889,55.83555555555554
DPA,1797,0.49916666666666665,55.83555555555554
DPA,1798,0.49944444444444447,55.891111111111094
DPA,1799,0.49972222222222223,55.891111111111094
DPA,1800,0.5,55.891111111111094
IDR,0,0.0,40.48277777777778
IDR,1,0.0002777777777777778,40.538333333333334
IDR,2,0.0005555555555555556,40.59388888888889
IDR,3,0.0008333333333333334,40.59388888888889
IDR,4,0.0011111111111111111,40.64944444444444
IDR,5,0.001388888888888889,40.705000000000005
IDR,6,0.0016666666666666668,40.760555555555555
IDR,7,0.0019444444444444444,40.81611111111111
IDR,8,0.0022222222222222222,40.81611111111111
IDR,9,0.0025,40.87166666666667
IDR,10,0.002777777777777778,40.92722222222222
IDR,11,0.0030555555555555557,40.98277777777778
IDR,12,0.0033333333333333335,41.038333333333334
IDR,13,0.003611111111111111,41.09388888888889
IDR,14,0.0038888888888888888,41.14944444444444
IDR,15,0.004166666666666667,41.205000000000005
IDR,16,0.0044444444444444444,41.260555555555555
IDR,17,0.004722222222222222,41.31611111111111
IDR,18,0.005,41.37166666666667
IDR,19,0.005277777777777778,41.42722222222222
IDR,20,0.005555555555555556,41.48277777777778
IDR,21,0.005833333333333334,41.538333333333334
IDR,22,0.006111111111111111,41.59388888888889
IDR,23,0.006388888888888889,41.64944444444444
IDR,24,0.006666666666666667,41.705000000000005
IDR,25,0.006944444444444444,41.73277777777778
IDR,26,0.007222222222222222,41.788333333333334
IDR,27,0.0075,41.84388888888889
IDR,28,0.0077777777777777776,41.89944444444444
IDR,29,0.008055555555555555,41.955000000000005
IDR,30,0.008333333333333333,42.010555555555555
IDR,31,0.008611111111111111,42.010555555555555
IDR,32,0.008888888888888889,42.06611111111111
IDR,33,0.009166666666666667,42.08833333333333
IDR,34,0.009444444444444445,42.08833333333333
IDR,35,0.009722222222222222,42.143888888888895
IDR,36,0.01,42.199444444444445
IDR,37,0.010277777777777778,42.254999999999995
IDR,38,0.010555555555555556,42.29944444444445
IDR,39,0.010833333333333334,42.355
IDR,40,0.011111111111111112,42.410555555555554
IDR,41,0.01138888888888889,42.44222222222223
IDR,42,0.011666666666666667,42.44222222222223
IDR,43,0.011944444444444445,42.47
IDR,44,0.012222222222222223,42.525555555555556
IDR,45,0.0125,42.543888888888894
IDR,46,0.012777777777777779,42.599444444444444
IDR,47,0.013055555555555556,42.655
IDR,48,0.013333333333333334,42.71055555555556
IDR,49,0.01361111111111111,42.76611111111111
IDR,50,0.013888888888888888,42.82166666666667
IDR,51,0.014166666666666666,42.85333333333333
IDR,52,0.014444444444444444,42.90888888888889
IDR,53,0.014722222222222222,42.964444444444446
IDR,54,0.015,43.02
IDR,55,0.015277777777777777,43.07555555555555
IDR,56,0.015555555555555555,43.13111111111111
IDR,57,0.015833333333333335,43.18666666666667
IDR,58,0.01611111111111111,43.24222222222222
IDR,59,0.01638888888888889,43.24222222222222
IDR,60,0.016666666666666666,43.29777777777778
IDR,61,0.016944444444444446,43.29777777777778
IDR,62,0.017222222222222222,43.35333333333333
IDR,63,0.0175,43.397777777777776
IDR,64,0.017777777777777778,43.40888888888889
IDR,65,0.018055555555555554,43.446111111111115
IDR,66,0.018333333333333333,43.501666666666665
IDR,67,0.01861111111111111,43.529444444444444
IDR,68,0.01888888888888889,43.529444444444444
IDR,69,0.019166666666666665,43.54777777777778
IDR,70,0.019444444444444445,43.60333333333333
IDR,71,0.01972222222222222,43.64055555555556
IDR,72,0.02,43.64055555555556
IDR,73,0.020277777777777777,43.67777777777778
IDR,74,0.020555555555555556,43.733333333333334
IDR,75,0.020833333333333332,43.733333333333334
IDR,76,0.021111111111111112,43.78888888888889
IDR,77,0.021388888888888888,43.84444444444445
IDR,78,0.021666666666666667,43.9
IDR,79,0.021944444444444444,43.9
IDR,80,0.022222222222222223,43.937222222222225
IDR,81,0.0225,43.99277777777778
IDR,82,0.02277777777777778,43.99277777777778
IDR,83,0.023055555555555555,44.02388888888889
IDR,84,0.023333333333333334,44.07944444444445
IDR,85,0.02361111111111111,44.07944444444445
IDR,86,0.02388888888888889,44.116666666666674
IDR,87,0.024166666666666666,44.15388888888889
IDR,88,0.024444444444444446,44.20944444444444
IDR,89,0.024722222222222222,44.23388888888889
IDR,90,0.025,44.23388888888889
IDR,91,0.025277777777777777,44.28944444444445
IDR,92,0.025555555555555557,44.345
IDR,93,0.025833333333333333,44.382222222222225
IDR,94,0.026111111111111113,44.43777777777778
IDR,95,0.02638888888888889,44.49333333333333
IDR,96,0.02666666666666667,44.49333333333333
IDR,97,0.026944444444444444,44.5488888888889
IDR,98,0.02722222222222222,44.56722222222223
IDR,99,0.0275,44.62277777777778
IDR,100,0.027777777777777776,44.678333333333335
IDR,101,0.028055555555555556,44.678333333333335
IDR,102,0.028333333333333332,44.71555555555556
IDR,103,0.02861111111111111,44.77111111111111
IDR,104,0.028888888888888888,44.82666666666667
IDR,105,0.029166666666666667,44.882222222222225
IDR,106,0.029444444444444443,44.937777777777775
IDR,107,0.029722222222222223,44.99333333333333
IDR,108,0.03,45.04888888888889
IDR,109,0.03027777777777778,45.04888888888889
IDR,110,0.030555555555555555,45.04888888888889
IDR,111,0.030833333333333334,45.10444444444445
IDR,112,0.03111111111111111,45.12666666666667
IDR,113,0.03138888888888889,45.18222222222222
IDR,114,0.03166666666666667,45.23777777777778
IDR,115,0.03194444444444444,45.23777777777778
IDR,116,0.03222222222222222,45.29333333333334
IDR,117,0.0325,45.337777777777774
IDR,118,0.03277777777777778,45.39333333333334
IDR,119,0.03305555555555555,45.43055555555556
IDR,120,0.03333333333333333,45.48611111111111
IDR,121,0.03361111111111111,45.54166666666667
IDR,122,0.03388888888888889,45.54166666666667
IDR,123,0.034166666666666665,45.59722222222222
IDR,124,0.034444444444444444,45.61333333333334
IDR,125,0.034722222222222224,45.668888888888894
IDR,126,0.035,45.70611111111111
IDR,127,0.035277777777777776,45.70611111111111
IDR,128,0.035555555555555556,45.76166666666667
IDR,129,0.035833333333333335,45.81722222222223
IDR,130,0.03611111111111111,45.861666666666665
IDR,131,0.03638888888888889,45.91722222222223
IDR,132,0.03666666666666667,45.95444444444445
IDR,133,0.036944444444444446,46.01
IDR,134,0.03722222222222222,46.06555555555556
IDR,135,0.0375,46.12111111111111
IDR,136,0.03777777777777778,46.17666666666666
IDR,137,0.03805555555555556,46.23222222222223
IDR,138,0.03833333333333333,46.23222222222223
IDR,139,0.03861111111111111,46.25055555555556
IDR,140,0.03888888888888889,46.306111111111115
IDR,141,0.03916666666666667,46.272777777777776
IDR,142,0.03944444444444444,46.272777777777776
IDR,143,0.03972222222222222,46.272777777777776
IDR,144,0.04,46.272777777777776
IDR,145,0.04027777777777778,46.32833333333334
IDR,146,0.04055555555555555,46.38388888888889
IDR,147,0.04083333333333333,46.43944444444445
IDR,148,0.04111111111111111,46.495000000000005
IDR,149,0.04138888888888889,46.53944444444444
IDR,150,0.041666666666666664,46.48388888888889
IDR,151,0.041944444444444444,46.53944444444444
IDR,152,0.042222222222222223,46.595000000000006
IDR,153,0.0425,46.55166666666667
IDR,154,0.042777777777777776,46.55166666666667
IDR,155,0.043055555555555555,46.60722222222222
IDR,156,0.043333333333333335,46.662777777777784
IDR,157,0.043611111111111114,46.718333333333334
IDR,158,0.04388888888888889,46.77388888888889
IDR,159,0.04416666666666667,46.77388888888889
IDR,160,0.044444444444444446,46.77388888888889
IDR,161,0.04472222222222222,46.82944444444445
IDR,162,0.045,46.885
IDR,163,0.04527777777777778,46.940555555555555
IDR,164,0.04555555555555556,46.99611111111112
IDR,165,0.04583333333333333,46.99611111111112
IDR,166,0.04611111111111111,47.05166666666667
IDR,167,0.04638888888888889,47.10722222222222
IDR,168,0.04666666666666667,47.135000000000005
IDR,169,0.04694444444444444,47.190555555555555
IDR,170,0.04722222222222222,47.190555555555555
IDR,171,0.0475,47.24611111111111
IDR,172,0.04777777777777778,47.257222222222225
IDR,173,0.04805555555555555,47.257222222222225
IDR,174,0.04833333333333333,47.31277777777778
IDR,175,0.04861111111111111,47.31277777777778
IDR,176,0.04888888888888889,47.35
IDR,177,0.049166666666666664,47.40555555555556
IDR,178,0.049444444444444444,47.461111111111116
IDR,179,0.04972222222222222,47.461111111111116
IDR,180,0.05,47.461111111111116
IDR,181,0.050277777777777775,47.461111111111116
IDR,182,0.050555555555555555,47.47944444444445
IDR,183,0.050833333333333335,47.535000000000004
IDR,184,0.051111111111111114,47.59055555555556
IDR,185,0.05138888888888889,47.64611111111111
IDR,186,0.051666666666666666,47.70166666666667
IDR,187,0.051944444444444446,47.72944444444445
IDR,188,0.052222222222222225,47.72944444444445
IDR,189,0.0525,47.785
IDR,190,0.05277777777777778,47.81277777777778
IDR,191,0.05305555555555556,47.81277777777778
IDR,192,0.05333333333333334,47.85722222222223
IDR,193,0.05361111111111111,47.894444444444446
IDR,194,0.05388888888888889,47.922222222222224
IDR,195,0.05416666666666667,47.97777777777778
IDR,196,0.05444444444444444,48.03333333333334
IDR,197,0.05472222222222222,48.03333333333334
IDR,198,0.055,48.03333333333334
IDR,199,0.05527777777777778,48.07055555555556
IDR,200,0.05555555555555555,48.07055555555556
IDR,201,0.05583333333333333,48.126111111111115
IDR,202,0.05611111111111111,48.181666666666665
IDR,203,0.05638888888888889,48.181666666666665
IDR,204,0.056666666666666664,48.181666666666665
IDR,205,0.05694444444444444,48.23722222222223
IDR,206,0.05722222222222222,48.29277777777778
IDR,207,0.0575,48.29277777777778
IDR,208,0.057777777777777775,48.29277777777778
IDR,209,0.058055555555555555,48.33
IDR,210,0.058333333333333334,48.33
IDR,211,0.058611111111111114,48.367222222222225
IDR,212,0.058888888888888886,48.38555555555556
IDR,213,0.059166666666666666,48.44111111111111
IDR,214,0.059444444444444446,48.44111111111111
IDR,215,0.059722222222222225,48.47277777777778
IDR,216,0.06,48.49666666666666
IDR,217,0.06027777777777778,48.49666666666666
IDR,218,0.06055555555555556,48.55222222222223
IDR,219,0.060833333333333336,48.58
IDR,220,0.06111111111111111,48.635555555555555
IDR,221,0.06138888888888889,48.635555555555555
IDR,222,0.06166666666666667,48.69111111111111
IDR,223,0.06194444444444445,48.74666666666666
IDR,224,0.06222222222222222,48.765
IDR,225,0.0625,48.787222222222226
IDR,226,0.06277777777777778,48.80555555555556
IDR,227,0.06305555555555556,48.861111111111114
IDR,228,0.06333333333333334,48.91666666666667
IDR,229,0.0636111111111111,48.97222222222223
IDR,230,0.06388888888888888,48.97222222222223
IDR,231,0.06416666666666666,48.97222222222223
IDR,232,0.06444444444444444,48.97222222222223
IDR,233,0.06472222222222222,48.97222222222223
IDR,234,0.065,49.0
IDR,235,0.06527777777777778,49.05555555555556
IDR,236,0.06555555555555556,49.1
IDR,237,0.06583333333333333,49.13333333333333
IDR,238,0.0661111111111111,49.13333333333333
IDR,239,0.06638888888888889,49.17055555555556
IDR,240,0.06666666666666667,49.20777777777778
IDR,241,0.06694444444444445,49.19388888888889
IDR,242,0.06722222222222222,49.19388888888889
IDR,243,0.0675,49.24944444444444
IDR,244,0.06777777777777778,49.24944444444444
IDR,245,0.06805555555555555,49.24944444444444
IDR,246,0.06833333333333333,49.305
IDR,247,0.06861111111111111,49.36055555555556
IDR,248,0.06888888888888889,49.36055555555556
IDR,249,0.06916666666666667,49.416111111111114
IDR,250,0.06944444444444445,49.416111111111114
IDR,251,0.06972222222222223,49.47166666666667
IDR,252,0.07,49.47166666666667
IDR,253,0.07027777777777777,49.52722222222222
IDR,254,0.07055555555555555,49.52722222222222
IDR,255,0.07083333333333333,49.53944444444445
IDR,256,0.07111111111111111,49.595
IDR,257,0.07138888888888889,49.62666666666667
IDR,258,0.07166666666666667,49.68222222222222
IDR,259,0.07194444444444445,49.73777777777778
IDR,260,0.07222222222222222,49.79333333333334
IDR,261,0.0725,49.84888888888889
IDR,262,0.07277777777777777,49.904444444444444
IDR,263,0.07305555555555555,49.904444444444444
IDR,264,0.07333333333333333,49.96000000000001
IDR,265,0.07361111111111111,49.96000000000001
IDR,266,0.07388888888888889,49.99722222222222
IDR,267,0.07416666666666667,49.99722222222222
IDR,268,0.07444444444444444,49.99722222222222
IDR,269,0.07472222222222222,50.025
IDR,270,0.075,50.08055555555555
IDR,271,0.07527777777777778,50.13611111111111
IDR,272,0.07555555555555556,50.13611111111111
IDR,273,0.07583333333333334,50.13611111111111
IDR,274,0.07611111111111112,50.19166666666667
IDR,275,0.0763888888888889,50.24722222222222
IDR,276,0.07666666666666666,50.30277777777778
IDR,277,0.07694444444444444,50.30277777777778
IDR,278,0.07722222222222222,50.35833333333334
IDR,279,0.0775,50.36944444444445
IDR,280,0.07777777777777778,50.425
IDR,281,0.07805555555555556,50.425
IDR,282,0.07833333333333334,50.425
IDR,283,0.07861111111111112,50.425
IDR,284,0.07888888888888888,50.45277777777778
IDR,285,0.07916666666666666,50.45277777777778
IDR,286,0.07944444444444444,50.50833333333333
IDR,287,0.07972222222222222,50.50833333333333
IDR,288,0.08,50.56388888888888
IDR,289,0.08027777777777778,50.56388888888888
IDR,290,0.08055555555555556,50.61944444444444
IDR,291,0.08083333333333333,50.65666666666666
IDR,292,0.0811111111111111,50.65666666666666
IDR,293,0.08138888888888889,50.65666666666666
IDR,294,0.08166666666666667,50.67055555555555
IDR,295,0.08194444444444444,50.67055555555555
IDR,296,0.08222222222222222,50.67055555555555
IDR,297,0.0825,50.67055555555555
IDR,298,0.08277777777777778,50.67055555555555
IDR,299,0.08305555555555555,50.67055555555555
IDR,300,0.08333333333333333,50.726111111111116
IDR,301,0.08361111111111111,50.726111111111116
IDR,302,0.08388888888888889,50.726111111111116
IDR,303,0.08416666666666667,50.76333333333333
IDR,304,0.08444444444444445,50.781666666666666
IDR,305,0.08472222222222223,50.83722222222222
IDR,306,0.085,50.781666666666666
IDR,307,0.08527777777777777,50.781666666666666
IDR,308,0.08555555555555555,50.83722222222222
IDR,309,0.08583333333333333,50.79555555555555
IDR,310,0.08611111111111111,50.79555555555555
IDR,311,0.08638888888888889,50.839999999999996
IDR,312,0.08666666666666667,50.839999999999996
IDR,313,0.08694444444444445,50.839999999999996
IDR,314,0.08722222222222223,50.839999999999996
IDR,315,0.0875,50.839999999999996
IDR,316,0.08777777777777777,50.839999999999996
IDR,317,0.08805555555555555,50.839999999999996
IDR,318,0.08833333333333333,50.839999999999996
IDR,319,0.08861111111111111,50.89555555555556
IDR,320,0.08888888888888889,50.89555555555556
IDR,321,0.08916666666666667,50.84777777777778
IDR,322,0.08944444444444444,50.84777777777778
IDR,323,0.08972222222222222,50.903333333333336
IDR,324,0.09,50.925555555555555
IDR,325,0.09027777777777778,50.89944444444444
IDR,326,0.09055555555555556,50.89944444444444
IDR,327,0.09083333333333334,50.955
IDR,328,0.09111111111111111,50.955
IDR,329,0.0913888888888889,50.98277777777778
IDR,330,0.09166666666666666,50.98277777777778
IDR,331,0.09194444444444444,50.98277777777778
IDR,332,0.09222222222222222,51.005
IDR,333,0.0925,51.06055555555555
IDR,334,0.09277777777777778,51.11611111111111
IDR,335,0.09305555555555556,51.171666666666674
IDR,336,0.09333333333333334,51.171666666666674
IDR,337,0.09361111111111112,51.19388888888889
IDR,338,0.09388888888888888,51.20777777777777
IDR,339,0.09416666666666666,51.26333333333333
IDR,340,0.09444444444444444,51.31888888888889
IDR,341,0.09472222222222222,51.31888888888889
IDR,342,0.095,51.37444444444444
IDR,343,0.09527777777777778,51.37444444444444
IDR,344,0.09555555555555556,51.41166666666667
IDR,345,0.09583333333333334,51.41166666666667
IDR,346,0.0961111111111111,51.41166666666667
IDR,347,0.09638888888888889,51.41166666666667
IDR,348,0.09666666666666666,51.43
IDR,349,0.09694444444444444,51.43
IDR,350,0.09722222222222222,51.45777777777778
IDR,351,0.0975,51.45777777777778
IDR,352,0.09777777777777778,51.467777777777776
IDR,353,0.09805555555555556,51.52333333333333
IDR,354,0.09833333333333333,51.537222222222226
IDR,355,0.09861111111111111,51.537222222222226
IDR,356,0.09888888888888889,51.592777777777776
IDR,357,0.09916666666666667,51.63722222222222
IDR,358,0.09944444444444445,51.63722222222222
IDR,359,0.09972222222222223,51.63722222222222
IDR,360,0.1,51.63722222222222
IDR,361,0.10027777777777777,51.64555555555555
IDR,362,0.10055555555555555,51.63888888888889
IDR,363,0.10083333333333333,51.69444444444444
IDR,364,0.10111111111111111,51.69444444444444
IDR,365,0.10138888888888889,51.69444444444444
IDR,366,0.10166666666666667,51.73166666666666
IDR,367,0.10194444444444445,51.78722222222222
IDR,368,0.10222222222222223,51.78722222222222
IDR,369,0.1025,51.78722222222222
IDR,370,0.10277777777777777,51.78722222222222
IDR,371,0.10305555555555555,51.78722222222222
IDR,372,0.10333333333333333,51.79666666666667
IDR,373,0.10361111111111111,51.79666666666667
IDR,374,0.10388888888888889,51.80611111111111
IDR,375,0.10416666666666667,51.80611111111111
IDR,376,0.10444444444444445,51.861666666666665
IDR,377,0.10472222222222222,51.861666666666665
IDR,378,0.105,51.861666666666665
IDR,379,0.10527777777777778,51.90611111111111
IDR,380,0.10555555555555556,51.90611111111111
IDR,381,0.10583333333333333,51.90611111111111
IDR,382,0.10611111111111111,51.915
IDR,383,0.1063888888888889,51.970555555555556
IDR,384,0.10666666666666667,51.970555555555556
IDR,385,0.10694444444444444,51.970555555555556
IDR,386,0.10722222222222222,51.970555555555556
IDR,387,0.1075,51.970555555555556
IDR,388,0.10777777777777778,51.970555555555556
IDR,389,0.10805555555555556,52.026111111111106
IDR,390,0.10833333333333334,52.026111111111106
IDR,391,0.10861111111111112,52.08166666666667
IDR,392,0.10888888888888888,52.13722222222222
IDR,393,0.10916666666666666,52.13722222222222
IDR,394,0.10944444444444444,52.19277777777778
IDR,395,0.10972222222222222,52.220555555555556
IDR,396,0.11,52.220555555555556
IDR,397,0.11027777777777778,52.220555555555556
IDR,398,0.11055555555555556,52.242777777777775
IDR,399,0.11083333333333334,52.27611111111111
IDR,400,0.1111111111111111,52.27611111111111
IDR,401,0.11138888888888888,52.27611111111111
IDR,402,0.11166666666666666,52.33166666666666
IDR,403,0.11194444444444444,52.33166666666666
IDR,404,0.11222222222222222,52.38722222222222
IDR,405,0.1125,52.44277777777777
IDR,406,0.11277777777777778,52.45666666666666
IDR,407,0.11305555555555556,52.48444444444444
IDR,408,0.11333333333333333,52.48444444444444
IDR,409,0.11361111111111111,52.48444444444444
IDR,410,0.11388888888888889,52.48444444444444
IDR,411,0.11416666666666667,52.48444444444444
IDR,412,0.11444444444444445,52.48444444444444
IDR,413,0.11472222222222223,52.48444444444444
IDR,414,0.115,52.50055555555555
IDR,415,0.11527777777777778,52.50055555555555
IDR,416,0.11555555555555555,52.51166666666667
IDR,417,0.11583333333333333,52.51166666666667
IDR,418,0.11611111111111111,52.51166666666667
IDR,419,0.11638888888888889,52.51166666666667
IDR,420,0.11666666666666667,52.51166666666667
IDR,421,0.11694444444444445,52.56722222222222
IDR,422,0.11722222222222223,52.578333333333326
IDR,423,0.1175,52.63388888888889
IDR,424,0.11777777777777777,52.68944444444445
IDR,425,0.11805555555555555,52.66555555555556
IDR,426,0.11833333333333333,52.69333333333333
IDR,427,0.11861111111111111,52.74888888888889
IDR,428,0.11888888888888889,52.77111111111111
IDR,429,0.11916666666666667,52.82666666666667
IDR,430,0.11944444444444445,52.83833333333333
IDR,431,0.11972222222222222,52.879999999999995
IDR,432,0.12,52.879999999999995
IDR,433,0.12027777777777778,52.879999999999995
IDR,434,0.12055555555555555,52.879999999999995
IDR,435,0.12083333333333333,52.879999999999995
IDR,436,0.12111111111111111,52.902222222222214
IDR,437,0.1213888888888889,52.902222222222214
IDR,438,0.12166666666666667,52.902222222222214
IDR,439,0.12194444444444444,52.902222222222214
IDR,440,0.12222222222222222,52.902222222222214
IDR,441,0.1225,52.902222222222214
IDR,442,0.12277777777777778,52.902222222222214
IDR,443,0.12305555555555556,52.93
IDR,444,0.12333333333333334,52.98555555555555
IDR,445,0.12361111111111112,53.031666666666666
IDR,446,0.1238888888888889,53.031666666666666
IDR,447,0.12416666666666666,53.05
IDR,448,0.12444444444444444,53.05
IDR,449,0.12472222222222222,53.05
IDR,450,0.125,53.07777777777778
IDR,451,0.12527777777777777,53.115
IDR,452,0.12555555555555556,53.115
IDR,453,0.12583333333333332,53.115
IDR,454,0.12611111111111112,53.07333333333333
IDR,455,0.12638888888888888,53.07333333333333
IDR,456,0.12666666666666668,53.10111111111111
IDR,457,0.12694444444444444,53.10111111111111
IDR,458,0.1272222222222222,53.10111111111111
IDR,459,0.1275,53.11055555555555
IDR,460,0.12777777777777777,53.166111111111114
IDR,461,0.12805555555555556,53.20333333333333
IDR,462,0.12833333333333333,53.20333333333333
IDR,463,0.12861111111111112,53.20333333333333
IDR,464,0.1288888888888889,53.20333333333333
IDR,465,0.12916666666666668,53.25888888888889
IDR,466,0.12944444444444445,53.29611111111111
IDR,467,0.1297222222222222,53.29611111111111
IDR,468,0.13,53.29611111111111
IDR,469,0.13027777777777777,53.35166666666667
IDR,470,0.13055555555555556,53.38611111111111
IDR,471,0.13083333333333333,53.38611111111111
IDR,472,0.13111111111111112,53.39388888888889
IDR,473,0.1313888888888889,53.43833333333333
IDR,474,0.13166666666666665,53.44222222222221
IDR,475,0.13194444444444445,53.44222222222221
IDR,476,0.1322222222222222,53.44222222222221
IDR,477,0.1325,53.44222222222221
IDR,478,0.13277777777777777,53.44222222222221
IDR,479,0.13305555555555557,53.44222222222221
IDR,480,0.13333333333333333,53.44222222222221
IDR,481,0.13361111111111112,53.44222222222221
IDR,482,0.1338888888888889,53.49777777777778
IDR,483,0.13416666666666666,53.49777777777778
IDR,484,0.13444444444444445,53.49777777777778
IDR,485,0.13472222222222222,53.49777777777778
IDR,486,0.135,53.49777777777778
IDR,487,0.13527777777777777,53.55333333333333
IDR,488,0.13555555555555557,53.55722222222221
IDR,489,0.13583333333333333,53.55722222222221
IDR,490,0.1361111111111111,53.61277777777778
IDR,491,0.1363888888888889,53.61277777777778
IDR,492,0.13666666666666666,53.61277777777778
IDR,493,0.13694444444444445,53.65
IDR,494,0.13722222222222222,53.65
IDR,495,0.1375,53.672222222222224
IDR,496,0.13777777777777778,53.716666666666654
IDR,497,0.13805555555555554,53.716666666666654
IDR,498,0.13833333333333334,53.77222222222222
IDR,499,0.1386111111111111,53.794444444444444
IDR,500,0.1388888888888889,53.794444444444444
IDR,501,0.13916666666666666,53.794444444444444
IDR,502,0.13944444444444445,53.794444444444444
IDR,503,0.13972222222222222,53.849999999999994
IDR,504,0.14,53.849999999999994
IDR,505,0.14027777777777778,53.90555555555555
IDR,506,0.14055555555555554,53.949999999999996
IDR,507,0.14083333333333334,53.90666666666666
IDR,508,0.1411111111111111,53.90666666666666
IDR,509,0.1413888888888889,53.925
IDR,510,0.14166666666666666,53.925
IDR,511,0.14194444444444446,53.925
IDR,512,0.14222222222222222,53.980555555555554
IDR,513,0.1425,54.008333333333326
IDR,514,0.14277777777777778,54.008333333333326
IDR,515,0.14305555555555555,54.008333333333326
IDR,516,0.14333333333333334,54.02666666666667
IDR,517,0.1436111111111111,54.02666666666667
IDR,518,0.1438888888888889,54.08222222222222
IDR,519,0.14416666666666667,54.08222222222222
IDR,520,0.14444444444444443,54.04055555555556
IDR,521,0.14472222222222222,54.04055555555556
IDR,522,0.145,54.04055555555556
IDR,523,0.14527777777777778,54.04055555555556
IDR,524,0.14555555555555555,54.04055555555556
IDR,525,0.14583333333333334,54.04055555555556
IDR,526,0.1461111111111111,54.04055555555556
IDR,527,0.1463888888888889,53.998888888888885
IDR,528,0.14666666666666667,54.05444444444445
IDR,529,0.14694444444444443,54.05444444444445
IDR,530,0.14722222222222223,54.05444444444445
IDR,531,0.1475,54.05444444444445
IDR,532,0.14777777777777779,54.05444444444445
IDR,533,0.14805555555555555,54.10222222222222
IDR,534,0.14833333333333334,54.13944444444444
IDR,535,0.1486111111111111,54.13944444444444
IDR,536,0.14888888888888888,54.14611111111112
IDR,537,0.14916666666666667,54.20166666666666
IDR,538,0.14944444444444444,54.257222222222225
IDR,539,0.14972222222222223,54.257222222222225
IDR,540,0.15,54.257222222222225
IDR,541,0.1502777777777778,54.312777777777775
IDR,542,0.15055555555555555,54.312777777777775
IDR,543,0.15083333333333335,54.312777777777775
IDR,544,0.1511111111111111,54.34055555555556
IDR,545,0.15138888888888888,54.34055555555556
IDR,546,0.15166666666666667,54.34055555555556
IDR,547,0.15194444444444444,54.34055555555556
IDR,548,0.15222222222222223,54.34055555555556
IDR,549,0.1525,54.34055555555556
IDR,550,0.1527777777777778,54.39611111111111
IDR,551,0.15305555555555556,54.39611111111111
IDR,552,0.15333333333333332,54.39611111111111
IDR,553,0.15361111111111111,54.39611111111111
IDR,554,0.15388888888888888,54.39611111111111
IDR,555,0.15416666666666667,54.39611111111111
IDR,556,0.15444444444444444,54.45166666666667
IDR,557,0.15472222222222223,54.446666666666665
IDR,558,0.155,54.41888888888889
IDR,559,0.15527777777777776,54.437222222222225
IDR,560,0.15555555555555556,54.437222222222225
IDR,561,0.15583333333333332,54.45444444444445
IDR,562,0.15611111111111112,54.45444444444445
IDR,563,0.15638888888888888,54.510000000000005
IDR,564,0.15666666666666668,54.510000000000005
IDR,565,0.15694444444444444,54.526111111111106
IDR,566,0.15722222222222224,54.58166666666666
IDR,567,0.1575,54.58166666666666
IDR,568,0.15777777777777777,54.59499999999999
IDR,569,0.15805555555555556,54.59499999999999
IDR,570,0.15833333333333333,54.59499999999999
IDR,571,0.15861111111111112,54.63666666666667
IDR,572,0.15888888888888889,54.63666666666667
IDR,573,0.15916666666666668,54.63666666666667
IDR,574,0.15944444444444444,54.63666666666667
IDR,575,0.1597222222222222,54.63666666666667
IDR,576,0.16,54.63666666666667
IDR,577,0.16027777777777777,54.66444444444445
IDR,578,0.16055555555555556,54.71388888888888
IDR,579,0.16083333333333333,54.73611111111111
IDR,580,0.16111111111111112,54.73611111111111
IDR,581,0.1613888888888889,54.73611111111111
IDR,582,0.16166666666666665,54.73611111111111
IDR,583,0.16194444444444445,54.69444444444444
IDR,584,0.1622222222222222,54.69444444444444
IDR,585,0.1625,54.69444444444444
IDR,586,0.16277777777777777,54.70222222222222
IDR,587,0.16305555555555556,54.70222222222222
IDR,588,0.16333333333333333,54.70222222222222
IDR,589,0.16361111111111112,54.69
IDR,590,0.1638888888888889,54.69
IDR,591,0.16416666666666666,54.69
IDR,592,0.16444444444444445,54.74555555555555
IDR,593,0.16472222222222221,54.74555555555555
IDR,594,0.165,54.74555555555555
IDR,595,0.16527777777777777,54.78277777777778
IDR,596,0.16555555555555557,54.83833333333333
IDR,597,0.16583333333333333,54.89388888888889
IDR,598,0.1661111111111111,54.91611111111111
IDR,599,0.1663888888888889,54.91611111111111
IDR,600,0.16666666666666666,54.94055555555555
IDR,601,0.16694444444444445,54.952777777777776
IDR,602,0.16722222222222222,54.952777777777776
IDR,603,0.1675,55.008333333333326
IDR,604,0.16777777777777778,55.008333333333326
IDR,605,0.16805555555555557,55.008333333333326
IDR,606,0.16833333333333333,55.008333333333326
IDR,607,0.1686111111111111,55.008333333333326
IDR,608,0.1688888888888889,55.008333333333326
IDR,609,0.16916666666666666,55.03611111111111
IDR,610,0.16944444444444445,55.09166666666666
IDR,611,0.16972222222222222,55.09166666666666
IDR,612,0.17,55.09166666666666
IDR,613,0.17027777777777778,55.09166666666666
IDR,614,0.17055555555555554,55.09166666666666
IDR,615,0.17083333333333334,55.14722222222221
IDR,616,0.1711111111111111,55.202777777777776
IDR,617,0.1713888888888889,55.202777777777776
IDR,618,0.17166666666666666,55.24
IDR,619,0.17194444444444446,55.253888888888895
IDR,620,0.17222222222222222,55.265
IDR,621,0.1725,55.265
IDR,622,0.17277777777777778,55.265
IDR,623,0.17305555555555555,55.265
IDR,624,0.17333333333333334,55.265
IDR,625,0.1736111111111111,55.265
IDR,626,0.1738888888888889,55.265
IDR,627,0.17416666666666666,55.265
IDR,628,0.17444444444444446,55.265
IDR,629,0.17472222222222222,55.265
IDR,630,0.175,55.265
IDR,631,0.17527777777777778,55.29277777777777
IDR,632,0.17555555555555555,55.29277777777777
IDR,633,0.17583333333333334,55.32833333333333
IDR,634,0.1761111111111111,55.32833333333333
IDR,635,0.1763888888888889,55.32833333333333
IDR,636,0.17666666666666667,55.32833333333333
IDR,637,0.17694444444444443,55.32833333333333
IDR,638,0.17722222222222223,55.38388888888889
IDR,639,0.1775,55.38388888888889
IDR,640,0.17777777777777778,55.38388888888889
IDR,641,0.17805555555555555,55.394999999999996
IDR,642,0.17833333333333334,55.450555555555546
IDR,643,0.1786111111111111,55.450555555555546
IDR,644,0.17888888888888888,55.450555555555546
IDR,645,0.17916666666666667,55.450555555555546
IDR,646,0.17944444444444443,55.450555555555546
IDR,647,0.17972222222222223,55.450555555555546
IDR,648,0.18,55.48222222222221
IDR,649,0.1802777777777778,55.48222222222221
IDR,650,0.18055555555555555,55.48222222222221
IDR,651,0.18083333333333335,55.53777777777778
IDR,652,0.1811111111111111,55.53777777777778
IDR,653,0.18138888888888888,55.53777777777778
IDR,654,0.18166666666666667,55.59333333333333
IDR,655,0.18194444444444444,55.59333333333333
IDR,656,0.18222222222222223,55.59333333333333
IDR,657,0.1825,55.53777777777778
IDR,658,0.1827777777777778,55.53777777777778
IDR,659,0.18305555555555555,55.541666666666664
IDR,660,0.18333333333333332,55.541666666666664
IDR,661,0.1836111111111111,55.541666666666664
IDR,662,0.18388888888888888,55.541666666666664
IDR,663,0.18416666666666667,55.541666666666664
IDR,664,0.18444444444444444,55.541666666666664
IDR,665,0.18472222222222223,55.565555555555555
IDR,666,0.185,55.565555555555555
IDR,667,0.1852777777777778,55.565555555555555
IDR,668,0.18555555555555556,55.565555555555555
IDR,669,0.18583333333333332,55.565555555555555
IDR,670,0.18611111111111112,55.565555555555555
IDR,671,0.18638888888888888,55.565555555555555
IDR,672,0.18666666666666668,55.565555555555555
IDR,673,0.18694444444444444,55.565555555555555
IDR,674,0.18722222222222223,55.62111111111111
IDR,675,0.1875,55.67666666666666
IDR,676,0.18777777777777777,55.67666666666666
IDR,677,0.18805555555555556,55.721111111111114
IDR,678,0.18833333333333332,55.73833333333334
IDR,679,0.18861111111111112,55.73833333333334
IDR,680,0.18888888888888888,55.775555555555556
IDR,681,0.18916666666666668,55.80333333333333
IDR,682,0.18944444444444444,55.80333333333333
IDR,683,0.1897222222222222,55.81666666666667
IDR,684,0.19,55.87222222222222
IDR,685,0.19027777777777777,55.87222222222222
IDR,686,0.19055555555555556,55.81666666666667
IDR,687,0.19083333333333333,55.87222222222222
IDR,688,0.19111111111111112,55.88166666666666
IDR,689,0.1913888888888889,55.88166666666666
IDR,690,0.19166666666666668,55.88999999999999
IDR,691,0.19194444444444445,55.94555555555555
IDR,692,0.1922222222222222,55.94555555555555
IDR,693,0.1925,55.94555555555555
IDR,694,0.19277777777777777,56.0011111111111
IDR,695,0.19305555555555556,56.0011111111111
IDR,696,0.19333333333333333,56.00722222222222
IDR,697,0.19361111111111112,56.062777777777775
IDR,698,0.1938888888888889,56.062777777777775
IDR,699,0.19416666666666665,56.062777777777775
IDR,700,0.19444444444444445,56.062777777777775
IDR,701,0.1947222222222222,56.062777777777775
IDR,702,0.195,56.07666666666666
IDR,703,0.19527777777777777,56.07666666666666
IDR,704,0.19555555555555557,56.07666666666666
IDR,705,0.19583333333333333,56.06888888888889
IDR,706,0.19611111111111112,56.12444444444444
IDR,707,0.1963888888888889,56.12833333333334
IDR,708,0.19666666666666666,56.12833333333334
IDR,709,0.19694444444444445,56.18388888888889
IDR,710,0.19722222222222222,56.18388888888889
IDR,711,0.1975,56.21000000000001
IDR,712,0.19777777777777777,56.21000000000001
IDR,713,0.19805555555555557,56.222222222222214
IDR,714,0.19833333333333333,56.222222222222214
IDR,715,0.1986111111111111,56.26388888888889
IDR,716,0.1988888888888889,56.26388888888889
IDR,717,0.19916666666666666,56.26388888888889
IDR,718,0.19944444444444445,56.26388888888889
IDR,719,0.19972222222222222,56.31944444444444
IDR,720,0.2,56.337777777777774
IDR,721,0.20027777777777778,56.379444444444445
IDR,722,0.20055555555555554,56.379444444444445
IDR,723,0.20083333333333334,56.379444444444445
IDR,724,0.2011111111111111,56.35166666666667
IDR,725,0.2013888888888889,56.35166666666667
IDR,726,0.20166666666666666,56.35166666666667
IDR,727,0.20194444444444445,56.35166666666667
IDR,728,0.20222222222222222,56.361666666666665
IDR,729,0.2025,56.388888888888886
IDR,730,0.20277777777777778,56.44444444444444
IDR,731,0.20305555555555554,56.481666666666676
IDR,732,0.20333333333333334,56.481666666666676
IDR,733,0.2036111111111111,56.481666666666676
IDR,734,0.2038888888888889,56.481666666666676
IDR,735,0.20416666666666666,56.46777777777778
IDR,736,0.20444444444444446,56.46777777777778
IDR,737,0.20472222222222222,56.46777777777778
IDR,738,0.205,56.46777777777778
IDR,739,0.20527777777777778,56.46777777777778
IDR,740,0.20555555555555555,56.46777777777778
IDR,741,0.20583333333333334,56.46777777777778
IDR,742,0.2061111111111111,56.47277777777777
IDR,743,0.2063888888888889,56.47277777777777
IDR,744,0.20666666666666667,56.47277777777777
IDR,745,0.20694444444444443,56.47277777777777
IDR,746,0.20722222222222222,56.47277777777777
IDR,747,0.2075,56.47277777777777
IDR,748,0.20777777777777778,56.528333333333336
IDR,749,0.20805555555555555,56.528333333333336
IDR,750,0.20833333333333334,56.528333333333336
IDR,751,0.2086111111111111,56.528333333333336
IDR,752,0.2088888888888889,56.52444444444444
IDR,753,0.20916666666666667,56.58
IDR,754,0.20944444444444443,56.62166666666667
IDR,755,0.20972222222222223,56.67722222222223
IDR,756,0.21,56.67722222222223
IDR,757,0.21027777777777779,56.67722222222223
IDR,758,0.21055555555555555,56.67722222222223
IDR,759,0.21083333333333334,56.67722222222223
IDR,760,0.2111111111111111,56.73277777777778
IDR,761,0.21138888888888888,56.73277777777778
IDR,762,0.21166666666666667,56.78833333333333
IDR,763,0.21194444444444444,56.78833333333333
IDR,764,0.21222222222222223,56.78833333333333
IDR,765,0.2125,56.78833333333333
IDR,766,0.2127777777777778,56.78833333333333
IDR,767,0.21305555555555555,56.84388888888889
IDR,768,0.21333333333333335,56.84388888888889
IDR,769,0.2136111111111111,56.83944444444444
IDR,770,0.21388888888888888,56.84611111111111
IDR,771,0.21416666666666667,56.84611111111111
IDR,772,0.21444444444444444,56.84611111111111
IDR,773,0.21472222222222223,56.84611111111111
IDR,774,0.215,56.84611111111111
IDR,775,0.2152777777777778,56.84611111111111
IDR,776,0.21555555555555556,56.84611111111111
IDR,777,0.21583333333333332,56.84611111111111
IDR,778,0.21611111111111111,56.84611111111111
IDR,779,0.21638888888888888,56.84611111111111
IDR,780,0.21666666666666667,56.84611111111111
IDR,781,0.21694444444444444,56.84611111111111
IDR,782,0.21722222222222223,56.90166666666667
IDR,783,0.2175,56.89000000000001
IDR,784,0.21777777777777776,56.89000000000001
IDR,785,0.21805555555555556,56.89000000000001
IDR,786,0.21833333333333332,56.902222222222235
IDR,787,0.21861111111111112,56.957777777777785
IDR,788,0.21888888888888888,56.91833333333334
IDR,789,0.21916666666666668,56.92
IDR,790,0.21944444444444444,56.92
IDR,791,0.21972222222222224,56.92
IDR,792,0.22,56.92
IDR,793,0.22027777777777777,56.92
IDR,794,0.22055555555555556,56.92611111111112
IDR,795,0.22083333333333333,56.92611111111112
IDR,796,0.22111111111111112,56.92611111111112
IDR,797,0.22138888888888889,56.96555555555556
IDR,798,0.22166666666666668,57.00277777777778
IDR,799,0.22194444444444444,57.00277777777778
IDR,800,0.2222222222222222,57.00277777777778
IDR,801,0.2225,57.00277777777778
IDR,802,0.22277777777777777,57.00277777777778
IDR,803,0.22305555555555556,57.04444444444445
IDR,804,0.22333333333333333,57.05166666666667
IDR,805,0.22361111111111112,57.05166666666667
IDR,806,0.2238888888888889,57.05166666666667
IDR,807,0.22416666666666665,57.05166666666667
IDR,808,0.22444444444444445,57.05166666666667
IDR,809,0.2247222222222222,57.05166666666667
IDR,810,0.225,57.10722222222222
IDR,811,0.22527777777777777,57.123333333333335
IDR,812,0.22555555555555556,57.123333333333335
IDR,813,0.22583333333333333,57.123333333333335
IDR,814,0.22611111111111112,57.13277777777779
IDR,815,0.2263888888888889,57.18833333333334
IDR,816,0.22666666666666666,57.18833333333334
IDR,817,0.22694444444444445,57.18833333333334
IDR,818,0.22722222222222221,57.18833333333334
IDR,819,0.2275,57.18833333333334
IDR,820,0.22777777777777777,57.18833333333334
IDR,821,0.22805555555555557,57.18888888888889
IDR,822,0.22833333333333333,57.244444444444454
IDR,823,0.2286111111111111,57.266666666666666
IDR,824,0.2288888888888889,57.266666666666666
IDR,825,0.22916666666666666,57.266666666666666
IDR,826,0.22944444444444445,57.266666666666666
IDR,827,0.22972222222222222,57.266666666666666
IDR,828,0.23,57.266666666666666
IDR,829,0.23027777777777778,57.266666666666666
IDR,830,0.23055555555555557,57.266666666666666
IDR,831,0.23083333333333333,57.25277777777779
IDR,832,0.2311111111111111,57.25277777777779
IDR,833,0.2313888888888889,57.26388888888889
IDR,834,0.23166666666666666,57.27888888888889
IDR,835,0.23194444444444445,57.27888888888889
IDR,836,0.23222222222222222,57.27888888888889
IDR,837,0.2325,57.27888888888889
IDR,838,0.23277777777777778,57.27888888888889
IDR,839,0.23305555555555554,57.27888888888889
IDR,840,0.23333333333333334,57.27888888888889
IDR,841,0.2336111111111111,57.28833333333334
IDR,842,0.2338888888888889,57.28833333333334
IDR,843,0.23416666666666666,57.28833333333334
IDR,844,0.23444444444444446,57.34388888888889
IDR,845,0.23472222222222222,57.353333333333346
IDR,846,0.235,57.353333333333346
IDR,847,0.23527777777777778,57.40888888888889
IDR,848,0.23555555555555555,57.40888888888889
IDR,849,0.23583333333333334,57.46444444444445
IDR,850,0.2361111111111111,57.46444444444445
IDR,851,0.2363888888888889,57.52
IDR,852,0.23666666666666666,57.52
IDR,853,0.23694444444444446,57.52444444444444
IDR,854,0.23722222222222222,57.510555555555555
IDR,855,0.2375,57.510555555555555
IDR,856,0.23777777777777778,57.52166666666667
IDR,857,0.23805555555555555,57.52166666666667
IDR,858,0.23833333333333334,57.52166666666667
IDR,859,0.2386111111111111,57.52166666666667
IDR,860,0.2388888888888889,57.52055555555556
IDR,861,0.23916666666666667,57.52055555555556
IDR,862,0.23944444444444443,57.52055555555556
IDR,863,0.23972222222222223,57.52055555555556
IDR,864,0.24,57.52055555555556
IDR,865,0.24027777777777778,57.52055555555556
IDR,866,0.24055555555555555,57.52055555555556
IDR,867,0.24083333333333334,57.53
IDR,868,0.2411111111111111,57.53
IDR,869,0.24138888888888888,57.57611111111112
IDR,870,0.24166666666666667,57.57611111111112
IDR,871,0.24194444444444443,57.57611111111112
IDR,872,0.24222222222222223,57.57611111111112
IDR,873,0.2425,57.57611111111112
IDR,874,0.2427777777777778,57.57611111111112
IDR,875,0.24305555555555555,57.57611111111112
IDR,876,0.24333333333333335,57.57611111111112
IDR,877,0.2436111111111111,57.57888888888889
IDR,878,0.24388888888888888,57.57888888888889
IDR,879,0.24416666666666667,57.57888888888889
IDR,880,0.24444444444444444,57.634444444444455
IDR,881,0.24472222222222223,57.634444444444455
IDR,882,0.245,57.634444444444455
IDR,883,0.2452777777777778,57.634444444444455
IDR,884,0.24555555555555555,57.690000000000005
IDR,885,0.24583333333333332,57.690000000000005
IDR,886,0.2461111111111111,57.70611111111111
IDR,887,0.24638888888888888,57.70611111111111
IDR,888,0.24666666666666667,57.70611111111111
IDR,889,0.24694444444444444,57.716111111111125
IDR,890,0.24722222222222223,57.72833333333334
IDR,891,0.2475,57.7838888888889
IDR,892,0.2477777777777778,57.7838888888889
IDR,893,0.24805555555555556,57.83944444444445
IDR,894,0.24833333333333332,57.881666666666675
IDR,895,0.24861111111111112,57.881666666666675
IDR,896,0.24888888888888888,57.881666666666675
IDR,897,0.24916666666666668,57.9188888888889
IDR,898,0.24944444444444444,57.9188888888889
IDR,899,0.24972222222222223,57.9188888888889
IDR,900,0.25,57.9188888888889
IDR,901,0.25027777777777777,57.97444444444445
IDR,902,0.25055555555555553,57.97444444444445
IDR,903,0.25083333333333335,58.03
IDR,904,0.2511111111111111,58.03
IDR,905,0.2513888888888889,58.03
IDR,906,0.25166666666666665,58.03
IDR,907,0.25194444444444447,58.03
IDR,908,0.25222222222222224,58.03
IDR,909,0.2525,58.03
IDR,910,0.25277777777777777,58.03
IDR,911,0.25305555555555553,58.03
IDR,912,0.25333333333333335,58.03
IDR,913,0.2536111111111111,58.085555555555565
IDR,914,0.2538888888888889,58.085555555555565
IDR,915,0.25416666666666665,58.085555555555565
IDR,916,0.2544444444444444,58.12277777777779
IDR,917,0.25472222222222224,58.12277777777779
IDR,918,0.255,58.12277777777779
IDR,919,0.25527777777777777,58.12277777777779
IDR,920,0.25555555555555554,58.14111111111112
IDR,921,0.25583333333333336,58.14111111111112
IDR,922,0.2561111111111111,58.14277777777779
IDR,923,0.2563888888888889,58.12500000000001
IDR,924,0.25666666666666665,58.131111111111125
IDR,925,0.2569444444444444,58.131111111111125
IDR,926,0.25722222222222224,58.131111111111125
IDR,927,0.2575,58.131111111111125
IDR,928,0.2577777777777778,58.186666666666675
IDR,929,0.25805555555555554,58.186666666666675
IDR,930,0.25833333333333336,58.186666666666675
IDR,931,0.2586111111111111,58.186666666666675
IDR,932,0.2588888888888889,58.24222222222223
IDR,933,0.25916666666666666,58.24222222222223
IDR,934,0.2594444444444444,58.24222222222223
IDR,935,0.25972222222222224,58.24222222222223
IDR,936,0.26,58.27000000000001
IDR,937,0.2602777777777778,58.27000000000001
IDR,938,0.26055555555555554,58.27000000000001
IDR,939,0.2608333333333333,58.32555555555557
IDR,940,0.2611111111111111,58.32555555555557
IDR,941,0.2613888888888889,58.38111111111112
IDR,942,0.26166666666666666,58.38111111111112
IDR,943,0.2619444444444444,58.38111111111112
IDR,944,0.26222222222222225,58.38111111111112
IDR,945,0.2625,58.38111111111112
IDR,946,0.2627777777777778,58.38111111111112
IDR,947,0.26305555555555554,58.38111111111112
IDR,948,0.2633333333333333,58.38111111111112
IDR,949,0.26361111111111113,58.38111111111112
IDR,950,0.2638888888888889,58.38111111111112
IDR,951,0.26416666666666666,58.408888888888896
IDR,952,0.2644444444444444,58.46444444444445
IDR,953,0.26472222222222225,58.46444444444445
IDR,954,0.265,58.46444444444445
IDR,955,0.2652777777777778,58.46444444444445
IDR,956,0.26555555555555554,58.46444444444445
IDR,957,0.2658333333333333,58.478333333333346
IDR,958,0.26611111111111113,58.43666666666667
IDR,959,0.2663888888888889,58.43666666666667
IDR,960,0.26666666666666666,58.43666666666667
IDR,961,0.26694444444444443,58.43666666666667
IDR,962,0.26722222222222225,58.43666666666667
IDR,963,0.2675,58.43666666666667
IDR,964,0.2677777777777778,58.43666666666667
IDR,965,0.26805555555555555,58.43666666666667
IDR,966,0.2683333333333333,58.46055555555556
IDR,967,0.26861111111111113,58.46055555555556
IDR,968,0.2688888888888889,58.46055555555556
IDR,969,0.26916666666666667,58.46055555555556
IDR,970,0.26944444444444443,58.46055555555556
IDR,971,0.2697222222222222,58.46055555555556
IDR,972,0.27,58.46055555555556
IDR,973,0.2702777777777778,58.46055555555556
IDR,974,0.27055555555555555,58.46055555555556
IDR,975,0.2708333333333333,58.46055555555556
IDR,976,0.27111111111111114,58.47444444444445
IDR,977,0.2713888888888889,58.49000000000001
IDR,978,0.27166666666666667,58.49000000000001
IDR,979,0.27194444444444443,58.49000000000001
IDR,980,0.2722222222222222,58.49000000000001
IDR,981,0.2725,58.49000000000001
IDR,982,0.2727777777777778,58.49000000000001
IDR,983,0.27305555555555555,58.49000000000001
IDR,984,0.2733333333333333,58.49000000000001
IDR,985,0.27361111111111114,58.49000000000001
IDR,986,0.2738888888888889,58.49000000000001
IDR,987,0.27416666666666667,58.49000000000001
IDR,988,0.27444444444444444,58.49000000000001
IDR,989,0.2747222222222222,58.54555555555556
IDR,990,0.275,58.55944444444445
IDR,991,0.2752777777777778,58.55944444444445
IDR,992,0.27555555555555555,58.59777777777778
IDR,993,0.2758333333333333,58.59777777777778
IDR,994,0.2761111111111111,58.61611111111111
IDR,995,0.2763888888888889,58.61611111111111
IDR,996,0.27666666666666667,58.61611111111111
IDR,997,0.27694444444444444,58.61611111111111
IDR,998,0.2772222222222222,58.61000000000001
IDR,999,0.2775,58.61000000000001
IDR,1000,0.2777777777777778,58.637777777777785
IDR,1001,0.27805555555555556,58.637777777777785
IDR,1002,0.2783333333333333,58.637777777777785
IDR,1003,0.2786111111111111,58.637777777777785
IDR,1004,0.2788888888888889,58.637777777777785
IDR,1005,0.2791666666666667,58.640555555555565
IDR,1006,0.27944444444444444,58.640555555555565
IDR,1007,0.2797222222222222,58.640555555555565
IDR,1008,0.28,58.640555555555565
IDR,1009,0.2802777777777778,58.640555555555565
IDR,1010,0.28055555555555556,58.640555555555565
IDR,1011,0.2808333333333333,58.640555555555565
IDR,1012,0.2811111111111111,58.640555555555565
IDR,1013,0.2813888888888889,58.640555555555565
IDR,1014,0.2816666666666667,58.640555555555565
IDR,1015,0.28194444444444444,58.640555555555565
IDR,1016,0.2822222222222222,58.696111111111115
IDR,1017,0.2825,58.7238888888889
IDR,1018,0.2827777777777778,58.7238888888889
IDR,1019,0.28305555555555556,58.7238888888889
IDR,1020,0.2833333333333333,58.72166666666667
IDR,1021,0.2836111111111111,58.72166666666667
IDR,1022,0.2838888888888889,58.72166666666667
IDR,1023,0.2841666666666667,58.72166666666667
IDR,1024,0.28444444444444444,58.72166666666667
IDR,1025,0.2847222222222222,58.755
IDR,1026,0.285,58.755
IDR,1027,0.2852777777777778,58.78611111111112
IDR,1028,0.28555555555555556,58.78611111111112
IDR,1029,0.28583333333333333,58.78611111111112
IDR,1030,0.2861111111111111,58.78611111111112
IDR,1031,0.2863888888888889,58.77666666666668
IDR,1032,0.2866666666666667,58.77666666666668
IDR,1033,0.28694444444444445,58.77666666666668
IDR,1034,0.2872222222222222,58.77666666666668
IDR,1035,0.2875,58.77666666666668
IDR,1036,0.2877777777777778,58.77666666666668
IDR,1037,0.28805555555555556,58.77722222222223
IDR,1038,0.28833333333333333,58.77000000000001
IDR,1039,0.2886111111111111,58.77000000000001
IDR,1040,0.28888888888888886,58.77000000000001
IDR,1041,0.2891666666666667,58.77000000000001
IDR,1042,0.28944444444444445,58.77000000000001
IDR,1043,0.2897222222222222,58.77000000000001
IDR,1044,0.29,58.77000000000001
IDR,1045,0.2902777777777778,58.77000000000001
IDR,1046,0.29055555555555557,58.77000000000001
IDR,1047,0.29083333333333333,58.77000000000001
IDR,1048,0.2911111111111111,58.77000000000001
IDR,1049,0.29138888888888886,58.77000000000001
IDR,1050,0.2916666666666667,58.77000000000001
IDR,1051,0.29194444444444445,58.77000000000001
IDR,1052,0.2922222222222222,58.77000000000001
IDR,1053,0.2925,58.77000000000001
IDR,1054,0.2927777777777778,58.77000000000001
IDR,1055,0.29305555555555557,58.77000000000001
IDR,1056,0.29333333333333333,58.8138888888889
IDR,1057,0.2936111111111111,58.869444444444454
IDR,1058,0.29388888888888887,58.87722222222222
IDR,1059,0.2941666666666667,58.87777777777779
IDR,1060,0.29444444444444445,58.87777777777779
IDR,1061,0.2947222222222222,58.87777777777779
IDR,1062,0.295,58.87777777777779
IDR,1063,0.29527777777777775,58.87777777777779
IDR,1064,0.29555555555555557,58.87777777777779
IDR,1065,0.29583333333333334,58.87777777777779
IDR,1066,0.2961111111111111,58.87777777777779
IDR,1067,0.29638888888888887,58.87777777777779
IDR,1068,0.2966666666666667,58.87777777777779
IDR,1069,0.29694444444444446,58.87777777777779
IDR,1070,0.2972222222222222,58.87777777777779
IDR,1071,0.2975,58.87777777777779
IDR,1072,0.29777777777777775,58.87777777777779
IDR,1073,0.2980555555555556,58.83833333333334
IDR,1074,0.29833333333333334,58.83833333333334
IDR,1075,0.2986111111111111,58.83833333333334
IDR,1076,0.29888888888888887,58.83833333333334
IDR,1077,0.2991666666666667,58.83833333333334
IDR,1078,0.29944444444444446,58.83833333333334
IDR,1079,0.2997222222222222,58.838888888888896
IDR,1080,0.3,58.894444444444446
IDR,1081,0.30027777777777775,58.95
IDR,1082,0.3005555555555556,58.94944444444445
IDR,1083,0.30083333333333334,58.94944444444445
IDR,1084,0.3011111111111111,58.94944444444445
IDR,1085,0.3013888888888889,58.94944444444445
IDR,1086,0.3016666666666667,58.95777777777778
IDR,1087,0.30194444444444446,58.91833333333334
IDR,1088,0.3022222222222222,58.91222222222223
IDR,1089,0.3025,58.91222222222223
IDR,1090,0.30277777777777776,58.92000000000001
IDR,1091,0.3030555555555556,58.92000000000001
IDR,1092,0.30333333333333334,58.87555555555556
IDR,1093,0.3036111111111111,58.87555555555556
IDR,1094,0.3038888888888889,58.87555555555556
IDR,1095,0.30416666666666664,58.87555555555556
IDR,1096,0.30444444444444446,58.87555555555556
IDR,1097,0.3047222222222222,58.87555555555556
IDR,1098,0.305,58.906111111111116
IDR,1099,0.30527777777777776,58.906111111111116
IDR,1100,0.3055555555555556,58.906111111111116
IDR,1101,0.30583333333333335,58.89666666666666
IDR,1102,0.3061111111111111,58.89666666666666
IDR,1103,0.3063888888888889,58.90500000000001
IDR,1104,0.30666666666666664,58.90500000000001
IDR,1105,0.30694444444444446,58.90500000000001
IDR,1106,0.30722222222222223,58.90500000000001
IDR,1107,0.3075,58.93555555555557
IDR,1108,0.30777777777777776,58.93555555555557
IDR,1109,0.3080555555555556,58.9288888888889
IDR,1110,0.30833333333333335,58.9288888888889
IDR,1111,0.3086111111111111,58.9288888888889
IDR,1112,0.3088888888888889,58.9288888888889
IDR,1113,0.30916666666666665,58.92277777777778
IDR,1114,0.30944444444444447,58.92277777777778
IDR,1115,0.30972222222222223,58.92277777777778
IDR,1116,0.31,58.92277777777778
IDR,1117,0.31027777777777776,58.92277777777778
IDR,1118,0.31055555555555553,58.92277777777778
IDR,1119,0.31083333333333335,58.92277777777778
IDR,1120,0.3111111111111111,58.92277777777778
IDR,1121,0.3113888888888889,58.92277777777778
IDR,1122,0.31166666666666665,58.92277777777778
IDR,1123,0.31194444444444447,58.92277777777778
IDR,1124,0.31222222222222223,58.92277777777778
IDR,1125,0.3125,58.90222222222222
IDR,1126,0.31277777777777777,58.90222222222222
IDR,1127,0.31305555555555553,58.90222222222222
IDR,1128,0.31333333333333335,58.90222222222222
IDR,1129,0.3136111111111111,58.89666666666666
IDR,1130,0.3138888888888889,58.89666666666666
IDR,1131,0.31416666666666665,58.89666666666666
IDR,1132,0.31444444444444447,58.89666666666666
IDR,1133,0.31472222222222224,58.89666666666666
IDR,1134,0.315,58.89666666666666
IDR,1135,0.31527777777777777,58.89666666666666
IDR,1136,0.31555555555555553,58.89666666666666
IDR,1137,0.31583333333333335,58.89666666666666
IDR,1138,0.3161111111111111,58.89666666666666
IDR,1139,0.3163888888888889,58.89666666666666
IDR,1140,0.31666666666666665,58.91888888888889
IDR,1141,0.3169444444444444,58.91888888888889
IDR,1142,0.31722222222222224,58.91888888888889
IDR,1143,0.3175,58.91888888888889
IDR,1144,0.31777777777777777,58.91888888888889
IDR,1145,0.31805555555555554,58.91888888888889
IDR,1146,0.31833333333333336,58.91888888888889
IDR,1147,0.3186111111111111,58.91888888888889
IDR,1148,0.3188888888888889,58.91888888888889
IDR,1149,0.31916666666666665,58.91888888888889
IDR,1150,0.3194444444444444,58.92388888888889
IDR,1151,0.31972222222222224,58.91888888888889
IDR,1152,0.32,58.91888888888889
IDR,1153,0.3202777777777778,58.92722222222222
IDR,1154,0.32055555555555554,58.92722222222222
IDR,1155,0.32083333333333336,58.92722222222222
IDR,1156,0.3211111111111111,58.94555555555555
IDR,1157,0.3213888888888889,58.94555555555555
IDR,1158,0.32166666666666666,58.94555555555555
IDR,1159,0.3219444444444444,58.94555555555555
IDR,1160,0.32222222222222224,58.94555555555555
IDR,1161,0.3225,58.94555555555555
IDR,1162,0.3227777777777778,58.94555555555555
IDR,1163,0.32305555555555554,58.94555555555555
IDR,1164,0.3233333333333333,58.94555555555555
IDR,1165,0.3236111111111111,58.94555555555555
IDR,1166,0.3238888888888889,58.94555555555555
IDR,1167,0.32416666666666666,58.94555555555555
IDR,1168,0.3244444444444444,58.94555555555555
IDR,1169,0.32472222222222225,59.0011111111111
IDR,1170,0.325,59.0011111111111
IDR,1171,0.3252777777777778,59.0011111111111
IDR,1172,0.32555555555555554,59.0011111111111
IDR,1173,0.3258333333333333,59.05666666666667
IDR,1174,0.32611111111111113,59.11222222222222
IDR,1175,0.3263888888888889,59.11222222222222
IDR,1176,0.32666666666666666,59.11222222222222
IDR,1177,0.3269444444444444,59.11222222222222
IDR,1178,0.32722222222222225,59.11222222222222
IDR,1179,0.3275,59.11222222222222
IDR,1180,0.3277777777777778,59.11222222222222
IDR,1181,0.32805555555555554,59.16777777777777
IDR,1182,0.3283333333333333,59.22333333333333
IDR,1183,0.32861111111111113,59.22333333333333
IDR,1184,0.3288888888888889,59.22333333333333
IDR,1185,0.32916666666666666,59.22333333333333
IDR,1186,0.32944444444444443,59.22333333333333
IDR,1187,0.32972222222222225,59.23722222222222
IDR,1188,0.33,59.23722222222222
IDR,1189,0.3302777777777778,59.23166666666666
IDR,1190,0.33055555555555555,59.25055555555555
IDR,1191,0.3308333333333333,59.25055555555555
IDR,1192,0.33111111111111113,59.30611111111111
IDR,1193,0.3313888888888889,59.34777777777778
IDR,1194,0.33166666666666667,59.34777777777778
IDR,1195,0.33194444444444443,59.34777777777778
IDR,1196,0.3322222222222222,59.34777777777778
IDR,1197,0.3325,59.34777777777778
IDR,1198,0.3327777777777778,59.34777777777778
IDR,1199,0.33305555555555555,59.34777777777778
IDR,1200,0.3333333333333333,59.34777777777778
IDR,1201,0.33361111111111114,59.34777777777778
IDR,1202,0.3338888888888889,59.34777777777778
IDR,1203,0.33416666666666667,59.34777777777778
IDR,1204,0.33444444444444443,59.34777777777778
IDR,1205,0.3347222222222222,59.34777777777778
IDR,1206,0.335,59.34777777777778
IDR,1207,0.3352777777777778,59.34777777777778
IDR,1208,0.33555555555555555,59.34777777777778
IDR,1209,0.3358333333333333,59.34777777777778
IDR,1210,0.33611111111111114,59.35722222222222
IDR,1211,0.3363888888888889,59.35722222222222
IDR,1212,0.33666666666666667,59.39444444444444
IDR,1213,0.33694444444444444,59.39444444444444
IDR,1214,0.3372222222222222,59.39444444444444
IDR,1215,0.3375,59.385
IDR,1216,0.3377777777777778,59.385
IDR,1217,0.33805555555555555,59.385
IDR,1218,0.3383333333333333,59.40333333333333
IDR,1219,0.3386111111111111,59.40333333333333
IDR,1220,0.3388888888888889,59.40333333333333
IDR,1221,0.33916666666666667,59.38222222222221
IDR,1222,0.33944444444444444,59.40333333333333
IDR,1223,0.3397222222222222,59.458888888888886
IDR,1224,0.34,59.458888888888886
IDR,1225,0.3402777777777778,59.458888888888886
IDR,1226,0.34055555555555556,59.458888888888886
IDR,1227,0.3408333333333333,59.458888888888886
IDR,1228,0.3411111111111111,59.458888888888886
IDR,1229,0.3413888888888889,59.458888888888886
IDR,1230,0.3416666666666667,59.458888888888886
IDR,1231,0.34194444444444444,59.49222222222221
IDR,1232,0.3422222222222222,59.49222222222221
IDR,1233,0.3425,59.458888888888886
IDR,1234,0.3427777777777778,59.458888888888886
IDR,1235,0.34305555555555556,59.458888888888886
IDR,1236,0.3433333333333333,59.458888888888886
IDR,1237,0.3436111111111111,59.458888888888886
IDR,1238,0.3438888888888889,59.458888888888886
IDR,1239,0.3441666666666667,59.458888888888886
IDR,1240,0.34444444444444444,59.458888888888886
IDR,1241,0.3447222222222222,59.458888888888886
IDR,1242,0.345,59.458888888888886
IDR,1243,0.3452777777777778,59.458888888888886
IDR,1244,0.34555555555555556,59.458888888888886
IDR,1245,0.3458333333333333,59.458888888888886
IDR,1246,0.3461111111111111,59.458888888888886
IDR,1247,0.3463888888888889,59.458888888888886
IDR,1248,0.3466666666666667,59.458888888888886
IDR,1249,0.34694444444444444,59.481111111111105
IDR,1250,0.3472222222222222,59.481111111111105
IDR,1251,0.3475,59.481111111111105
IDR,1252,0.3477777777777778,59.481111111111105
IDR,1253,0.34805555555555556,59.481111111111105
IDR,1254,0.34833333333333333,59.481111111111105
IDR,1255,0.3486111111111111,59.481111111111105
IDR,1256,0.3488888888888889,59.481111111111105
IDR,1257,0.3491666666666667,59.486666666666665
IDR,1258,0.34944444444444445,59.486666666666665
IDR,1259,0.3497222222222222,59.486666666666665
IDR,1260,0.35,59.486666666666665
IDR,1261,0.3502777777777778,59.486666666666665
IDR,1262,0.35055555555555556,59.486666666666665
IDR,1263,0.35083333333333333,59.486666666666665
IDR,1264,0.3511111111111111,59.486666666666665
IDR,1265,0.35138888888888886,59.486666666666665
IDR,1266,0.3516666666666667,59.486666666666665
IDR,1267,0.35194444444444445,59.486666666666665
IDR,1268,0.3522222222222222,59.486666666666665
IDR,1269,0.3525,59.486666666666665
IDR,1270,0.3527777777777778,59.486666666666665
IDR,1271,0.35305555555555557,59.486666666666665
IDR,1272,0.35333333333333333,59.486666666666665
IDR,1273,0.3536111111111111,59.486666666666665
IDR,1274,0.35388888888888886,59.486666666666665
IDR,1275,0.3541666666666667,59.486666666666665
IDR,1276,0.35444444444444445,59.453333333333326
IDR,1277,0.3547222222222222,59.453333333333326
IDR,1278,0.355,59.453333333333326
IDR,1279,0.3552777777777778,59.453333333333326
IDR,1280,0.35555555555555557,59.453333333333326
IDR,1281,0.35583333333333333,59.453333333333326
IDR,1282,0.3561111111111111,59.453333333333326
IDR,1283,0.35638888888888887,59.453333333333326
IDR,1284,0.3566666666666667,59.453333333333326
IDR,1285,0.35694444444444445,59.453333333333326
IDR,1286,0.3572222222222222,59.453333333333326
IDR,1287,0.3575,59.453333333333326
IDR,1288,0.35777777777777775,59.453333333333326
IDR,1289,0.35805555555555557,59.453333333333326
IDR,1290,0.35833333333333334,59.453333333333326
IDR,1291,0.3586111111111111,59.453333333333326
IDR,1292,0.35888888888888887,59.453333333333326
IDR,1293,0.3591666666666667,59.453333333333326
IDR,1294,0.35944444444444446,59.453333333333326
IDR,1295,0.3597222222222222,59.453333333333326
IDR,1296,0.36,59.453333333333326
IDR,1297,0.36027777777777775,59.453333333333326
IDR,1298,0.3605555555555556,59.453333333333326
IDR,1299,0.36083333333333334,59.508888888888876
IDR,1300,0.3611111111111111,59.508888888888876
IDR,1301,0.36138888888888887,59.508888888888876
IDR,1302,0.3616666666666667,59.508888888888876
IDR,1303,0.36194444444444446,59.508888888888876
IDR,1304,0.3622222222222222,59.508888888888876
IDR,1305,0.3625,59.508888888888876
IDR,1306,0.36277777777777775,59.508888888888876
IDR,1307,0.3630555555555556,59.508888888888876
IDR,1308,0.36333333333333334,59.508888888888876
IDR,1309,0.3636111111111111,59.508888888888876
IDR,1310,0.3638888888888889,59.508888888888876
IDR,1311,0.3641666666666667,59.508888888888876
IDR,1312,0.36444444444444446,59.508888888888876
IDR,1313,0.3647222222222222,59.508888888888876
IDR,1314,0.365,59.508888888888876
IDR,1315,0.36527777777777776,59.501666666666665
IDR,1316,0.3655555555555556,59.501666666666665
IDR,1317,0.36583333333333334,59.501666666666665
IDR,1318,0.3661111111111111,59.501666666666665
IDR,1319,0.3663888888888889,59.501666666666665
IDR,1320,0.36666666666666664,59.501666666666665
IDR,1321,0.36694444444444446,59.501666666666665
IDR,1322,0.3672222222222222,59.501666666666665
IDR,1323,0.3675,59.557222222222215
IDR,1324,0.36777777777777776,59.557222222222215
IDR,1325,0.3680555555555556,59.557222222222215
IDR,1326,0.36833333333333335,59.557222222222215
IDR,1327,0.3686111111111111,59.557222222222215
IDR,1328,0.3688888888888889,59.557222222222215
IDR,1329,0.36916666666666664,59.557222222222215
IDR,1330,0.36944444444444446,59.557222222222215
IDR,1331,0.36972222222222223,59.557222222222215
IDR,1332,0.37,59.557222222222215
IDR,1333,0.37027777777777776,59.557222222222215
IDR,1334,0.3705555555555556,59.557222222222215
IDR,1335,0.37083333333333335,59.5461111111111
IDR,1336,0.3711111111111111,59.5461111111111
IDR,1337,0.3713888888888889,59.5461111111111
IDR,1338,0.37166666666666665,59.54777777777777
IDR,1339,0.37194444444444447,59.54777777777777
IDR,1340,0.37222222222222223,59.54777777777777
IDR,1341,0.3725,59.54777777777777
IDR,1342,0.37277777777777776,59.54777777777777
IDR,1343,0.37305555555555553,59.54777777777777
IDR,1344,0.37333333333333335,59.54777777777777
IDR,1345,0.3736111111111111,59.54777777777777
IDR,1346,0.3738888888888889,59.54777777777777
IDR,1347,0.37416666666666665,59.54777777777777
IDR,1348,0.37444444444444447,59.54777777777777
IDR,1349,0.37472222222222223,59.54777777777777
IDR,1350,0.375,59.54777777777777
IDR,1351,0.37527777777777777,59.54777777777777
IDR,1352,0.37555555555555553,59.54777777777777
IDR,1353,0.37583333333333335,59.54777777777777
IDR,1354,0.3761111111111111,59.54777777777777
IDR,1355,0.3763888888888889,59.54777777777777
IDR,1356,0.37666666666666665,59.54777777777777
IDR,1357,0.37694444444444447,59.55499999999999
IDR,1358,0.37722222222222224,59.55499999999999
IDR,1359,0.3775,59.55499999999999
IDR,1360,0.37777777777777777,59.61055555555554
IDR,1361,0.37805555555555553,59.5661111111111
IDR,1362,0.37833333333333335,59.5661111111111
IDR,1363,0.3786111111111111,59.5661111111111
IDR,1364,0.3788888888888889,59.5661111111111
IDR,1365,0.37916666666666665,59.57111111111111
IDR,1366,0.3794444444444444,59.55277777777776
IDR,1367,0.37972222222222224,59.55277777777776
IDR,1368,0.38,59.58999999999999
IDR,1369,0.38027777777777777,59.58999999999999
IDR,1370,0.38055555555555554,59.58999999999999
IDR,1371,0.38083333333333336,59.58999999999999
IDR,1372,0.3811111111111111,59.58999999999999
IDR,1373,0.3813888888888889,59.58999999999999
IDR,1374,0.38166666666666665,59.58999999999999
IDR,1375,0.3819444444444444,59.58999999999999
IDR,1376,0.38222222222222224,59.58999999999999
IDR,1377,0.3825,59.59388888888888
IDR,1378,0.3827777777777778,59.59388888888888
IDR,1379,0.38305555555555554,59.59388888888888
IDR,1380,0.38333333333333336,59.59388888888888
IDR,1381,0.3836111111111111,59.59388888888888
IDR,1382,0.3838888888888889,59.59388888888888
IDR,1383,0.38416666666666666,59.56999999999999
IDR,1384,0.3844444444444444,59.56999999999999
IDR,1385,0.38472222222222224,59.62555555555554
IDR,1386,0.385,59.62555555555554
IDR,1387,0.3852777777777778,59.62555555555554
IDR,1388,0.38555555555555554,59.62555555555554
IDR,1389,0.3858333333333333,59.61944444444443
IDR,1390,0.3861111111111111,59.61944444444443
IDR,1391,0.3863888888888889,59.61944444444443
IDR,1392,0.38666666666666666,59.61944444444443
IDR,1393,0.3869444444444444,59.65666666666666
IDR,1394,0.38722222222222225,59.65666666666666
IDR,1395,0.3875,59.65666666666666
IDR,1396,0.3877777777777778,59.65666666666666
IDR,1397,0.38805555555555554,59.65666666666666
IDR,1398,0.3883333333333333,59.65666666666666
IDR,1399,0.38861111111111113,59.700555555555546
IDR,1400,0.3888888888888889,59.700555555555546
IDR,1401,0.38916666666666666,59.700555555555546
IDR,1402,0.3894444444444444,59.70777777777777
IDR,1403,0.38972222222222225,59.70777777777777
IDR,1404,0.39,59.70777777777777
IDR,1405,0.3902777777777778,59.66277777777778
IDR,1406,0.39055555555555554,59.70777777777777
IDR,1407,0.3908333333333333,59.696666666666665
IDR,1408,0.39111111111111113,59.696666666666665
IDR,1409,0.3913888888888889,59.696666666666665
IDR,1410,0.39166666666666666,59.696666666666665
IDR,1411,0.39194444444444443,59.696666666666665
IDR,1412,0.39222222222222225,59.696666666666665
IDR,1413,0.3925,59.68722222222221
IDR,1414,0.3927777777777778,59.68722222222221
IDR,1415,0.39305555555555555,59.68722222222221
IDR,1416,0.3933333333333333,59.74277777777777
IDR,1417,0.39361111111111113,59.74277777777777
IDR,1418,0.3938888888888889,59.76499999999999
IDR,1419,0.39416666666666667,59.76499999999999
IDR,1420,0.39444444444444443,59.76499999999999
IDR,1421,0.3947222222222222,59.76499999999999
IDR,1422,0.395,59.76499999999999
IDR,1423,0.3952777777777778,59.76499999999999
IDR,1424,0.39555555555555555,59.76777777777777
IDR,1425,0.3958333333333333,59.7861111111111
IDR,1426,0.39611111111111114,59.7861111111111
IDR,1427,0.3963888888888889,59.7861111111111
IDR,1428,0.39666666666666667,59.77277777777776
IDR,1429,0.39694444444444443,59.816111111111105
IDR,1430,0.3972222222222222,59.816111111111105
IDR,1431,0.3975,59.816111111111105
IDR,1432,0.3977777777777778,59.816111111111105
IDR,1433,0.39805555555555555,59.816111111111105
IDR,1434,0.3983333333333333,59.816111111111105
IDR,1435,0.39861111111111114,59.816111111111105
IDR,1436,0.3988888888888889,59.816111111111105
IDR,1437,0.39916666666666667,59.816111111111105
IDR,1438,0.39944444444444444,59.816111111111105
IDR,1439,0.3997222222222222,59.816111111111105
IDR,1440,0.4,59.816111111111105
IDR,1441,0.4002777777777778,59.816111111111105
IDR,1442,0.40055555555555555,59.823888888888874
IDR,1443,0.4008333333333333,59.823888888888874
IDR,1444,0.4011111111111111,59.823888888888874
IDR,1445,0.4013888888888889,59.819444444444436
IDR,1446,0.40166666666666667,59.819444444444436
IDR,1447,0.40194444444444444,59.819444444444436
IDR,1448,0.4022222222222222,59.819444444444436
IDR,1449,0.4025,59.819444444444436
IDR,1450,0.4027777777777778,59.819444444444436
IDR,1451,0.40305555555555556,59.819444444444436
IDR,1452,0.4033333333333333,59.819444444444436
IDR,1453,0.4036111111111111,59.819444444444436
IDR,1454,0.4038888888888889,59.819444444444436
IDR,1455,0.4041666666666667,59.819444444444436
IDR,1456,0.40444444444444444,59.819444444444436
IDR,1457,0.4047222222222222,59.819444444444436
IDR,1458,0.405,59.819444444444436
IDR,1459,0.4052777777777778,59.819444444444436
IDR,1460,0.40555555555555556,59.819444444444436
IDR,1461,0.4058333333333333,59.819444444444436
IDR,1462,0.4061111111111111,59.804444444444435
IDR,1463,0.4063888888888889,59.804444444444435
IDR,1464,0.4066666666666667,59.804444444444435
IDR,1465,0.40694444444444444,59.804444444444435
IDR,1466,0.4072222222222222,59.804444444444435
IDR,1467,0.4075,59.804444444444435
IDR,1468,0.4077777777777778,59.804444444444435
IDR,1469,0.40805555555555556,59.804444444444435
IDR,1470,0.4083333333333333,59.804444444444435
IDR,1471,0.4086111111111111,59.804444444444435
IDR,1472,0.4088888888888889,59.804444444444435
IDR,1473,0.4091666666666667,59.804444444444435
IDR,1474,0.40944444444444444,59.804444444444435
IDR,1475,0.4097222222222222,59.804444444444435
IDR,1476,0.41,59.79666666666665
IDR,1477,0.4102777777777778,59.79666666666665
IDR,1478,0.41055555555555556,59.815
IDR,1479,0.41083333333333333,59.815
IDR,1480,0.4111111111111111,59.87055555555554
IDR,1481,0.4113888888888889,59.87055555555554
IDR,1482,0.4116666666666667,59.87055555555554
IDR,1483,0.41194444444444445,59.87055555555554
IDR,1484,0.4122222222222222,59.87055555555554
IDR,1485,0.4125,59.87055555555554
IDR,1486,0.4127777777777778,59.87055555555554
IDR,1487,0.41305555555555556,59.87055555555554
IDR,1488,0.41333333333333333,59.84277777777777
IDR,1489,0.4136111111111111,59.84277777777777
IDR,1490,0.41388888888888886,59.84277777777777
IDR,1491,0.4141666666666667,59.84277777777777
IDR,1492,0.41444444444444445,59.84277777777777
IDR,1493,0.4147222222222222,59.84277777777777
IDR,1494,0.415,59.84277777777777
IDR,1495,0.4152777777777778,59.89833333333332
IDR,1496,0.41555555555555557,59.89833333333332
IDR,1497,0.41583333333333333,59.89833333333332
IDR,1498,0.4161111111111111,59.89833333333332
IDR,1499,0.41638888888888886,59.89833333333332
IDR,1500,0.4166666666666667,59.89833333333332
IDR,1501,0.41694444444444445,59.89833333333332
IDR,1502,0.4172222222222222,59.95388888888888
IDR,1503,0.4175,59.95388888888888
IDR,1504,0.4177777777777778,59.947777777777766
IDR,1505,0.41805555555555557,59.947777777777766
IDR,1506,0.41833333333333333,59.929444444444435
IDR,1507,0.4186111111111111,59.918333333333315
IDR,1508,0.41888888888888887,59.918333333333315
IDR,1509,0.4191666666666667,59.918333333333315
IDR,1510,0.41944444444444445,59.918333333333315
IDR,1511,0.4197222222222222,59.918333333333315
IDR,1512,0.42,59.918333333333315
IDR,1513,0.42027777777777775,59.918333333333315
IDR,1514,0.42055555555555557,59.91222222222221
IDR,1515,0.42083333333333334,59.918333333333315
IDR,1516,0.4211111111111111,59.918333333333315
IDR,1517,0.42138888888888887,59.918333333333315
IDR,1518,0.4216666666666667,59.918333333333315
IDR,1519,0.42194444444444446,59.918333333333315
IDR,1520,0.4222222222222222,59.918333333333315
IDR,1521,0.4225,59.918333333333315
IDR,1522,0.42277777777777775,59.918333333333315
IDR,1523,0.4230555555555556,59.918333333333315
IDR,1524,0.42333333333333334,59.97388888888888
IDR,1525,0.4236111111111111,59.97388888888888
IDR,1526,0.42388888888888887,59.97388888888888
IDR,1527,0.4241666666666667,59.97388888888888
IDR,1528,0.42444444444444446,59.97388888888888
IDR,1529,0.4247222222222222,59.97388888888888
IDR,1530,0.425,60.02944444444444
IDR,1531,0.42527777777777775,60.02944444444444
IDR,1532,0.4255555555555556,60.02944444444444
IDR,1533,0.42583333333333334,60.02944444444444
IDR,1534,0.4261111111111111,60.02944444444444
IDR,1535,0.4263888888888889,60.08499999999999
IDR,1536,0.4266666666666667,60.140555555555544
IDR,1537,0.42694444444444446,60.140555555555544
IDR,1538,0.4272222222222222,60.140555555555544
IDR,1539,0.4275,60.140555555555544
IDR,1540,0.42777777777777776,60.140555555555544
IDR,1541,0.4280555555555556,60.140555555555544
IDR,1542,0.42833333333333334,60.140555555555544
IDR,1543,0.4286111111111111,60.140555555555544
IDR,1544,0.4288888888888889,60.140555555555544
IDR,1545,0.42916666666666664,60.140555555555544
IDR,1546,0.42944444444444446,60.140555555555544
IDR,1547,0.4297222222222222,60.140555555555544
IDR,1548,0.43,60.196111111111094
IDR,1549,0.43027777777777776,60.196111111111094
IDR,1550,0.4305555555555556,60.196111111111094
IDR,1551,0.43083333333333335,60.196111111111094
IDR,1552,0.4311111111111111,60.196111111111094
IDR,1553,0.4313888888888889,60.196111111111094
IDR,1554,0.43166666666666664,60.25166666666666
IDR,1555,0.43194444444444446,60.25166666666666
IDR,1556,0.43222222222222223,60.25166666666666
IDR,1557,0.4325,60.25166666666666
IDR,1558,0.43277777777777776,60.25166666666666
IDR,1559,0.4330555555555556,60.25166666666666
IDR,1560,0.43333333333333335,60.25166666666666
IDR,1561,0.4336111111111111,60.25166666666666
IDR,1562,0.4338888888888889,60.20555555555555
IDR,1563,0.43416666666666665,60.20555555555555
IDR,1564,0.43444444444444447,60.20555555555555
IDR,1565,0.43472222222222223,60.20555555555555
IDR,1566,0.435,60.22944444444443
IDR,1567,0.43527777777777776,60.22944444444443
IDR,1568,0.43555555555555553,60.22944444444443
IDR,1569,0.43583333333333335,60.22944444444443
IDR,1570,0.4361111111111111,60.28499999999999
IDR,1571,0.4363888888888889,60.245555555555555
IDR,1572,0.43666666666666665,60.245555555555555
IDR,1573,0.43694444444444447,60.245555555555555
IDR,1574,0.43722222222222223,60.245555555555555
IDR,1575,0.4375,60.245555555555555
IDR,1576,0.43777777777777777,60.245555555555555
IDR,1577,0.43805555555555553,60.245555555555555
IDR,1578,0.43833333333333335,60.245555555555555
IDR,1579,0.4386111111111111,60.245555555555555
IDR,1580,0.4388888888888889,60.2361111111111
IDR,1581,0.43916666666666665,60.23888888888889
IDR,1582,0.43944444444444447,60.23888888888889
IDR,1583,0.43972222222222224,60.23888888888889
IDR,1584,0.44,60.29444444444444
IDR,1585,0.44027777777777777,60.349999999999994
IDR,1586,0.44055555555555553,60.310555555555545
IDR,1587,0.44083333333333335,60.310555555555545
IDR,1588,0.4411111111111111,60.310555555555545
IDR,1589,0.4413888888888889,60.310555555555545
IDR,1590,0.44166666666666665,60.310555555555545
IDR,1591,0.4419444444444444,60.310555555555545
IDR,1592,0.44222222222222224,60.310555555555545
IDR,1593,0.4425,60.310555555555545
IDR,1594,0.44277777777777777,60.310555555555545
IDR,1595,0.44305555555555554,60.310555555555545
IDR,1596,0.44333333333333336,60.310555555555545
IDR,1597,0.4436111111111111,60.310555555555545
IDR,1598,0.4438888888888889,60.310555555555545
IDR,1599,0.44416666666666665,60.310555555555545
IDR,1600,0.4444444444444444,60.310555555555545
IDR,1601,0.44472222222222224,60.310555555555545
IDR,1602,0.445,60.310555555555545
IDR,1603,0.4452777777777778,60.310555555555545
IDR,1604,0.44555555555555554,60.310555555555545
IDR,1605,0.44583333333333336,60.29944444444444
IDR,1606,0.4461111111111111,60.29944444444444
IDR,1607,0.4463888888888889,60.29944444444444
IDR,1608,0.44666666666666666,60.29944444444444
IDR,1609,0.4469444444444444,60.29944444444444
IDR,1610,0.44722222222222224,60.29944444444444
IDR,1611,0.4475,60.29944444444444
IDR,1612,0.4477777777777778,60.282777777777774
IDR,1613,0.44805555555555554,60.282777777777774
IDR,1614,0.4483333333333333,60.282777777777774
IDR,1615,0.4486111111111111,60.282777777777774
IDR,1616,0.4488888888888889,60.282777777777774
IDR,1617,0.44916666666666666,60.282777777777774
IDR,1618,0.4494444444444444,60.282777777777774
IDR,1619,0.44972222222222225,60.282777777777774
IDR,1620,0.45,60.282777777777774
IDR,1621,0.4502777777777778,60.282777777777774
IDR,1622,0.45055555555555554,60.282777777777774
IDR,1623,0.4508333333333333,60.282777777777774
IDR,1624,0.45111111111111113,60.282777777777774
IDR,1625,0.4513888888888889,60.282777777777774
IDR,1626,0.45166666666666666,60.282777777777774
IDR,1627,0.4519444444444444,60.282777777777774
IDR,1628,0.45222222222222225,60.282777777777774
IDR,1629,0.4525,60.28055555555555
IDR,1630,0.4527777777777778,60.27666666666666
IDR,1631,0.45305555555555554,60.27666666666666
IDR,1632,0.4533333333333333,60.27666666666666
IDR,1633,0.45361111111111113,60.27666666666666
IDR,1634,0.4538888888888889,60.27666666666666
IDR,1635,0.45416666666666666,60.27666666666666
IDR,1636,0.45444444444444443,60.27666666666666
IDR,1637,0.45472222222222225,60.27666666666666
IDR,1638,0.455,60.27666666666666
IDR,1639,0.4552777777777778,60.27666666666666
IDR,1640,0.45555555555555555,60.27666666666666
IDR,1641,0.4558333333333333,60.27666666666666
IDR,1642,0.45611111111111113,60.27666666666666
IDR,1643,0.4563888888888889,60.23499999999999
IDR,1644,0.45666666666666667,60.23499999999999
IDR,1645,0.45694444444444443,60.23499999999999
IDR,1646,0.4572222222222222,60.23499999999999
IDR,1647,0.4575,60.23499999999999
IDR,1648,0.4577777777777778,60.27444444444443
IDR,1649,0.45805555555555555,60.27444444444443
IDR,1650,0.4583333333333333,60.31166666666665
IDR,1651,0.45861111111111114,60.31166666666665
IDR,1652,0.4588888888888889,60.31166666666665
IDR,1653,0.45916666666666667,60.31166666666665
IDR,1654,0.45944444444444443,60.31166666666665
IDR,1655,0.4597222222222222,60.31166666666665
IDR,1656,0.46,60.31166666666665
IDR,1657,0.4602777777777778,60.31166666666665
IDR,1658,0.46055555555555555,60.31166666666665
IDR,1659,0.4608333333333333,60.31166666666665
IDR,1660,0.46111111111111114,60.31166666666665
IDR,1661,0.4613888888888889,60.31166666666665
IDR,1662,0.46166666666666667,60.3
IDR,1663,0.46194444444444444,60.30277777777777
IDR,1664,0.4622222222222222,60.30277777777777
IDR,1665,0.4625,60.279444444444444
IDR,1666,0.4627777777777778,60.279444444444444
IDR,1667,0.46305555555555555,60.279444444444444
IDR,1668,0.4633333333333333,60.279444444444444
IDR,1669,0.4636111111111111,60.279444444444444
IDR,1670,0.4638888888888889,60.279444444444444
IDR,1671,0.46416666666666667,60.279444444444444
IDR,1672,0.46444444444444444,60.279444444444444
IDR,1673,0.4647222222222222,60.279444444444444
IDR,1674,0.465,60.270555555555546
IDR,1675,0.4652777777777778,60.270555555555546
IDR,1676,0.46555555555555556,60.270555555555546
IDR,1677,0.4658333333333333,60.270555555555546
IDR,1678,0.4661111111111111,60.270555555555546
IDR,1679,0.4663888888888889,60.270555555555546
IDR,1680,0.4666666666666667,60.270555555555546
IDR,1681,0.46694444444444444,60.270555555555546
IDR,1682,0.4672222222222222,60.270555555555546
IDR,1683,0.4675,60.270555555555546
IDR,1684,0.4677777777777778,60.270555555555546
IDR,1685,0.46805555555555556,60.270555555555546
IDR,1686,0.4683333333333333,60.270555555555546
IDR,1687,0.4686111111111111,60.270555555555546
IDR,1688,0.4688888888888889,60.29833333333332
IDR,1689,0.4691666666666667,60.29833333333332
IDR,1690,0.46944444444444444,60.29833333333332
IDR,1691,0.4697222222222222,60.29833333333332
IDR,1692,0.47,60.29833333333332
IDR,1693,0.4702777777777778,60.29833333333332
IDR,1694,0.47055555555555556,60.35388888888888
IDR,1695,0.4708333333333333,60.35388888888888
IDR,1696,0.4711111111111111,60.35388888888888
IDR,1697,0.4713888888888889,60.35388888888888
IDR,1698,0.4716666666666667,60.35388888888888
IDR,1699,0.47194444444444444,60.40944444444444
IDR,1700,0.4722222222222222,60.40944444444444
IDR,1701,0.4725,60.40944444444444
IDR,1702,0.4727777777777778,60.40944444444444
IDR,1703,0.47305555555555556,60.46499999999999
IDR,1704,0.47333333333333333,60.46499999999999
IDR,1705,0.4736111111111111,60.46499999999999
IDR,1706,0.4738888888888889,60.46499999999999
IDR,1707,0.4741666666666667,60.46499999999999
IDR,1708,0.47444444444444445,60.46499999999999
IDR,1709,0.4747222222222222,60.46499999999999
IDR,1710,0.475,60.46499999999999
IDR,1711,0.4752777777777778,60.46499999999999
IDR,1712,0.47555555555555556,60.520555555555546
IDR,1713,0.47583333333333333,60.520555555555546
IDR,1714,0.4761111111111111,60.520555555555546
IDR,1715,0.47638888888888886,60.520555555555546
IDR,1716,0.4766666666666667,60.520555555555546
IDR,1717,0.47694444444444445,60.520555555555546
IDR,1718,0.4772222222222222,60.520555555555546
IDR,1719,0.4775,60.520555555555546
IDR,1720,0.4777777777777778,60.548333333333325
IDR,1721,0.47805555555555557,60.57055555555555
IDR,1722,0.47833333333333333,60.57055555555555
IDR,1723,0.4786111111111111,60.57055555555555
IDR,1724,0.47888888888888886,60.57055555555555
IDR,1725,0.4791666666666667,60.56222222222222
IDR,1726,0.47944444444444445,60.56222222222222
IDR,1727,0.4797222222222222,60.54388888888889
IDR,1728,0.48,60.54388888888889
IDR,1729,0.4802777777777778,60.54388888888889
IDR,1730,0.48055555555555557,60.54388888888889
IDR,1731,0.48083333333333333,60.54388888888889
IDR,1732,0.4811111111111111,60.54388888888889
IDR,1733,0.48138888888888887,60.54388888888889
IDR,1734,0.4816666666666667,60.54388888888889
IDR,1735,0.48194444444444445,60.54388888888889
IDR,1736,0.4822222222222222,60.54388888888889
IDR,1737,0.4825,60.59944444444444
IDR,1738,0.48277777777777775,60.59944444444444
IDR,1739,0.48305555555555557,60.6161111111111
IDR,1740,0.48333333333333334,60.6161111111111
IDR,1741,0.4836111111111111,60.6161111111111
IDR,1742,0.48388888888888887,60.6161111111111
IDR,1743,0.4841666666666667,60.6161111111111
IDR,1744,0.48444444444444446,60.6161111111111
IDR,1745,0.4847222222222222,60.6161111111111
IDR,1746,0.485,60.6161111111111
IDR,1747,0.48527777777777775,60.6161111111111
IDR,1748,0.4855555555555556,60.67166666666666
IDR,1749,0.48583333333333334,60.67166666666666
IDR,1750,0.4861111111111111,60.67166666666666
IDR,1751,0.48638888888888887,60.67999999999999
IDR,1752,0.4866666666666667,60.67999999999999
IDR,1753,0.48694444444444446,60.67999999999999
IDR,1754,0.4872222222222222,60.67999999999999
IDR,1755,0.4875,60.67999999999999
IDR,1756,0.48777777777777775,60.67999999999999
IDR,1757,0.4880555555555556,60.67999999999999
IDR,1758,0.48833333333333334,60.67999999999999
IDR,1759,0.4886111111111111,60.67999999999999
IDR,1760,0.4888888888888889,60.67999999999999
IDR,1761,0.4891666666666667,60.67999999999999
IDR,1762,0.48944444444444446,60.67999999999999
IDR,1763,0.4897222222222222,60.67999999999999
IDR,1764,0.49,60.67999999999999
IDR,1765,0.49027777777777776,60.69222222222221
IDR,1766,0.4905555555555556,60.67833333333332
IDR,1767,0.49083333333333334,60.67833333333332
IDR,1768,0.4911111111111111,60.67833333333332
IDR,1769,0.4913888888888889,60.687777777777775
IDR,1770,0.49166666666666664,60.687777777777775
IDR,1771,0.49194444444444446,60.67166666666666
IDR,1772,0.4922222222222222,60.667777777777765
IDR,1773,0.4925,60.659444444444446
IDR,1774,0.49277777777777776,60.659444444444446
IDR,1775,0.4930555555555556,60.659444444444446
IDR,1776,0.49333333333333335,60.659444444444446
IDR,1777,0.4936111111111111,60.660555555555554
IDR,1778,0.4938888888888889,60.716111111111104
IDR,1779,0.49416666666666664,60.716111111111104
IDR,1780,0.49444444444444446,60.716111111111104
IDR,1781,0.49472222222222223,60.716111111111104
IDR,1782,0.495,60.716111111111104
IDR,1783,0.49527777777777776,60.716111111111104
IDR,1784,0.4955555555555556,60.716111111111104
IDR,1785,0.49583333333333335,60.716111111111104
IDR,1786,0.4961111111111111,60.716111111111104
IDR,1787,0.4963888888888889,60.716111111111104
IDR,1788,0.49666666666666665,60.716111111111104
IDR,1789,0.49694444444444447,60.716111111111104
IDR,1790,0.49722222222222223,60.716111111111104
IDR,1791,0.4975,60.70444444444444
IDR,1792,0.49777777777777776,60.70444444444444
IDR,1793,0.49805555555555553,60.70444444444444
IDR,1794,0.49833333333333335,60.70444444444444
IDR,1795,0.4986111111111111,60.70444444444444
IDR,1796,0.4988888888888889,60.70444444444444
IDR,1797,0.49916666666666665,60.70444444444444
IDR,1798,0.49944444444444447,60.70444444444444
IDR,1799,0.49972222222222223,60.70444444444444
IDR,1800,0.5,60.70444444444444
