replicate,sample_sha256,IDR_AUBPC,DPA_AUBPC,IDR_minus_DPA_pp
1,9c870cdf9f071e963fdc1169c771a0aa4b5cc5ce5e22be3527225924d92d3607,54.87509151234569,47.095575308641976,7.779516203703714
2,f7cd9b9b20a04a6d2269a147c0c2b976d81d835b5a80a7988fadfc882c9bd93d,56.305274999999995,48.53851712962964,7.7667578703703555
3,2e5083d60bca13bcc186708e6e58bc9f04368c8acd03282c9161f226b02bdfe6,57.74279938271604,49.674561265432104,8.06823811728394
4,0f84eb4061993bd0ab1fc4153a9e5ce7c2b138cb859cb128ca38e1dcb58216d4,57.96193225308642,50.270465277777774,7.691466975308643
5,8338f2e54432a11ba5ddfe3c44482decee942b735405124f23863db1bb73b68b,54.570644290123454,47.549223765432096,7.021420524691358
6,d0417fd0161d5746adc8050cacea74994576360c3dfb4459f90d986617942665,57.03867854938272,49.45749891975309,7.581179629629631
7,f7b75dc390311779f6034093968fc3d38581fd110b2fe8a5d8787126c22a8699,55.08945478395062,47.722359259259264,7.367095524691358
8,f2535584171e963f143788e76f441fa5b975e0fb0b9370ea914bc53b1d570485,57.20378904320988,49.05043981481482,8.153349228395058
9,7c3fbc6811c98057cbf90d3082747346125f44d64633d2c0b3e3fa54250513be,55.144833179012345,47.538840740740746,7.605992438271599
10,acfe59d74b21578028fb0550c2d21cbdb7ce6ecb93b6baa3a59cd45a9b14d320,56.13564459876544,48.68348904320988,7.4521555555555565
11,2e67c1b15b1a5da2262e0216ae82c2d586e2310f7257eb81b4d554d84b316e8d,55.238762037037034,48.314004629629636,6.924757407407398
12,5335366a69e92fc5b0040725ae68f19dd05ece7724473a79d17cb6edbe1540d2,54.52577145061728,46.76331728395061,7.762454166666664
13,2eb21b7c7d967d5c3e3ce8b9a805372b22a8c81671af8a8e4bacd4dc8ef06efd,56.07588564814816,49.02099845679012,7.054887191358041
14,26c2cce265f41c92851d99bf1766f18db1b38dc08af633617f7de9f82f25979e,55.673710493827166,48.03877608024692,7.634934413580247
15,55f85b3eac4fcc83a067a275f1089368a89d74f9181f0f63dc92c419cec5a292,55.61028055555554,48.124035648148144,7.4862449074073965
16,3504b6186de84b61810a48a673c760dc697b57429d0b53460015a4554f15e8f9,54.82761388888889,47.68964259259259,7.1379712962963
17,0e48516c7643545d2523776ead939873fbfa6b4e24bab19230d01f5c42cf435f,55.0529214506173,47.09563811728395,7.957283333333351
18,d746eb75bfbf66874b37d809c97c8c4e607cda6a263b351d463b3227d6dd9dce,54.92627623456791,47.71008333333333,7.216192901234578
19,5fe1dfa9d1be84f04c9e76c7792d48ca9f4174b93b31a58638d8f1af3b55b04a,56.09721219135803,48.58003719135802,7.517175000000016
20,b0760979a81a6e35e0eb780f89b37615e1f4c6c3ee867aa1125e95409df2dc19,55.59443672839505,48.18114490740741,7.413291820987645
21,928e7187506a0dfde3fa0d73d13a5108f832ead8548abfb008a4c026b19a3183,55.57376296296296,48.5529125,7.020850462962962
22,81be7d1b8badaac9658b89570af967c74cadbd699ad582bd263678e9abb24dae,55.29478256172838,47.796435493827154,7.4983470679012285
23,9182641a5ed0996f82090bbbfdf91b2a2689ddc923b99cc7c616e7f5a73262d6,57.14714027777778,49.5193537037037,7.627786574074079
24,9530b04586a2c477dfdc72647f7d2d36ac10c0be0194dfa6fefba52412cb1534,53.34176203703702,46.183736111111116,7.158025925925905
25,0eae68f684d748ba920b4355a5262e4fa1ebf8315abdf462d59e02eceb48c969,56.77189861111112,49.538168209876545,7.233730401234574
26,86ae63ce88c49ff1221ca3225faffbac5be14285d03f31bfcce0aabd5b57711e,56.64239367283951,48.71371527777778,7.9286783950617306
27,65415c59aad7eb0611bc4ec1a630e366dbfaa17054f19b3875317c5f26832bb0,56.551251080246914,48.63377391975309,7.917477160493824
28,6f2d4d24e525f45ac944978f719026735197bb81ad100628527ecae98790bc7d,55.481130709876545,48.43508456790123,7.046046141975317
29,c179fc6223f87908e6937bd1494eadec3bd50f94c506953c839e8791ed9bfb3e,55.86332453703704,48.445923456790126,7.417401080246911
30,cbfe54200826f186aebd893c6ac7310a8628a6b4ccb3228e9a5d813e52c66865,54.99290524691358,47.44748009259259,7.545425154320988
31,cb16f3f92e910fe86747283812c9b6d650fef939698bcea663e24c30c0a8ff7a,51.876975,44.54831820987655,7.328656790123453
32,aa64c3d2c4d6e661c6cb92d5d0b9907fdd3b0755fe5bc4d089e4acd73b848e7e,54.40320679012346,47.59734320987655,6.805863580246914
33,ecc97c24eb568471aabcdba3838d18a2c91ffd9da58dafa6ac4c72ea6c478556,54.740386419753094,48.03396913580247,6.706417283950621
34,1f460e556169f51d031b9d2bdb7658042a4c9aeaf3bfb91babbb2f0dd6cf1718,54.54480077160494,46.872699228395064,7.672101543209877
35,10f025e4f473bd5a4e9a1f874871516cc77e4684833beb94bea76ef87728a029,55.383547993827165,47.49028487654321,7.893263117283958
36,5042e51dcfad65dc63ce5b2a870241ce0d61d28030c7d09d992d577abe120f5a,54.7484549382716,48.04815972222222,6.700295216049376
37,529832acf453cdddc77713669ab7ffe23087de6ad04802ca5912371e7de2c227,54.210350462962964,46.61506466049382,7.595285802469142
38,006dc1b35c1bc8ac4b1fb3916ec9248ee4429e784503f11de2e55360a69ed775,55.0402035493827,48.0223699074074,7.017833641975301
39,6cc869612a00b1ab1b85d6898a1f8ff27cd373301f2805775c0999cfa926ee3d,55.882585493827165,47.98860061728396,7.8939848765432075
40,b959fe7694e5d44f0117451dcc590a20cca59672faf1679f0aafc8ea1243e4a6,56.436342592592595,48.68870787037037,7.747634722222223
41,cb84c3d4d798adec79f33f362c1cf1be5e7ce4b0374666d693f6d37f188597eb,55.526487808641974,47.77431836419753,7.752169444444441
42,31ecb86b516b6e03e2ce1ea8435bea185d0bdf88b51a0af0fa677f8c2eded963,57.1725461419753,49.27527469135802,7.897271450617282
43,9ab7a0daa975c2fd1b9b154755da9633879b9e178c553f53f29e3267b507bc63,56.905614043209866,50.230293827160494,6.675320216049371
44,d6b4d282b23abb5ab88808bf61120a258b2dea47495a5038c783cc03084f59a7,54.862205864197534,47.88626435185186,6.975941512345678
45,23cc9dc398257a6aeb3e326988889a01d778e14ebd07e91b153b83c2def04039,55.04866496913578,47.89141111111111,7.157253858024667
46,9c1348c68b7f538d85455c8d49c6abbb5eaba417dbec55fceba156c149d7583f,56.59235339506173,49.09242592592592,7.499927469135805
47,66702c3d3320ed5947e09c29e57cf61b696b29dea7a2adfd2344abea7b5b47f2,57.585406481481485,50.37089320987655,7.214513271604936
48,9ec8fe799b2c1d3cfdac368623737d15929e906e3a30ec54c12eb477166a7c1d,55.89676095679011,48.28646188271604,7.610299074074071
49,5c8494c51b1d654dd8ac4d9fbaa642c4aae47cb1593c254e8822e6ba10474b01,56.78213996913581,48.92310617283951,7.859033796296302
50,8feb41779bb9771b7f6aa178ff14716687f322f37e7b7151f02fb89674a1b7b4,55.88012453703705,49.111827006172845,6.768297530864203
51,7cee1aa25016916831ec2c1b60bb67cdaee5013b0e75314fb69a133301676cb0,55.9118699074074,47.63600092592593,8.275868981481473
52,32589c92112098eb3edf6c67d1bf5fa0b0baa2cebaceb42ebc383e0e200eae4c,56.30196450617284,48.436801851851854,7.865162654320983
53,f2b3d058359a9a3b5f342736f419abf64e546cb11cb3bb54cb5d5f18e451db62,57.262963425925925,49.996642283950614,7.266321141975311
54,9c5f08a4c0b2957fc980b5512523e3364fdc9f548d3e4f539876022dfec009fd,56.30148580246913,48.384992283950616,7.916493518518514
55,13e918a33704f6c617b2622d7542a8d7e5281331de4405717656d8a49117808e,56.055821141975294,49.04224876543209,7.013572376543202
56,f471f5c7dfd033c0d22aaedf47284b53503c7fd89e24a249650b1a56d519ef2e,55.24417901234568,47.7706313271605,7.473547685185181
57,a1483d83f9e51742d93a6c872239b18c367d558a9abaa8f0f1886cf426e69336,57.12391543209876,50.61942700617284,6.504488425925921
58,56906abdc26ebe99b7e825dd9c51b5acb9ef87829b68fbd55d7ec747618936f4,56.30429212962963,49.31282824074074,6.991463888888887
59,83c475b9868532561c26972f4522f0033c34138ba24d135fee267312167bfa8e,55.64206126543208,47.624487345679015,8.017573919753069
60,de574043ce515cd6125022b4c2a52a311752db9d68cbf3beff6741260b867a50,55.932358333333326,48.305269290123455,7.627089043209871
61,6d47d1483030b7be041a08f5c7c81b31a90df5f5dc4ee46d990bb2a0340bbb94,54.56702623456789,46.79294783950617,7.774078395061721
62,ee9888f6a08ca4f0a18b6f22c19b2b1b4daf8d9ac70fa6b7669184b7d7313c01,54.10612052469136,47.28401466049383,6.822105864197532
63,ed6e9260596f973b859d54cf92d7cffab5e6bd06d58dcca7d636fb8c37049c08,55.387288734567896,48.09187546296296,7.295413271604936
64,c577ddd50755a41ddfe6e76b4b9d82e09318b3f505045ee30857d1b023d9eca7,54.62846450617283,47.81794814814814,6.810516358024692
65,6d5160819f2f4402728a9cf11a6fc50834f490d3e29e2c6b34f8e36be1e64d4a,56.67845138888889,49.66521466049383,7.013236728395057
66,a7b728baf3a1f81da6e6f3ccb1f2a1fbc53b7f3aa56eaa099d25b3b400c8bc8b,54.87779922839506,47.32159027777778,7.5562089506172825
67,93f75ad29183a5793c89aff157d6f749af31daba2a589ab01974c31eb2a100da,56.05741095679012,48.76318271604938,7.294228240740743
68,14c756f1b261c1195a99ab015e69e1f2c34a7f25749f5b969f1ba8e97f87faf2,57.69191574074073,50.371391820987654,7.320523919753079
69,8c425037d3d26400153c3944948e7214672547b449e3db8b63cb385847e34df4,57.126752006172836,49.63126512345679,7.495486882716044
70,afe2cc020e5460108273d9c45cb62106e52682b0299a7236751f0c042a5cbe8b,56.22803657407406,48.47348935185185,7.754547222222207
71,c44afc671b5a0e6840201a42c4eecaca6c21007a149f81ef102a59d617f4ca4f,54.84030802469137,48.00499521604938,6.835312808641987
72,f758c4f92cdfef0211c30a2e4b074e58cfe8212958aa36f4712e7a015862cd06,55.74073996913581,47.1793563271605,8.561383641975311
73,9bc92f8b9e8a68a410cfac0b09e23631001354a3256f4072c7312458b8c32e4e,54.11521095679012,46.77437916666666,7.34083179012346
74,9b5eb9633433a5572910b0a664bfc18e59e10aff869d1475573d06aafe53c083,53.845765123456786,45.9513587962963,7.894406327160489
75,5056029e194681f850627e39a60368e9eb24f121da8b2555223d99367894c8f2,55.90369768518519,49.17602731481482,6.727670370370376
76,d1e4e62db6dd2c82a0e4aceb0457fb134840af9d0b718e9e1d35ed2d5b2c5c2a,57.27380771604939,49.300332561728396,7.973475154320994
77,de10c84d8341948b698ca8af55823d950bf030068ddc5c90634c69e35b374cbd,56.87140061728395,49.89622052469136,6.975180092592595
78,e93d436ac47405c48ea330d5431c4d2301439af127d332f05d04a7dbfbdde7be,54.7163575617284,47.33834228395062,7.378015277777784
79,81cb7f077303f10b56f12ce0f69e8d986967beaf2fc7c5efc4dfa7ddd457cd45,55.78998626543209,48.244705092592596,7.545281172839495
80,2b0971fa1b39fafcdd06b239bb64f6c25b0a4becad148536adc5a55f45329688,55.459942438271604,47.94535709876544,7.514585339506162
81,37dc91fae8760752645d1a17b7db0379b4d2ce144acaa84180eb910801de00e4,56.39641018518518,48.38763317901235,8.008777006172835
82,d696498c9e1118051b41f37c07b00e81a569ccba46c213972cfd9ae3571c4085,56.05112530864197,48.82161805555556,7.22950725308641
83,3db1bb619fc4047623c09f6514ac9d9e2cde38640273fb282ab2f399ffdace77,56.60219938271605,48.42088703703704,8.181312345679011
84,a66564eb3ef89643d9cabd4957f46d946731ce3919179e60ab4a3b53fc239bbe,55.92752654320987,48.13954043209876,7.78798611111111
85,eeabed05dda2973daedb62144424065ee80114544ae2ae09483c573f2466e2e8,56.62818148148148,48.73976558641976,7.888415895061719
86,36fe8a99e2b897fe787a4b336c904ba0d74ac9e0ac3a764a0fc8af0fd114b5cb,54.149348302469136,46.5637200617284,7.585628240740739
87,3a0eecd7d3b388d009e09896f1a94dfa3111e7838328f97a56f14c5952d072a3,56.02874861111112,48.686572376543204,7.342176234567916
88,eb5efca6c82367dc22683cbab864f172de310d602eef5f29d5364bd6bb06521d,55.14858858024692,48.01252839506173,7.136060185185194
89,651ae3b393aeb3ed41b5b6d116e0d36f0aa540a8dc4fc928c242b8f72403d47d,55.8338111111111,48.20663225308642,7.627178858024685
90,30ef55859dd87a371f5f8674e40a0a5ec817ad55ce824efd892b88a11cca391e,54.21336990740741,46.41271095679013,7.800658950617283
91,43256bf0b45e02d47307967c43d74c4d2bd28c0abf6eb30d581f782491f02db2,56.372406790123456,48.95641018518519,7.415996604938265
92,946ee5b0911954e5d2a0377b93cd09b7d43526e417dd5c5fc2585520f04ee2e2,55.57844197530865,48.393561419753084,7.184880555555566
93,9e4451e99e2131a3ef35bed6b33937b14afd48e9f2d334402468d8f0ec0731c1,57.62352206790125,50.21244104938272,7.41108101851853
94,fd5b87cc4d4a397652167fa14955dab574c1cd121451e95c0390e2ad0cff1f25,56.17089243827159,49.18949351851852,6.981398919753076
95,13a725b69cb824c04bbc429ef785dc36385314aac22e89fa9b259f66c078099f,56.00392947530864,48.021508487654316,7.982420987654322
96,ba2ab3cf4ea5cd146ec315a93c7dda9e395d5b2a73c4b5e0529e1ddf08206e55,55.2996037037037,47.907281172839504,7.392322530864199
97,0a5e0f8893c8857935c8b0eb87d6d5095a9430ab8e0ba0271a5a90b471813f31,56.14940740740741,49.39865694444445,6.750750462962962
98,8e17d847f2682cacb2e644950826925c01b17ef623f6623228f850e467bfc468,56.657967438271605,48.98722901234567,7.670738425925933
99,b78a32488e63d5a0cbee39bd607b216533a5c65230f2c7b798897839bbd5567b,55.30864367283951,47.19198842592593,8.11665524691358
100,21935beb109d150761cb0302198503288d1cd605b2f533eb1df1ce6d7a3ea65b,56.66772685185186,49.25220015432098,7.415526697530879
101,b507fbd36d34cbda7dca49fea7fdef565af0e0e9c32c24c600b563b8f7c3880a,56.98657283950618,49.47394552469136,7.5126273148148215
102,c1561c0059738bac3e4e49faefe4c615c5793100bea3f97bb94d67317adfd286,57.083606172839495,49.22844382716049,7.855162345679005
103,b7fcd364a44fa7dfec36aebdc801690f64b7902a4aab29c89f6f34f5af0aa401,56.79919645061728,49.39853580246914,7.40066064814814
104,083e7a547685a58341ad92b1d443c1411b9987e69c43b4435746b620861b9559,56.49953827160493,49.59590154320988,6.903636728395057
105,1457e3df930267907b1abc4d0d9ed5454643025c4bceb2bf06cae93d45281e80,55.31382052469135,47.924544598765436,7.389275925925915
106,a07fde67cb67f88644f1072311109124de0a6706f1fac25e6cb9d9093b4207df,54.81924706790123,46.813301851851854,8.005945216049376
107,2c5b2b18e906dc347f2e41a680439e53fbfb8ad53ff06cebbcc807eb58397099,54.30084675925927,46.68111481481482,7.619731944444453
108,a66d44f4cbaaaeffc81f3d3be5fe950607376ef94d60e72525fa1f23cac8141b,55.61878024691357,48.299533796296295,7.319246450617278
109,ff4869ca9b6f6188b19e2488edcdd97b399ed5dd0c4f05162dd1937c01495c71,57.46362345679012,50.09084537037037,7.37277808641975
110,98faeae436717758c5a75274ff4dda65240d50d8e9d11f40d40bf66ec6d0641d,55.670242283950614,48.5362912037037,7.133951080246916
111,2fcc11b9284c098dfc0e61fcbc3d705c2e55aa4fdeb1ee5233753ab03883e38c,56.206333024691354,49.69029969135802,6.516033333333333
112,163a7915fbea4dd643bbc8734475c36586c67cdc9e3fe263640e014d8012b291,54.98490308641975,47.10186620370371,7.883036882716041
113,3b1d4f2f67356da2aadf1d9876b1bc2bc0f2f3472e92665ad24597588d2b8bad,55.20732746913579,47.60207916666666,7.605248302469128
114,d7a216bd4ded7a3748b4a876c9dd8b6f59821bfdb53791689436d92721d77871,55.133451080246914,47.4065424382716,7.726908641975314
115,e34cf6a18092172f3f7684dc35fc8d498b83201a9ba3ee9d06bca88e986450ac,55.15624259259258,47.743634722222225,7.412607870370351
116,1f64ab2b04e7a3b3eb3318030f0adf4fcbcc5aae37037acc26cace0012abb3ba,56.5385625,49.67458564814815,6.863976851851845
117,294af5cee58b82551ea826aaf9bd3d85419b5d2a5d766c2cf7d234fb3362a6ad,56.01721234567902,48.8485462962963,7.168666049382722
118,377ff527d026e16a77fb1f36f7c876c8d46c5ce02d8b7a323738dc8de1c91e34,56.82612253086418,48.47529274691358,8.350829783950601
119,92b8a9ab9dc03a2b8189d05d48c86f6fecf96ff2ef8a35c442a7b32a96b75e83,54.34218780864196,47.10504151234568,7.237146296296281
120,a08e34ae443a9b534bd74fa0af3279b0e7e3113cf88a8c1c1249aa21ad8745a8,57.553354320987665,49.937700617283944,7.615653703703721
121,c64802607f1b81ddf44985f6b722cd7aa3ac9097e164f5903bd36c44f3667c40,55.4069875,47.65843564814815,7.74855185185185
122,0fff126cde75cd5e775123778d26539cbb06b331962ca9627c401e310d280471,55.32106682098766,47.92339043209876,7.397676388888897
123,325ac897f2d7cd4864d5e237628c6b3c589789c5fd2f35d96465c49dc12f7a58,56.389549845679014,48.947483179012345,7.442066666666669
124,947c22702b2643eee1892c75f7b538fb0bc3ff1394d1dd578d78d403466dd93e,55.524811574074064,47.81546589506172,7.709345679012344
125,3903df8c1f1d5616612f4a78c932542ced1aca7de21aadef9ff6e8d6df8bf03e,55.845803858024695,48.48778765432099,7.358016203703706
126,0855018b3e1b698106f7f9d11d8935669d5cb8f191cee5e6e61788fb9159bb54,57.61803749999999,49.90867561728395,7.7093618827160455
127,5cd51159730b62fd598ea0d8dbe335fa9a8e896cf5ee86c929c2071098c8fe1e,55.108625,47.21757283950617,7.891052160493835
128,cb488fa10c6343c160c0134ebcc350634f6969e758fcfefce8996d94907786b6,55.176265432098766,48.29472345679012,6.881541975308643
129,67b6b3712691b901c75e04b0643140df21c899e0719870c17a94a1e74ac262e0,57.02767561728395,48.804251851851845,8.223423765432102
130,d8e502628c83c2f382eca81d98f244befb7c390c7dd6ca76dc1d2b29dac147b3,55.22860694444443,48.23556064814815,6.993046296296278
131,312e4fdb2cbcf0cd9d35315789302e1b10cd9990df9e6b7a542f45b8ed59ccc3,54.528182098765434,47.085501080246914,7.44268101851852
132,48737ff05baa3c08e41bf4872e4a1cfad9aa5e8c906757f0e729315bfd962332,55.154755246913574,47.250302160493824,7.90445308641975
133,adb707ffa2561deada2ba86d72c88ccbe2b29082696842989ecf25be64116082,56.62497854938273,49.417331635802476,7.207646913580255
134,37befcd340851b8e3c6d116fa2f5b71dc44908ce11cb57cbbefc127bc0f0ad5c,55.62087885802469,48.73781265432099,6.883066203703699
135,51d3c6fa7b80e2d88b3d0a0fdbb903a71a9a4afcf6305d49b20740a63cf9a799,56.66844012345678,49.29847345679013,7.369966666666656
136,2c510e33f7262c3451319eec0b850bcd00059876258c08f9ecd29d1601a4efe2,54.684389506172835,46.06828317901235,8.616106327160487
137,49d0a2a76622c1ef9d05c1fecd35d91f2739e3c4161fed7e3e943d8e3ac8d3ac,55.89128456790124,49.42362762345679,6.46765694444445
138,86abbef083c4bc6a5ee2611f3a8864d0589858129b21610f4e1add85d769364c,54.63668179012346,47.07058904320988,7.566092746913583
139,34d5fad0079e72aa6d461f5b3fe6d6ef9f95fc38847e2071e49ed6c9b18cd861,56.28077206790123,49.417332561728394,6.863439506172838
140,9ac4308b015c97ddc4acc655eff16e0548bc7a8a04543c6b17b8809a910959b7,56.29873040123456,48.4701100308642,7.828620370370359
141,6ff6257e60d835a003fc2d76e98afbc593bd0db0b0d555dd0ae2c13875edb3cb,56.26198487654321,49.40127916666667,6.860705709876541
142,5aaa7fb6e76e9f88fff14d68b77c75fa51a1b7189bd5f8ee8163b05e1ea56987,55.78394367283951,48.99150709876543,6.792436574074081
143,ba0f6476ebfbcc3d8175b28891d04b6db69c15de6e4ded8c0a3b8803fd913738,57.43839089506173,49.63866759259259,7.79972330246914
144,78c9359659d69e1391ce775fa5664a43a76b1e3cf2a39072a77993b0571164a0,55.01434614197532,47.04750231481482,7.9668438271604956
145,9871066da19e44b5f8f0f65809f34e8367796c40a3998950505719f7f306d682,55.151671141975314,48.42743333333334,6.724237808641973
146,542741ca5554ecac0253d54a46cc5e97c84b13619ac1f451b1623a5703f55044,55.54926018518519,48.10430756172839,7.4449526234568
147,6af885286f35bfbb2c96d3bf5147b009ee007a81a4ce7996344484ba575ce419,54.253507716049384,46.62855648148148,7.624951234567902
148,2c146a9a36af65bf6915fe88615f40ef269df261dde1f921f9f47d9fdd6f9e26,53.84783287037036,45.884129320987654,7.963703549382707
149,e29266132734ef9a02ecdc7879f66dcc47e53fdbe2f62a0f3a58e05db85ad9be,55.65696574074074,48.11731481481482,7.539650925925919
150,3a4a2f4c44282100509313e5c6da77ff0a0dcec755d941ac8a9856d25b084aa8,55.1531,47.385339969135806,7.767760030864196
151,af4f33cf2ec40254afa9f17724c71f2e2c0f8fd2f24f8e22f8e61c28f22dbbdc,55.241709104938266,48.2765824074074,6.965126697530863
152,87e707cb108f737d521af9f2699828244f275dbe4fe8634e69263dc2078e96d8,56.24105709876543,48.62728935185184,7.613767746913588
153,c298ff09fb03c382d627b6aae33a64b6e623f553ca41612c2e5182da20ae2a70,55.07273364197532,48.2026100308642,6.870123611111119
154,3d75994f448830810e908c69a5f8fef3224e83a77c8b86c4769bb857412f303b,55.16621759259259,47.47258981481481,7.6936277777777775
155,c925543bf3dbac31ceeea5cd691842bec9fcb6ac5c1ec936ad836035668126b8,56.54617253086419,48.73103148148148,7.81514104938271
156,e513a9a6d06da00a468bb1d09c3efe4bb0097b1636d8429002b216b542dbbca2,53.417914043209876,46.234060493827165,7.183853549382711
157,d09dc679a5d09eca82f857999fa6034f2107b28b54481ee914e244aefa7172d5,55.5374300925926,48.0626450617284,7.474785030864204
158,21d4287a55216c5c5dca17912efed509d7bba7cc61699c1c31345a336bb8b8e2,55.3985774691358,48.549030246913574,6.849547222222228
159,8afe23581a685861fd68d3c99b0599ea17c63a21916ede50157532a5db085387,56.786741049382705,49.50595092592592,7.280790123456782
160,ba48e4877d70f090a597820c14d771c6311374f2de6e72cacbf4aabe64a7b050,55.116781944444426,47.65866327160494,7.45811867283949
161,af22d49c18f1d7977cd8e5a2df75864b25a0a99944605e9ad4ff0dbf36c952a6,54.68450216049383,48.077013580246906,6.6074885802469225
162,499740bd2d6be9c1d98570da8eef584582b65caf61ca63ffebe74300058ab452,55.22437530864198,48.270360339506176,6.954014969135805
163,fe4186af7f6e02527106c04a63b3c5a3a3b5a8959036a3b3dd438cba9475d212,55.98249228395061,48.66036820987654,7.322124074074075
164,932185ebcb821d282d3fcd170d732deba47a960eeed70f4b9cc7722edcf57dc3,56.057655401234555,49.107,6.950655401234556
165,9a0cb485566a38e94e1d71a7f0cef3cdf10cfdbb6e57445a3796bbfdabfcd4e9,56.544824074074064,48.605263117283954,7.93956095679011
166,12ebcc012060a7f05f0c820c05f7af1b52cdeafd53453749f8fdbc27dc0fdf72,54.63571064814815,47.44951851851852,7.1861921296296245
167,c91a5e9f0c5b86f5d7b69da5ed52fb514e35cab6e0931a852dd845955c521568,56.02810586419753,49.073541512345685,6.954564351851843
168,3e88b43a76cbda77323b5a8054c6817107b05d8a5e1c5906bd880e84dd6afb81,55.524962191358014,47.724577623456796,7.800384567901219
169,b910100aa36923e00d51676f793700dff4f7b6241caffb03b0f3db2032671d14,55.10223225308643,46.86924922839506,8.232983024691364
170,64aadf9d4cc7b91ad179b8881c4d0ab8425c5aab1d2bd00d1bd55d5e40ad8c5a,55.66149629629629,48.39583981481481,7.265656481481479
171,e44503127d96d0fdfda5c56c1bb2110a81b25b3cf28e65a99968a96a3f7a4152,56.47011682098765,48.10229768518518,8.36781913580247
172,f325ae287dfd307d9ff285af9b97e364db59f22c4b92585a309fe5c49fe02be1,54.94679675925924,47.83373287037037,7.113063888888874
173,82818aa255ee131142c372cd8f54599e5291e5ea2fb0de23c8940769c17baded,55.47289166666666,48.346231327160496,7.1266603395061665
174,858f0b8578da2a3ccfca9b479584879f7cd62fcaaf279e21c1ad3624f8608369,54.989977469135795,47.746024228395065,7.24395324074073
175,6fafa30eb1d55667c933be4ee12646722f10bebbdc365175e5da62ab459ae239,55.43011404320988,47.909486419753094,7.5206276234567895
176,2974b9753bd49eb052e952fcd51f250d3e936d8eaafa7e2a402d965fe42af14c,58.509484413580246,51.385085339506176,7.12439907407407
177,d5558c59777546fca5f4fb9f3eded147db4256826916394d89ae1ccc910b743b,55.598677160493835,48.23001388888889,7.3686632716049445
178,ae85f125ec0af120cbc6b65eabd56eac91b764a1bfd9410284ea0dccd94651da,55.850762654320974,48.81633811728395,7.034424537037026
179,41068a344a25829d0f208de3cb87cbf007b4d081468ba78f9fcf4e6b8f38cc78,56.088535648148145,48.85297793209876,7.235557716049385
180,132d998079994b5e95174fc576f7b41ad007cb472b70d2726de9f8157c9418b0,55.81588070987653,48.657516975308646,7.158363734567885
181,96604e8be0abac2647bfe4d8d59ea988d5f7f7c17c7557ca035b25d67d7149cc,54.372153549382716,47.27548024691358,7.096673302469135
182,667eb04061c9ca8d8e0d1ccb443ffdaa5f6fdfc3adb1746b98ef42bafd93d1d2,55.68596790123455,47.50742314814815,8.178544753086399
183,ef05a5b1f864989187bb356dd3e6d17397c447f2b08ed5766a5b2177c43cdc01,55.88869953703705,48.19370138888889,7.694998148148159
184,6651fe51b2bed336f410834cc097dd406638a23f1b61da9cf09cef98b9704c9c,56.52901651234567,48.334430246913584,8.194586265432086
185,1d4be02b0af0722c557095ba672032ff0add1e49c36b3bde2d7ea75af2e464cf,54.30805864197531,47.10511265432099,7.202945987654317
186,22dc1fa1f4bcfcaf7f5e420227b949a97ea073fdb5ecadeea09f6265fa58072e,53.945748148148134,46.815190586419746,7.130557561728388
187,7fd9e4c4a7987a9552a9bf2ea11da9ae268578f41f33fc958a693817d9dba4ca,56.27590787037036,48.823874845679015,7.452033024691346
188,43911f542e53d38e17ee5802a59361d4c6cb7cb8c640470f91ae246f6628f497,54.624000462962954,47.341592438271604,7.28240802469135
189,d2c4504e8a9f805d036dda163a590073f562c50f75a41676122911879deb218d,55.58548641975308,47.897902160493835,7.687584259259246
190,65055414ce28393a27e05b031143f3675ddc5248746a2f62066642fd36757074,54.195238734567894,46.61367391975309,7.581564814814804
191,ed551000569886c7edd79d98bde99a04598e3bf99819c8d580eb7f1a116a018c,55.30200632716049,47.69157577160494,7.610430555555553
192,8fecc03ac145c6136a5c137c7238769570f57cb4e55aa3bc5b270f8872cd4624,56.048669598765436,48.3082811728395,7.740388425925936
193,5fe4c25d4bdb5f1ff644af1b079b9b75f87994351725eb171c0e1e70915ebd2a,54.870537345679004,47.85916558641975,7.011371759259255
194,de10807d2d9f6a025f13403bfc3c9754ab9594e19743d7f56b7b40b59f34f518,57.052409876543216,49.0796175925926,7.972792283950618
195,9b611c47dabd1806576944fc32b318696fc8f95c05e3d5bc6707389c27f66a3e,55.94090941358024,47.97070694444445,7.970202469135792
196,c817921e439a0d4e5c724dd8cd5b7538d1bce51dbc65f61ec979cb6d8507c7fa,55.04197947530864,47.978249691358016,7.0637297839506274
197,81e691cc0532fa5e0d20e5d495f449725e714684b003104e389fbf556b7c810e,55.999897993827155,48.70505046296296,7.294847530864196
198,22d5e7eddb734a0be069b8983e744649335c95570acff0b1322fd901820adea0,56.42255555555555,48.59746604938272,7.82508950617283
199,e3c34f8e609be5686ffcaab4a73f7606049067560c4c500891b930de46bc802c,55.417183333333334,48.97449120370371,6.442692129629627
200,3436a9c8c3b768dcf1a94914238938af54245c16a9b1725e5b2caa40dbceb12d,56.18348024691359,48.847530401234565,7.335949845679025
201,063b1f3ed7bc9762b06198d8652bdfa7d552618df63d6acaff303650679e5802,56.91525185185185,49.509019598765434,7.406232253086415
202,53fe3e79f842eabe0bf159b936ff17cad686ee9c2e0ca6c035383b00dd0a3abd,54.52233287037038,47.45533827160493,7.066994598765447
203,2b452604bbb6aa938a2f1a27cd123524e7714aebdcad27d9adb2fefe802774ad,54.78914197530864,47.46676604938272,7.322375925925918
204,148bdcb111df828b0a14e329a4238224f5ee5c333567154f7f827aa5f86dbcdc,54.352830246913555,48.29698179012345,6.055848456790102
205,770ca19f25647d6286c6bd64663164581a7ddc08bba4b1fe2589bc823f67632c,54.64931527777778,48.094398148148144,6.5549171296296365
206,eca9960878129f57434de9842ab7ba2a61a71f47d0d243ba77e30a6531b4160c,56.85767253086421,49.25205185185185,7.605620679012354
207,8407d4fcf94da8ab8b9e1b5acf90d58f3b774177653cd0482b01285e1d1e474c,56.44059259259258,48.89185771604939,7.548734876543193
208,62f62a83242d31e7d14c30cd9cb7fe1018e3b6ff3a6423017d921534078fc5d6,55.248847993827155,48.336483950617286,6.91236404320987
209,52af076e7a973927134e46fc23b82ba386530601a6e356a3919cb745ade8366f,55.07416188271604,47.632519598765434,7.441642283950607
210,2536283964da7f5a6b3afe61a00250263bad0f5f539bc623c346b2d329c05e26,55.99148533950617,48.31155432098765,7.679931018518516
211,bd020cabe7bcdf40011546c86e61d351888486670ff6290a266743d9d4e8eb4f,53.81551141975309,46.63880956790124,7.176701851851853
212,65931edf8efc948362e75293b6efeeabd11cb03970c5742baf206aa13e05306b,56.23094212962964,48.66843487654321,7.56250725308643
213,86b20f3716a81cdd289ca4f218a5d698d07a40c4fb4b96157764e40044896cae,56.382532870370376,48.2777962962963,8.104736574074074
214,cb5d7eb8395e6b08e5f5010894f4c688867e85338577fdc0a42a004a7d3c7a27,55.59588101851852,47.5891438271605,8.00673719135802
215,5ce40469601b778d42785fd6837a5c033dc815db108a2c62db0e04a8e760b49a,56.16226512345679,48.703050000000005,7.4592151234567865
216,864dd862a65616b8348639a55889a746654bd3a6ae1516a62d6b816f156c35a9,56.342288271604936,49.19373009259259,7.148558179012348
217,d37a32bf0097e68d71862ef32824d7b956803743dab8714f66a3eea328af4dd6,58.061011419753065,50.725189660493825,7.33582175925924
218,284f674b47f9ab9c1e6b01528ef4fe82ff8e93d7ed8fba07d5d9c3f861d0c603,58.06850401234566,49.94311188271605,8.12539212962961
219,bdc0712591277f40041f5a4cb6a96e9d5703f73ab044fe6dc33654d63c1b46a4,55.891478086419745,48.08467037037037,7.806807716049377
220,3d2cefa930edbad4dd0e2bb200108f9a1e8c326c78aedb7e3151aacd72020cc8,53.924364969135794,46.37769274691358,7.546672222222213
221,ca14c53881b938d11a3049d95fabc2b4937dccb263f08ec9fca4c736d7653573,57.478569753086425,49.29068580246914,8.187883950617284
222,157d7b12c0ecfbbdc4876b6ff8f17dbddff7c64738fd18e19517ecff11aee725,55.27078395061727,47.68036111111111,7.590422839506161
223,6d71771627086d526516e783af57453ce0b3cb032bcd0df18afbbadca6949234,54.054919753086416,46.88198796296296,7.172931790123457
224,36b0af4059c0410305eb2e931c2ecab6afbe824493670648b333dd44b18ea936,58.02562283950616,50.63360709876543,7.392015740740732
225,53fe8598e0c4e0815ee10d10eaaaaea9a28abf06118b99a5a686c9f73b219afd,56.992481944444435,49.24691265432099,7.7455692901234485
226,f411f9daf31b97edd8bd188075dc137fd6251b5deb525d9f5bf329273aa276bb,54.852462808641974,47.83024953703704,7.022213271604933
227,db5601feb07ee939d3e3c61881f4a783cbb6e2e8c0b39883ccf5021dbf9a6e30,56.6089299382716,48.927871604938275,7.6810583333333255
228,d840e1810d9cf6cfaa83875d219af15d28a2483585e41e254a25610a80aebf42,55.07047253086421,48.20426512345679,6.8662074074074155
229,399c597b3af414c0e1e62fa549a88e3dbc8458e232fcd4d37bab301af7cb1bb3,55.621767283950604,48.188270833333334,7.43349645061727
230,25ff048df5f8fed0d4114ea07ae3721d8398dc83becaa6330f7cb418d10ce1d6,55.755467592592595,48.61751820987655,7.1379493827160445
231,fd67bfd5ccfa730967ada2b779dd2e0b7a6ed5003265af6c69a7b4caeb588ce6,56.35492345679013,48.87453827160494,7.480385185185192
232,f691479489bae58010e984abb32271f3e81b9ce434c08486207e9b08301eb41f,55.50065910493828,47.24534012345679,8.255318981481487
233,af02ed54c1a681e460eee00b94b4f5d7b644a48ae25e54330566da116c252b14,56.684549845679015,48.57883641975309,8.105713425925927
234,b2ae7fdbac3a6da2214f4adc03a3b2b852d12f0d0e813aa51d7269bb8b98d75d,55.94516635802468,48.156270987654324,7.788895370370355
235,ada19d6dd292a599d36ae0299027f648754b6b364ba198eebffd565146bc4513,54.903260030864196,47.40822932098766,7.495030709876538
236,0367f012763fc8421baf3d6225c6680417150d1ea3448bcf779bcae2af4cf43b,54.31165586419753,46.83021913580247,7.48143672839506
237,d93415ca48fe4ba20cc6dc73b393ae292f7aea8a300815a208c1e0b35bf5fceb,55.532661882716056,47.84714290123457,7.685518981481486
238,80bff1e936ddd9869dc53f777b14f4b09da2c6eb2be4d9c0cb857fa22408497e,55.82815540123457,48.712015895061725,7.116139506172843
239,8a557a0bfbbb1c6138dd6691ee61ac8810bd9651356b53845fc10063cfb304cd,55.92940771604937,47.56596049382716,8.363447222222206
240,e30e0d3b23f4bb1b45aa4402c6d7697865d37ae963ff48a4cfcb9084deec3854,54.8318302469136,46.93869367283951,7.893136574074084
241,150b3ea3dfe52ef0e04b8857bb7a2ee483a16bc41abfdd0d5274f81fdc011c74,55.559085185185175,48.78427052469135,6.774814660493824
242,5d98ff59a9f18e022280b74719baabd20f90f895a18e7d6d034b26e67a4dc037,55.70009305555557,48.29620493827161,7.403888117283962
243,b2527b7ae5c7fae815416da5859e63a4e50be81d0bfc93dc2e38a44c71632df0,55.41384351851852,48.27946589506173,7.1343776234567855
244,8de86d9756008e5e3eb7f59c56a5ac441ee1e0b988d7cc56f4cc04b6b684c198,56.71453981481483,49.404942746913584,7.309597067901244
245,1ab39020344e5a9b8a94bf28c61116ede03aaddf85da24c5cb13a20562985489,54.687968055555544,47.254142901234566,7.433825154320978
246,08f50d622489bb279a9eaf57b52cea1e399eb640188a7cec49a1799c7c2b7efa,54.91909969135803,47.14234490740741,7.776754783950615
247,88421f9d842d7484f634b5e1941bdf7bc58b78eae0d0a660df65b9e93122e760,54.62373194444445,47.11275108024691,7.510980864197542
248,2bb4bb8a9894e4e4e379c33b6afb82790cf98abc64c6158678b86cf4100dec60,54.99856342592594,47.20161990740741,7.796943518518525
249,16166f210cb5b65b3a3e52317ef3b1ee9d7e2aa0df8e69067be1b21387d44216,55.15410601851852,47.87378348765432,7.280322530864197
250,a7a9f6a5955ea7e9f1e848dec3b22ebf522146d39661247a9e5663880491a056,56.257149999999996,48.12805956790123,8.129090432098764
251,bc8c3e6e206fd4dfd48909cca7d3747ebfdb18bd40ae826b4516995963f630f2,55.16939907407406,48.116948919753085,7.052450154320972
252,00d661b5f3a23df94abeb8b4de4701fac6cf5cae91e28d8c687fd72217de6dff,56.57784799382716,48.94473719135803,7.633110802469133
253,e5ec4cd6403d2f608aa4c2ad048ce361ab073667ce84e713d1b98436e6eff8fa,58.07027592592593,50.18381327160493,7.886462654320994
254,b3c173cdb09f5fe940d75a1ff8e0a8e8b0d0833f9e7c0f503a7c67855e986ac9,56.285598765432105,48.32517083333333,7.960427932098774
255,22564b8904acdb62ba0acc7967cc183128749e2a470d47b9b4f235b5f0ed2b0f,54.973768518518504,47.20243364197531,7.771334876543193
256,6b1454384e406dcd6e2f22e99106ed142d60f667019ce55efc369ebff107be58,54.779990432098785,47.26704737654321,7.512943055555574
257,a21a080ab9eea599f7fa0f970f07d57e53a82c08b0e20faaa23c0596542301ea,55.3777211419753,48.55388688271604,6.823834259259257
258,769b0434452921c7b12b405fa2c5e0f2d43b4e01d62bbc2986580cbc92478ee3,55.11381033950617,47.51868070987655,7.595129629629625
259,3c71091ccd6b33a996c211307aaee67cabfc6aa0df0ce2c7cbc87069adafdf04,55.543796604938265,48.24312175925926,7.300674845679005
260,3bd2bfc27663c83084a017b4aa01080d98af0917685c3c2a3c539bb1bbf4a459,55.76754768518518,48.57746790123457,7.190079783950608
261,66a51505eeee93a90bda99cedc6d1e80cca6f10c2b0fd58848cdc0af3f2fc8a0,56.15942283950618,49.539157253086415,6.620265586419762
262,30d2ab8f2d3fb4b3c7b2034f4f92662abcfe16bb9dff45ff3dc750600cef684a,55.53431033950618,47.60641790123457,7.927892438271606
263,cfaf7bdb811ab494e3669fd122c35f6598a53dc7b9f645686af4f056cdd67d89,55.107221450617295,47.7780563271605,7.3291651234567965
264,9550e5f951a4e09e2c07dd6a4e5165d052c113734077f67ed9d6dc0c8fc5f9d6,54.06388070987654,46.95279768518519,7.111083024691354
265,72a43896eabdc0f099b51b3d1b80e53415d99179319d39057090986a6668db6f,56.48725324074073,48.343594753086414,8.143658487654314
266,8a8577450058c79e3e602e9360544f3ccddafbd82206560c25f70a25fc97b9dd,55.034328395061735,47.81754706790123,7.216781327160504
267,cbca8a8dac61d6b4a948c5027594a759956ad4bccbe532f61a514c5b788ba952,55.574922993827144,48.718689814814816,6.856233179012328
268,b92a048b8c84d08eb625c4d582791cbc127ad47ccffac9203d9780593689c206,54.57938055555556,47.441573456790124,7.137807098765435
269,80a2bdf46fdfeb5c3934e7f851f1cff152b5726d69217c4d2fb5626a06a6c3d6,56.50204783950617,49.29840663580247,7.203641203703697
270,35e55776152aa25943e6f8d62939facc30447777fdd783de242a76a9b34797f5,56.06433472222222,48.97222021604939,7.092114506172834
271,a2368041e563f6a3fcc448e20d946d37911ed6451cc7f3b9f8a2677f57c03ebf,56.6305324074074,48.84262839506172,7.7879040123456775
272,edecb31008b5aec4711fe4834e955e9bc8b120ffd668eae1983a4da37117dc5a,56.386432098765425,49.071499845679014,7.314932253086411
273,91d1105b9a3c83508e1f29a01e95d202132d844c3307bca1948a6337b9c60682,55.05452623456789,47.68221574074074,7.37231049382715
274,01a996b1cf9fa02e5f5cfb3502ca641e5c18c0e6e9782c62e06585a04229daff,56.552701234567905,48.841731018518516,7.71097021604939
275,4898c4a334138a3e17bfa9143265dfd85a36d21f07afca8dd5f9da66b5e075a7,56.00891466049383,48.75625771604938,7.252656944444446
276,02fb0a70a9500c4b679750045fc578bd939b2d3337c8e4f2a34e2a98d14d89b6,55.888950154320995,48.92717484567901,6.9617753086419825
277,92096633c40fa9e66f9990c3f743bc07977016a3bf651ddaa955f0e8fadbf4a7,55.000645216049385,47.44997854938272,7.550666666666665
278,b2d8c057d226d104c470810cfc427c22bc74445a5ad53e28dae667926209f826,55.48401342592591,48.71549675925925,6.768516666666656
279,5c75d9dbe09e3cf1a336bdca9ea5250e7da8251da7cd01fcdc0bdd55630c1643,56.37289969135801,49.01033101851852,7.362568672839487
280,020a803efb430c43a06ba240349631994f891b54c4c2a843eaac1897783b2188,54.400473765432096,47.18859274691358,7.211881018518518
281,391ff5f7d7a12d77eb3c4dd1168b6e0d82c41cb4c55f3e92a8945eb11f67721e,55.599775771604925,47.01964598765432,8.580129783950603
282,b5923b99e11b0eb086fcd96035d102d5728c27940cb2810fb193a0f72fad5c9e,55.96190046296297,47.94896280864198,8.012937654320993
283,fa7885898e027b44cfd51e830707be0e502cd76051017a408b8c3e421e708991,56.888801851851866,49.12856743827161,7.760234413580257
284,1bc7650b3e492d18b87c7461ef8e5bc18e48d43fa407f4ba0a8e72da8be744ad,54.92834151234568,47.06059290123457,7.867748611111111
285,1bf485d199e881c9115716efee0ae6a5221e92483528614229002c61bea9163f,54.43877407407408,47.22760925925926,7.211164814814822
286,be7f9641f0d42174c131b98e9e313010e1a6916da52d8f401eea79f8078e1807,55.433342283950616,48.09034722222222,7.342995061728395
287,a663917f734ad2294585dcfc3055245ca9e462abe79befa129ae787f42e0edd4,56.356081790123454,49.43453703703703,6.9215447530864225
288,338d6fcbd0c32b8ac8508f422f176733616b3bc379154e46ea3f21ed8bb879a8,55.73061820987655,47.20378086419753,8.52683734567902
289,09abb820d18e5c6b57a741cccb6b1273a022ad3aa943ddada764be095f4fa394,55.012296450617285,47.42403317901235,7.588263271604937
290,766afff8e0bff638d85f05477da7a8493ba846a9e7598e6fb3e42f5ee238eef0,54.95706666666666,47.71758194444444,7.2394847222222225
291,a5fe8365a3933a9da2591e9de496947faf6ff094d68f0404063ba6e65c253ec5,57.29918055555556,49.86179953703703,7.437381018518529
292,1cf52cc9b0f2bb69128627ea25843d1f440edb5d64fa706a4e58e97a5d039ef5,56.85219058641974,49.84200925925926,7.010181327160481
293,9631ec2d07369be5cc1f83a5aaddb953d2f8755680a4c279dc411095a58f3236,55.57445910493827,47.79163611111112,7.782822993827153
294,959bfb816d0ddb2cfe9189b4d7ccebf32476d6ff0deefc1c65bd9e7e33b65bee,54.33640925925925,46.028384567901234,8.308024691358014
295,2663d7edd6823327df5c66f9d29d089389fda705c334376eaf5e18d7bc269f2c,54.620916049382714,47.259673456790125,7.361242592592589
296,8a1bd88582ff8be164aaae773e056687d77f6007e79a27bdebbcaaef27a0f822,57.94017561728396,49.73223163580247,8.207943981481492
297,94a14a1fb1003fcbcbb7356ad71d67eca38dd7bf9a43eed7d5474b10fe04444b,57.929646450617284,50.5829737654321,7.346672685185183
298,db87d2983baef640803a6d8093f6b22691e885d89ade3f9450d50296001f682c,55.811897376543214,47.801179783950616,8.010717592592599
299,81be8c2cb1199e829da7d959b6a10f4bc0f0718c54e33d29890a1e27ca0f1098,56.71804753086418,49.27557314814815,7.442474382716036
300,7c77f626a35a9a5462f2ab3fbae3b711df7c43834dafd53f2051bdde9ac93ffd,56.20300447530864,48.264701851851854,7.938302623456785
301,51efbb23b563c22c5eb70d91ee9d31cacfa3a2effa73064baf986a7f66dad9e6,56.75578194444444,49.62836975308642,7.127412191358026
302,598bbc7d4017bb3845f85b231e91edf02d2bf8d4fdc56aaa1b184a314ad7a343,57.472556944444435,50.18584444444445,7.286712499999986
303,2dfad00ca9282757e3c32f4d0cbb9b87da610ebfe4c8936a23fc6cc59d05e3b9,56.70030601851853,49.751779012345686,6.948527006172846
304,bb5e8f91beb1b2fa674d0430bc570d56eeecca41311528aa7d0554b6a7d0a37c,55.765402623456794,48.83605401234568,6.929348611111116
305,55fa2e6b386e8a98d2062dbcfe09b99eca48807425ebd39b6fc09fb9074aad6c,57.09386620370371,48.84182067901234,8.252045524691368
306,f4f9f45c37a4d25d295d65d3ece9900ed445920691eb720d6a193be248631ca1,55.27669305555557,47.30982098765433,7.966872067901242
307,6b15b319c0d63eef65ed00d76766ba562615d53c3b04f2c2a8581ca91cc854d2,55.716299228395044,48.564868518518516,7.151430709876529
308,f8dfa5145d7643a561e5ea21a8e1fd1381c8079618a6d097f2608e400acd0c61,53.38051095679011,46.962914197530864,6.417596759259247
309,b9efaa31f36259fce037fcfdfd7280d13b51ad62bfe8bb894494d30f01d52741,55.82250679012347,48.04955694444445,7.7729498456790225
310,99de32aa94f1551ff1ec355c2ce55835f6c72b9273e1a3eed3c9ea7cad49bb47,57.45434429012346,49.72119382716049,7.733150462962968
311,b4d68959836d0ed721ebe53c2e23b67047a5b8f1445a0b0d82ecbcc7587d0be9,55.83544475308642,48.12733225308642,7.708112499999999
312,5628f46cb921bc4b5e26a3deed29ec3cd5b7d17e69719549068fdfe75e6641da,57.07919243827159,49.346718827160494,7.7324736111110965
313,f32b57d015d547c5d1dc804091826d7d271882ca15a884e53a4b95b2fcd46186,56.66818888888889,48.96195416666667,7.70623472222222
314,68742231bda3af9d9f9f6873d6f329a23340046afd71a865fedb171559cf92b4,55.91413765432099,48.117428858024695,7.7967087962962935
315,974435db4dcaf8062f3aa9c6b9ef176b845fac6e6e64e1714d968b07988c54a9,54.44273858024691,46.6381274691358,7.804611111111107
316,6eb8117053177d6fc3557053fefe52aab2e7ce939617a6a8f6b7cfd8269c09b6,54.649749537037025,47.70222978395062,6.947519753086404
317,3aa92d4aeb61a054233cd6aa88f71af611bd910f86fc32b95e7e62a52b4a7838,55.523763271604935,48.51352222222222,7.010241049382714
318,c5e5f6082430f17669353d385464686fb10c29019609e115178372ff5a4204dd,57.25615185185184,49.475178086419746,7.780973765432094
319,dc2cdb549b5193b98ee7e4c969a35c27813957377889e24094b974a5af0de38c,54.79377391975308,47.28448703703704,7.50928688271604
320,31e2b2274ba5b2bea6ff9c4e076a6fac56afd2efc7baf140add408958a75c3c2,55.260719753086406,48.04925648148148,7.211463271604927
321,58137e7ba2ceffc0e266c36a033d0b26cd3ac9b764e54fb6f3cde01072ed1715,56.706777469135794,48.506083796296295,8.200693672839499
322,c8c37736b694740275d3980d059e47d2100a40869f2571897f70a47ceda7d28c,56.83873996913581,49.436977160493825,7.401762808641983
323,015cb2fcd1f922929f44b94e5e4ec70459e5b3e2364fca638cd6bb3774dfc09d,55.47084660493826,48.17773271604938,7.2931138888888825
324,b4120c8a7763ff059ada69b20a3bcb471c8fab20609c0348b018506d06bf09da,55.42739953703703,47.4801850308642,7.947214506172834
325,c05f92dbe91f1375baa4541a23073a28832029a4901c8dd51cb296b7a0d02239,53.81917438271605,47.101464969135804,6.717709413580245
326,99b08dbd84f8eb9c0b17c8f41427744c84533784b1f4b29df283ce42f33f9fc0,56.2758703703704,48.427338734567904,7.848531635802495
327,cb779752cb656d87753b01bf290e2518fff5f42f9851399d87b5537adcf8af03,55.652746450617286,48.30174861111112,7.350997839506164
328,38999f310397bb54ea4bd3fb04a337d52b070e2f9b0c4c6b95a07c0ad91ad31a,56.8672087962963,48.90811959876543,7.959089197530872
329,546a20f72b83fbdeea1ba53b7123c794e6f89356efb4a61c60682b8f32c63e0e,56.17518410493826,49.34845555555555,6.8267285493827075
330,cada1ec08e79d544429946b816052872cf237693770c40dfa692d919c0a22c7d,54.99544675925924,47.210275462962954,7.785171296296284
331,58d1b686fca72cf2bca88817cb744af10c0cf3bc5433472fee2a661c5921e3fe,56.11713271604937,48.26557762345679,7.851555092592577
332,e139750d408c360864974acb9dbee24322c1475bd4e287c8fda1e9d5b6f4f6bf,56.15284043209876,48.53682854938272,7.616011882716045
333,8aaf252d12a246560531a281fcb8b093f6c1e4c4399083a39e7ae998837df9f8,56.12407638888889,48.40927824074074,7.714798148148148
334,b45a5456ff01cfdd3ab825afaed7525885e824361877a40cc79954951a0dfbba,55.989564351851854,48.17105216049383,7.818512191358025
335,2577d055d91c08c811dda0ec42aa9b838e406edc802a750383b70db232a22d92,53.970733024691356,46.60131311728395,7.369419907407405
336,ae37e64974e1bc5406f162bc62d80058394439169e29e4289085be2d260eb978,55.54465293209877,48.58367654320987,6.960976388888902
337,de0f44ce4787ed45ad5393a5214dc43660ccd08209e1ddbd1f96604598f3e487,56.31111805555557,48.87748287037038,7.433635185185189
338,94827726c8acbeb2d117f4ff69d66f3e2b38f99d28b1e0003eb06f97118f6786,55.72340401234568,47.98478317901235,7.738620833333336
339,d80413b4840f3e9649d8eee28b02e11b1de0d4b8470793af5d49731282558170,55.47481018518518,48.44132145061728,7.0334887345678965
340,625924ed1f5ab1a7925a90d9d00a0fb81f6f24255c00c92492f1ac0c4566b617,56.077617592592595,48.06799290123457,8.009624691358027
341,fcfe4fb3849a9aa245eca7313325e69ed3042a274842758c00c790e10fdd13a2,54.532243055555554,47.30085586419753,7.231387191358024
342,adc75809557a4034efdbcb70d0fae12c39bc137ed0ffbddfd6c32671f2e2f292,57.72186574074074,49.46738487654321,8.254480864197532
343,0566bf87dd373289b5ff6f1672d5fac824dc9caa34b7dfb37fe915c7fc0fd42c,54.68247793209875,47.460137808641974,7.222340123456775
344,91f2d46a83caad43156599d9f3cd7659a9e9fe70e5a426fa2e0b80b9b3211968,54.948945833333326,47.61361095679012,7.335334876543207
345,2ec0b147c70c92c1039a01c4b7de7c28b03b441843317891d11f1421f465485b,56.133838425925916,48.44253425925926,7.691304166666654
346,4e59fde9e11d5ec054db117ae7a12a5f970d02442d9f7b08fbdcfc40b511ce8f,54.15693425925926,47.112786728395065,7.044147530864194
347,b409334fa7a97090c14cf1cdd244092a180c378278cfdc345ede7838ffa74096,54.90103518518518,47.306792901234566,7.594242283950614
348,ac4a2f78544958e3f9652cd8a2a1e0398c1701cbdd90a86e17f884cf0a2d00c4,55.330811419753076,48.366978858024694,6.963832561728381
349,91b1a98fb08258daabaa12f77cf0459a0995e0d72df002b444bb334cc0ae0ff5,55.822964969135796,48.06977222222223,7.7531927469135695
350,ab9a88a48c0a6db88d0b0b9777aed0bc28168005fc83a3e4e6e8915d53f49f79,55.64031064814815,47.9976100308642,7.64270061728395
351,0cc05953f44d9b111500a8517663ba676a58ff3abdc772626e4e6eb0707dc233,54.63224691358023,47.749586111111114,6.882660802469118
352,fcd8c4c665a6c8374f3610f06a65934d87af6ca0302294fa2e98d26dad59f6a1,57.50664845679012,49.87527854938271,7.631369907407404
353,e0088e10d51136e60ea0fb970d7fbbce7a1455a0605f47c91fe62b08568ec10d,55.441304783950606,47.26194413580247,8.179360648148133
354,cd66d7a9d844cf85c3246d7e6f5ead4c3e23e41a42d8571a5397a4a53dcb7954,56.27746419753086,49.68536512345679,6.592099074074071
355,5c0cd88133e9f8625f83ff64e37238fbba9127d8dd28bf78ba5af10b1a0e2292,54.12396527777778,46.492404938271605,7.631560339506173
356,2527f6dc523fdd149358e395e8b87dd566753366e252566f581b98fa1e24c2d0,56.91487978395061,49.866680246913575,7.048199537037036
357,54e4b0af6e55e809a991623efc658b33ca6836b8fff1fdf2843baf283a9a8e8b,56.85171219135802,49.985695679012345,6.866016512345674
358,e06d766a6a469f27f1424c4f9c831080d67f049f8cd1ec51996202947ce5eaa3,54.30280632716049,46.82964583333333,7.473160493827159
359,207553b987ad4f0684de9d0c3b6dd833ae7482b471d114edcefa48b5f6263be0,56.20958796296296,48.84950030864197,7.360087654320985
360,f9f38124fce17a8bcecff3935cb5d36529ed4bf36302b3e2f9ae37ee5d8d0ab1,55.67675956790124,48.48267885802469,7.194080709876552
361,b2daeb70c3ba54f742f35ee06e4e4b6b368401719996da290dc54ade9353800b,56.80878132716049,48.89741265432099,7.911368672839501
362,2593f27aae2e6f4a72b5dfc56f49254836fc3e915d2ac3523cfe5dfa86fde892,55.05733518518519,47.784882561728395,7.272452623456793
363,e0112127aea738a5b4d12c6e77b05771a1634176d04addc2733cd557329a8c94,55.096331944444444,47.97998827160494,7.1163436728395055
364,b60529715e3effa01fe833534319e135f6f4962f6e0e918af8bb15a4f89889d6,54.74188271604938,47.368385339506176,7.373497376543206
365,a7d63f80ace68ba510cc0a7c5f5b1740ee9d6ca71e9c8a8ca2e2ec43fe65ca0d,55.18797006172839,47.62012824074074,7.567841820987653
366,75fa105013607c17633266139b5dc7794b17e02d4da283a45f074c357412ed6d,54.31553287037035,48.06107391975309,6.254458950617256
367,0456873e621c5be4d5e0ae220a243b03765d8243a40d753e541473be6f9590b8,55.2844026234568,47.7378487654321,7.546553858024701
368,31bcc8d92609013ee8aa4e0c97c077895ae660c1cde21c37c8fdec6e5d3feb85,55.0848824074074,47.353796759259254,7.731085648148145
369,1d13d0953c806ae3aa4b17239858894cbe09b2fbe1545b727c6dab36d019fe19,56.03395509259259,48.43709398148148,7.59686111111111
370,e9cb59aebfcad377133eaa7c55467e0a20bdf910756b3b63f48d069b72de4cbf,54.848134104938275,47.991636728395065,6.85649737654321
371,c97e5e646060bc59ba00af6d24d68fc8ec9b85c731e3004663909bae8d0461dc,55.85103348765432,48.69926898148148,7.151764506172839
372,d07b4492925c0bff89667d60cc2c297e2bd1a7bda4fc93760c9f8891e0212d20,56.285970524691365,48.67023117283951,7.6157393518518575
373,dca560ca7eb851766e27590e8ea53ad27558e2c717b7c41dd8d4a008136b9a95,56.38785787037038,48.949828549382715,7.438029320987667
374,39b6f8bc573d6fcfe987b8411243f26dccd2eca55c1631ff9e141dc0f5e3324a,53.13876435185185,46.18524274691358,6.953521604938267
375,4206e51bcb058d7d6e7c80f50757688231a40d2143aee2af559ce4ff4c6bc2cd,55.628712500000006,47.665958333333336,7.96275416666667
376,65ae8485f6b087da54e7eb9575c1ae43ccdbbda4951e75dfef772143f4d3d0c1,57.080691512345666,50.10333688271605,6.977354629629616
377,be7cb6bff60da9642ad725062cc235dcf9b0894f1dc820674d43152b5d52868a,54.19187237654322,47.16133765432099,7.030534722222235
378,6ef69b36c96ebd08842af43a04ba85fa6effd12b64a740e1fcf9713470c38894,56.667199691358014,49.26415987654321,7.403039814814804
379,54583f12f2bb0919efc86f8b66e223730033be77e56db85ee44523877934be78,57.044216512345685,49.57920108024692,7.465015432098767
380,6289381982d46f7a4400667beed04b2ee4239bdf2df179684e59559a7485c547,55.764156635802465,47.71158240740741,8.052574228395052
381,e48e7a92748d848cbd1795976f2eed7cef1f9fe7ccaa1013f9d0ba0595309cfb,56.08615061728394,49.40646327160495,6.6796873456789925
382,bf404fdbccecbf118abec278589abdcfa8cf26e65d8e3ab536e9ade64d3627bc,56.37173796296295,48.221430401234564,8.15030756172839
383,a5f405b499ef2ab98efee0548a51e10c6ae8b1705173fd33c0021da7dc3f371a,55.62930123456789,47.67463719135803,7.95466404320986
384,7f4623ea89967be51d23982e0bd4d0487c9915b9102aae7255bb17087dd2aba7,56.19084660493829,49.332436111111114,6.858410493827172
385,95876a8b8994690447d0c36a08053a16e74fb182be2a016baab3e1ce06afcc51,55.36988919753086,48.654459259259255,6.715429938271605
386,37e565b2526ebf66f6af8b7b8f264482202995353fbf7aaf1619496775a075dd,55.74031543209877,47.7874824074074,7.952833024691365
387,36f2cc09c6e8850dbb595ab5be87e8e8f0fa37f7e8ead8b0c03590e5f41ee484,55.66137716049382,48.64788935185185,7.013487808641969
388,a78e18ff4d321cfa7e7952bfcfc2c4f458f39dcdddf9d3ed228cf142cfc1f144,56.17336111111111,49.204995370370376,6.968365740740737
389,ca8ad93e267fa687eeba1b57e90be0315599f2dfeca858be3c3578eb138bf90f,56.423769907407404,49.63113626543209,6.792633641975314
390,2b15e03bfc5596e7a832e91d9aa39bf370e08e10a07dc5ad187d7cf6d337b3d6,55.633974382716055,48.48544783950618,7.148526543209876
391,c2b9015e4a0183e294eb439ae077ba3237730e1d956a703eb104867fbd715324,56.91846080246914,48.952312962962964,7.966147839506178
392,aa631e54d891c471b3272d5bc0a611f42da8463ac02f2f0fea4b358a303a81d3,55.95188827160492,48.2197512345679,7.73213703703702
393,b148445047603c6dda12fd1180d1cf1783ce587c679dcb9aea08dcfb26f772b9,55.4608827160494,48.772767901234566,6.688114814814831
394,0f82a115a98c238074e5f0252de39a125e7a05fb8b7c42e431f22b6c908a7ac5,54.77461635802469,47.019536882716054,7.755079475308634
395,2bbb96aeda10124d3a6a7888c147cd15017d7e9583549e490847c804d7d071ce,55.2448699074074,48.47316466049382,6.771705246913577
396,d0e589c8024db109d5c5245a27a44bb11d2cf0120ff5d2d4202d6ef289c28b53,56.00589012345678,48.59035833333333,7.4155317901234525
397,88b3891340b8799093e718eef7b57f8e7b68abe7e29f9ed27af6a31298f196e6,56.08858950617284,48.48025740740741,7.60833209876543
398,115557e06ae0bd407f9a5d05ec08eee11fad8ad9d5ec1e58c233cce16467d36c,55.23776728395062,46.788654012345674,8.449113271604944
399,d8bdd2bf51aaf39a170d2abb9a86c8c0850f14378cdf527f25e23dcce379c348,55.14264182098765,48.015314814814815,7.127327006172834
400,ceeca9ad3209a0d7a3a53d6418b3176bbb3913a20c42927760d71f00c54ea290,54.81258132716049,46.95056959876543,7.8620117283950535
401,5331c2df073dc291cecd5fde5dd0f6c3a296583e252c949bc41073e51f4088d5,55.031614506172836,48.34271188271605,6.688902623456784
402,7ae354ce69ee705e427d5292dc5caab9d535e43a1076362c7eee87ee7e2c8be7,54.534462654321004,46.98960570987654,7.5448569444444615
403,2bd8786b1055a07893dbe95127d411e1d886b7fc721b3c85d23b2a4e7837b958,56.42898256172842,49.051580401234574,7.377402160493844
404,f085e930fcf8cfd57816dd2b83ad953b4926e95eb2ae59e14cf329e0a004eafb,56.146866975308654,48.664611728395066,7.482255246913589
405,af9863d2497ee457b4a196cfb10a48a2f7519f8ac3ae240e974c26eade14ad8c,53.85044058641975,46.55043811728396,7.300002469135791
406,fc85caa92beb5d15263003f872bd36be644737c8de0d1513de5ef7dfe621cb6a,56.26639089506173,49.251969290123455,7.014421604938278
407,ceae94d712d1eb24f817f12511244d274e28c2c6694f98cde8ee1bf61c67eafb,57.12135524691358,48.86826774691359,8.253087499999992
408,19f92dc4cc253a5cc0ac393a7a443fa18deb80dbdc100ee6e4575871b0e85e02,57.31963194444444,49.63590354938272,7.683728395061721
409,563c239ca7d4c69aa43531f73d064fd3c7abb9e4e0cce01e6fb6d938b8c79dfd,55.572003858024694,48.05529166666667,7.516712191358025
410,41ce901dee85161be95e4d51598a52e648e6caf4275a5630cf131fc5aabce08f,56.90139413580246,48.6374811728395,8.263912962962962
411,431c4406e04b35966a986cf24b10c704cfa62bd9832af56594dfa1218febc124,55.1331087962963,47.25765293209877,7.8754558641975265
412,d28fbced566b892c2140ab5c10d9753837edff29de56566dd4116794b6f4342f,55.4088875,47.864573765432105,7.5443137345678934
413,b62a68fe4d8e1fa4aea48a1b56a2c4d9a8a3c0385db7049eaeb616b5bd254d2e,57.12876203703705,49.89469691358025,7.234065123456801
414,960d0e393696dc448f443ac0820eaf1c5a1ff856e32359c61908aa2a0bab9a55,56.84321651234569,49.879464506172845,6.963752006172847
415,a8a3f94f4a84fffbfe3df2ab324034136dc21e6e603759c3c3888c4e93c464fc,57.243684567901234,49.87224336419753,7.371441203703704
416,0a6319334084a7b6265b3870760660723f7e9ce860678aa1c251a0cb2b99e714,56.001433641975304,48.43680046296296,7.564633179012347
417,6c72508715b9de447a5a7388dd1148724fd91db6f27a0b98c040817e7bfbb58b,55.17072314814814,47.52532546296297,7.6453976851851735
418,a86cc7c5b5ec66f2d698e49f33145abd0c68f21ec2c1e2141e83a2479131dfbd,56.160826697530865,48.48284367283951,7.677983024691358
419,5b9b33f4cfc2fe6a5c990e96b60d121c3f9f14285665d331538e39b1988620ed,55.99749814814813,47.93370200617284,8.063796141975295
420,c8ded0dc230748a24e0f538caa4b226cea661089cdc6cb1d78a0e182e9443893,56.599572067901235,49.149964814814815,7.44960725308642
421,1077cede691665593fd525ea72c035afd320d6c51bbf12c9dc5b2c7c3b46a49f,56.31639367283949,48.927828395061724,7.388565277777765
422,dd6cc2a4ac678df46cf1352ed1ecfa262aea3172e4f22e019d7b34f5458982fe,56.38051635802469,48.87109274691358,7.50942361111111
423,b3d68d39e96f12141840a2de8c494e3ebd1f5720861ac424b4edb0a8a59c56df,55.53752484567901,47.66049953703703,7.877025308641976
424,d4711a4fcec1332dcb05d98ae762967e3c5a38333e00adbf6c386ec0fa4ce004,55.84542901234568,48.25884351851852,7.586585493827165
425,fb7bb2b9d8fee5c340ff6c255821c55dbfc1e74dd55417b9e16e51892177b408,54.69057962962964,47.60133811728396,7.08924151234568
426,5def7d4ebc403c294ca8f4501481e62f662eb3f6a7ff431bb2b487a7bfaa4094,57.37130416666665,49.38174645061728,7.989557716049369
427,633d869cab494a9906c19dd25f558aed734bdac66a15b492102cb035e96d540c,54.95490046296297,47.65265771604938,7.302242746913585
428,92f13cd8bcec65fe0de1cc6eb0ff582b170179bdc4a332181677fd42007e4309,56.58981604938272,49.749449228395065,6.840366820987654
429,42f05c08b90e86be6188cec1e48b1e92ee45ef60830571007532ef5c5c54f117,56.79147067901235,49.25257577160494,7.5388949074074105
430,a4e2e84e06aaf59a0ae1d5ec3308993557585c1567f12f708aa549f185214dc3,56.35851743827161,48.68138472222222,7.6771327160493925
431,3cb6c83833cfbe9d845cb47b229088b0b5e8d665454683fe74fa90e0c892f8c8,55.00696296296296,47.71076651234568,7.2961964506172805
432,1ffc323915328b9b2081e0c56543ccaef3e4584c50b2ff170bec1f9d61f74f75,55.7820563271605,48.152279475308646,7.629776851851851
433,ad2d48d895702b01dd4e248e11a44d00ed463ee66e731fcd0e6602fce79c8a8f,55.18582916666666,47.656294290123455,7.529534876543202
434,ecdeffc8368bc9b3af6e0d9756fbf4ee5bfabc242652dfe14f8255753be291dc,55.48957037037038,47.53183780864198,7.957732561728399
435,f4b7fcd306ecc8abd7ee0553906162b834cea34a1e22ddb3ed6b7c4523150645,56.78159891975308,49.07796882716049,7.70363009259259
436,405c0a3ba971090c0b133b64a1ccbc7a4c6e279a2fcb3a1a9b76409bc8d7ace0,55.98933827160492,49.06141203703703,6.927926234567892
437,2ba8937dccfd189bac6b39cde527c9d94047e568f568df017c506f0135820939,56.71109475308643,49.32076913580247,7.390325617283956
438,3cc79ca832db81b0a9ed431088a05acf8f4a06e043b6c8a4b4f6121e27ef4099,55.86362145061731,48.7877712962963,7.07585015432101
439,5b63c41aabaf642f150068bfec624ba4d3c083312c2fe759c5935222af2bdbca,54.590217129629636,47.41125601851852,7.178961111111114
440,70dcf6a8b0c87fb09f45b2179e60598a7450f483193a4065ae86a4b99c2d3eaa,56.95926358024693,49.487191666666675,7.472071913580258
441,a473370d94a67c33399177bb737cf97b76cacee1195aa6beafbbce43e68188a3,55.413298148148144,47.79514274691358,7.618155401234567
442,fe95726f14c808fe2c6353a34905828bf187f0414a71de947df79c27b551fcd2,55.43047947530865,48.00752515432099,7.422954320987664
443,6d28fa9e45778191e4ccc546f0e0e91ff12a06b80cf79adac9531490e96242a7,55.70447299382715,48.271121913580245,7.433351080246908
444,3a8c4420e9583f0cc137ef010f3d9d9de1e68b358962e40b1eddb0dedf90147e,55.87078287037036,48.24224552469136,7.628537345679
445,242b2a6229d6500bea86bda5de4bebfda7e4790731a63b428c4cb7bb99ecf871,55.46825462962963,48.24281574074074,7.225438888888888
446,47f768fe534b7fada3994f022c4ddf5181eacbb0e58a37565825187b130886b0,54.7151638888889,46.96728657407407,7.747877314814829
447,3f0f19d33c52da7dee760189c00f26fe28f68fa1efdd01efb51bdef872c8c43a,56.95519413580247,49.727361882716046,7.227832253086426
448,b28e507256652bfc683434ef3564f72365797000266561d661196def500a9282,55.634206481481485,47.861943364197536,7.7722631172839485
449,604b7aef6fa5b95b293ce523f1629eb35d0c6b4510876c57b3e76b63ee2c4d4c,56.01315725308642,49.35167978395062,6.6614774691357965
450,75322e34f2661b659d8b66e648160a4e547e7ade682408d54b5b33fbd64b2445,56.359816049382715,48.50891774691358,7.850898302469133
451,05e1f370d4c3a341e7c9561c8294f38da125293fc39110005719f27a2d48b349,57.12778533950616,49.473441049382714,7.654344290123447
452,b1d3b5c2656e2e18c2a89d5bf00992276f2de15fb33794d72a69e3c094fbf432,56.23498317901234,48.16499660493827,8.069986574074072
453,79b84724761ea513ea1ba831eed94b893fae554705183394c728edd767e8cbf4,55.856899691358024,48.31502978395062,7.541869907407403
454,f267a6433f20b2b8f05278816dc419b585342c0ba5fb956b4ec52b501c7c7100,55.85976203703702,47.86686543209876,7.9928966049382595
455,59261c81c5a0709ad41f0372b45cdeaaffcced8f5a8181a46369850571a40a74,57.04424429012346,49.70211913580247,7.342125154320989
456,bcabb8b7a0eb1033b2447d10220bd72bcabc8e965d6f90fad5642b1e8971a698,58.01414675925925,50.832514351851856,7.181632407407392
457,f7e25368ee623e9c20f12206ecc52862a741cd56e39eff7760367a3e0ffff51a,56.07068749999999,48.88594305555556,7.1847444444444335
458,4313ae4535a21eb1eeb06b6958bcb0f1e20c3cf1a2dcc7142e18b31b412c54f6,54.75253395061729,47.01520524691358,7.73732870370371
459,52399ef6308d20fd7b421fae0e17f08bebb687ab6ba6e91657820d8143373831,56.52183796296295,48.67792762345678,7.8439103395061665
460,6b5c1b4323b2328b679aaaaaa67b17d768818b998633f923deafb2856de2c262,54.03801373456791,47.488902623456795,6.549111111111117
461,76bbcb64aba440f67ef3100d571f157b7bf0fbf2ef33b690bf1715e4b08461e8,55.11041296296297,47.798946913580245,7.311466049382723
462,1160934d685059b6837b64f44c6aee052128f3f5ab09ff4b1f5e7e145f55be93,56.27875848765433,48.482457561728395,7.796300925925934
463,ec44c4695b82170db21e6bad75594d4f8b69b1a6ecbace8d5da96117394446e3,57.75800802469135,50.30238333333333,7.455624691358018
464,a673f9b0d21faefdcb62e229d0abc8e514821c3d375e5363996d27c0378d1255,54.89811820987654,46.77104398148148,8.12707422839506
465,a86906b8d084a64e52b573a67de238f7debc0c708e7b16a702f21d5733c2eaf9,55.89243101851851,47.91664490740741,7.975786111111098
466,faebc7160f2b31bdfe4e7e01e33466da2a0ea9247ed9bdcfc93e1fd18d418d7d,55.23817962962963,46.51444969135802,8.72372993827161
467,5eadbb9b74adb1ea6f9843e485ee062bd2f97c437d90438a5e2e86b08006c8ea,55.41170648148149,48.23678179012346,7.174924691358029
468,711845b031e9bc69163451fc7964f126bdd751ee2fc185daff8d898c5f4fda64,55.30532391975309,48.62032361111112,6.685000308641975
469,904f048bf30ff0232b041178e8b9a091e249f670b8c72267ad0f5f52373bc9f3,56.43926296296297,49.203056790123455,7.236206172839516
470,ad73c7737d2351c88a52d0adbd17f84932bd21e49579dd25b42842f799fe0785,55.48266959876543,47.725119444444445,7.757550154320988
471,d32a3c0c74652bfb7bea1b151dcef2aa75575b4c7e33cef57b8bdd3155ccb4e9,54.200488425925926,47.07796033950618,7.122528086419749
472,be7dc43bec9244f39bbc6948ef61b2386b1acb80881745c56046243204f2c0f8,56.46473842592593,48.90867762345679,7.5560608024691405
473,59388c6ed6bea1eb2ca383504d84c2ec2867a36b4fbfb3a56a33a83ffcfe8a54,56.47445987654321,49.74833225308642,6.72612762345679
474,9948244c6c425fae562f537666b3f6d21db11338583478c8d1561e2438c0e24f,56.58783842592592,48.79547052469136,7.792367901234563
475,56c35484e02feb1c5388e25fadd02ad1f658db381969e4adb5467ce4da66fc06,56.1846662037037,48.06723549382716,8.117430709876537
476,59f22212b017e85a0a9830aa83a52a4e724a8efadaee41020fbb6d41f1446a55,56.13425478395061,48.47212608024691,7.662128703703701
477,10d761d1cd00f9472606b65b517221d39efb0c470be4673c3055e2740d95bddc,55.52070771604937,48.398680401234564,7.122027314814808
478,1cc144ae7c53eb7a863c1795b82f67e48e653da7900fd1b15b5f5ba36d914ca8,56.23709722222222,48.84482314814815,7.3922740740740664
479,dec0efbdc4cd206309379e81aba30a946697c4c5e782f5632c69fd44f555a7b5,54.59257253086422,47.605066358024686,6.987506172839531
480,4b20de7e1fb1a3cc9a3b8d3b0d29aa22a75b8ad64987935ae2ef6d2036ee5e14,55.4704436728395,47.5264824074074,7.943961265432101
481,698eba8af3f9e7c840e5fca0ac29a9e1c9cdc80d112fb7c7a408a752e300df2b,55.48747314814814,47.62771929012346,7.859753858024682
482,6b0c74777b36539ff6be765b8c4a2392cec781e4965fb5a2c51ad697574975c9,54.32402731481481,46.7507737654321,7.573253549382713
483,d78ad6642c8d248bdabc774b2c3cc40fbb82ece89edef525dea83a272123c7aa,55.251354629629624,47.96834074074074,7.283013888888881
484,e0728425b11e1aa22e16b6f3da99884704b67c3d9a7bee46d45ea03363415fe2,56.92681033950618,49.782053549382724,7.144756790123459
485,c45b25c6507d573a09fbb6868c92ada9230ff238160fc6f3a1320824044115b0,55.77132484567902,48.258988580246914,7.512336265432104
486,f6d85f4a15b50472a8f74f782e6666a51675268a836923a361b1f934b8307e9a,55.215049074074074,47.75591635802469,7.459132716049382
487,717c63e20710645f2e12effab1f7fcf0e506992ffc4e30f4e9b57bde80cba7f9,55.115244135802456,47.557754320987655,7.557489814814801
488,ef3d6f89fe19f193d34b5e1397dfc2055870090a0c5b17f2f206d53500cbf3a4,55.519251851851834,47.972232253086425,7.547019598765409
489,fc3c0233d54228de327329c8b1c1a0a6c3768c915e00d4023d49264b57fc1293,55.106288580246904,48.22994228395062,6.876346296296283
490,f07e6bd03d9668ff577c9085429a9ba22123064ea54058e41a633d1989ffaa7d,56.18556929012345,49.34883163580247,6.836737654320984
491,568289a2e51f4a20e80978a9c170e5c990fcb38d29f2b3eeed0799a747a30f36,55.96511604938273,48.585872067901235,7.379243981481494
492,cb027d494db1f40a3db8c5effb2627cc41447158b71ead1c13e781a51ad99c4a,54.811057716049376,47.87188425925926,6.939173456790115
493,f398e509f619bb262972e8cbab29f1ffec378209c6f8f2cb457bb61625c18de0,54.67352561728394,47.25242175925926,7.421103858024679
494,4a24a771b9c96ceec4d328d06dc7a355242d31fef5a298326c02c940f3213e04,55.9296523148148,48.27280462962963,7.65684768518517
495,f654f1c9d41955c452d4083f2c96a06065c4345fe8d5b3307cf0914fc22621c7,55.58040941358024,48.14965925925926,7.430750154320982
496,f3351ef7f58aeb9b62a7ff0c2427ef4dd07ff223587df42fdd25a1b11295ca5b,56.04514938271605,47.80133518518518,8.243814197530867
497,0073abaefd36e6d11712e031049343842361288a2a1dbb5feeb0e609cc4ccb46,56.4505887345679,48.63326743827161,7.817321296296292
498,610672cf2674ba0272bbe1513084f262c00444496b2fa0a38b01caab19f3a2aa,56.271185493827154,49.26766419753087,7.0035212962962845
499,dd8084022d441697dcc4858ede439798b63ee4952aec6bf2ebecbe478dee8326,54.858165895061724,47.5814862654321,7.276679629629626
500,39f9339425e370d9c79043c146775d6031e693695cea0e985cd7a00c30f6f200,56.24938441358025,48.831538580246914,7.417845833333338
501,18ce03a7b073ee08640392be6a62801b97cfd0a04a5d53b7967a09fe23a9bf14,54.368595679012344,46.522226080246924,7.8463695987654205
502,73b1f08dadbf7e581fa21dcb20d5b755986f9f7ac704dacbde8584545e149bba,56.18231929012347,48.66183024691359,7.520489043209885
503,8a980698e07c00795418400b32ae96c8a408ef66ca1788117dd59777b8ef7c33,54.74595262345679,47.49977962962963,7.246172993827159
504,38e96abe071e8dd6f0d35d98bdb12853bf5d2916386ac88d222a5cf2ad20b37f,54.02211882716049,46.85451589506173,7.1676029320987595
505,2f66f438afa63185c275fa44498668a3388581a4e969f9dad9a46f117ce20afd,55.418593364197534,47.72554382716049,7.693049537037041
506,edd742f276965849a541fc7db8a257040a4d05750a162038a79e279a9bb86ab9,53.40703641975307,47.03450601851851,6.372530401234556
507,70f8a3892cc7609b94761d8f74b614d56ad1987ccc4bfdf01f59de214c19012b,56.2530875,48.528332716049384,7.724754783950615
508,fd1c350be4a0a314044153787518e6a2feb144aad1130539973585f738969d3d,56.26543549382717,48.971705401234566,7.293730092592604
509,c8ddd0618f09810d8bef1462a88380b67f590b929ef19e067636c9c10fa60c52,57.125115123456794,49.98787608024691,7.137239043209881
510,f75536cc818b120e59f8b2b0af83568d85cd6dc26b670c0e6981ee7ba64c0382,57.8557399691358,49.50798456790123,8.347755401234565
511,88ba2664fd6d893f9610d1ee4210c1f4fc7b45a3df50486c9034de6ba09bd076,54.983393364197525,48.61361234567901,6.369781018518516
512,319ff7aef74bdb92cadadfb67f7346563ae757f141de6f6bfb9c6e209001ff21,56.85334521604938,49.473189043209885,7.3801561728394915
513,8d382789aff6fe1b4eca11420446e994f28045b501f512397a36302f260758bc,54.497016512345674,47.67203441358024,6.824982098765432
514,c3d6a507f335d41b5b7c8822281d9ef5583e4fcd65fcb9151d561aa87bc9d12a,53.48214459876542,46.13396759259259,7.348177006172833
515,57b67e6bd560c791068ec19faa3ab36adae53d2737dca4990e0e3055bf77e7de,56.86446466049382,48.16069290123457,8.703771759259254
516,4d146eabcb43361916d9a0b247d545f2080beef7b51f8483519453b74680052a,54.21587916666667,46.43833225308642,7.777546913580245
517,87b795c72a5c06cb5375d9f212d94a3a51e7f538bc37b1ec3b255817dd26e752,57.6790486111111,49.12723364197531,8.55181496913579
518,ca9896ef9ea49f2a246bb1e50d818467ea969f5f60c3cde956acac7c7c53a5c1,57.02385246913581,49.637472839506174,7.386379629629637
519,28417948ae220a3f7c55b466fed1297e6b679cc1325953b84c551470bc7ebabf,56.19160308641976,48.58068086419753,7.610922222222229
520,ab2f172ff4f971b803d3640ba5389aed34c6cbf1d75d1f7e46a4e2bbaf2facc8,56.59768580246913,49.28980308641975,7.307882716049377
521,01815f3ed5f90cd27ceb6fce85d385c30e418f854eefdafe02ccc45953ec4c5e,54.73899243827161,47.019848765432094,7.719143672839515
522,754bea95d7238e775186a99b525e5ce7ccd0de3bd6d845e776278b344d6beca7,56.54388672839505,48.18490354938271,8.358983179012341
523,32787492e9085d923246f720dc976ecda086ff2a067196d99b2da64e9e18c7a0,55.62995987654321,48.53190864197531,7.098051234567897
524,a6e99b6cf868e6ac57c6347bd4dccc78ec932e3960149291193175e58a7026bd,57.171382407407414,49.6128188271605,7.558563580246911
525,32216945bda8d734e8a4927b73fb0871d7e1802e166e1de74df0f058081232ff,56.087026080246915,48.679270833333334,7.407755246913581
526,c85d91134d60c66e3080946894745fcc0a448b53835dc1a712efd0ab1541866f,55.94571111111112,48.21492577160494,7.730785339506184
527,f56b6d95d4cc2b467e848de7cda8c29cf52bf5a86e7d78c27f85b77130783488,55.99927716049385,47.99929814814815,7.9999790123456975
528,c2458385430c837cb2a0bb521514e93f79c8d32e3b234dabc8f8d437f7c65726,55.76542577160494,48.81138935185185,6.954036419753088
529,2b8ef55a5133d1b8c6211acfdb95af65e12fec8e0860189a7690d4f2871ec5be,55.64254552469135,47.54285061728395,8.099694907407397
530,a401c8dbf8f4012f35d4479b5df522db3aa113dbde1d92f4519f324e03ea1991,55.680661574074065,47.19953317901234,8.481128395061724
531,43ae6cff6bec8815df1d43ebd90af1f904b77164b7ac4d4cab6c20c88955fc67,55.78231188271603,48.28216141975308,7.500150462962949
532,139f9adc69c0a2696d22d46c21ee984a8dbbb50c6047dddf82e0e34fc1293773,54.99473132716049,47.409067129629626,7.5856641975308605
533,a1642fd48b750d6ffc1a028bfea32290ceb2fd3fc4ebd309762db2504ac5ff53,56.181922685185185,48.672133333333335,7.50978935185185
534,5b0cd0abcbd6906d6713fd77ad355c22fb66b4a17351a7bd0b6eee251844e042,55.82775987654321,48.479023148148144,7.3487367283950675
535,0f54e6418f3782b69ebeec6702c1ef261bf8641a8788f219b936fec46cd26747,55.76198225308643,48.37075231481481,7.391229938271621
536,694e405f3ddf6778de41b996c4873be30890b82e7742936bc09e8772e4d5b0f9,54.82529799382715,47.31413827160494,7.51115972222221
537,3a48dae3348be01dde0573412c763802efab7d67a2ffc9ea42c561506580dbba,56.6094311728395,48.65276589506173,7.956665277777773
538,16c4a0318ae4783bd25b5fbaaa0bc0b53241725ddb9e1c71253d65f919fe7177,57.102774845679,48.84897222222222,8.253802623456778
539,8d066e61008092a5dfc0ea835946b1b920ae4e5105e17e89b1401eed31cb488f,56.207825771604945,48.500937962962965,7.70688780864198
540,92b1202f4e5b2d8599ca7a2872cd2396941b43235b50713d09dc739fff9d8df7,55.50249459876544,47.93508549382716,7.567409104938278
541,f06907b6926014476cf04432fb583d3fd4125ceb7caaaf5b7f507fe58271c33a,56.138600000000004,48.41905,7.719550000000005
542,dccac6a928aada9e03cd9d0e1dff0cb1f2ba761d0a3376f501f61cbffb49083c,54.62980169753087,47.58212561728396,7.047676080246916
543,d53a580c8268cb796131a12828af422572c5db329264e7f474863e5bef3577ee,55.7636864197531,48.13278441358025,7.630902006172853
544,862c52e9617e562737767e52ad3305bc9f0d2432bec01d71de5382c1a9b9c936,54.94945524691359,48.18418858024691,6.765266666666676
545,011a37b81b2b8d2e9f4349696688d608760d6423e5276a763f8dd2341162188c,55.995117129629634,47.74423163580247,8.250885493827163
546,f55802b0eb6971c2ff420a5466fbd34487b2879d638a4c88e977ef21a6fbe552,55.77460648148147,48.29268194444444,7.481924537037031
547,fd7907eaf2d73f1583e9fb8602536acc8c9362e39a3854fca02b58a1f29d449d,57.51262222222222,49.184798611111106,8.327823611111114
548,214b7eb1f2189e28dae120f1824a0059a33dde9aa6547d05529bd8e1b57e54cf,54.04233410493827,47.25937191358025,6.782962191358017
549,c6952e51a1b5cfb9457cabeb8e41009a25159c3856026b6e56fd40087188b870,55.64437098765432,47.90857407407407,7.735796913580252
550,3dd4727680b5d6478ebd8b3b98dcf17f82292859d0e22c023ccd44347c100540,55.12479891975309,48.13133086419753,6.99346805555556
551,e9f22033a11da116dd4a83c74b505e64f359151ddc541206d29502eabd2ce1d7,56.00976419753088,48.72342422839506,7.286339969135817
552,ac985671b1e056dd5f136265ebec054f49be0aef376ae4eb28152a76c18dbaac,54.225035493827164,47.30264459876543,6.922390895061731
553,2419495e378108702199f2a20f87efa1e06fc4a8ca1be3d83514393dcc2a2b3a,53.1796211419753,46.131224845679014,7.048396296296289
554,d45dddfb677fe8c51a76ecf060caa4be988da2549cdcada978765396d3d63599,54.518351697530875,46.57234783950617,7.946003858024703
555,d18e50a57a72e9fc86faf132c37cf1696ae175d3ff0734435268c8581279d1d7,53.96640324074073,46.39155956790123,7.574843672839499
556,fcc172ea08daa429571877c4c7c8f0127eeb621790d147edf8d84398d7b550d1,56.46712438271604,49.55409182098765,6.913032561728386
557,6fd7fce4c26a58117413a5fc1bf678bd575c58109c5be455929ede023bdfba0a,55.51824907407407,48.47030817901235,7.047940895061721
558,12b8123754ccd26675ca8e9992ce454f0070ba1fd314899b56b2b0483c811816,54.09469120370369,47.07439320987654,7.02029799382715
559,c1713d2edd5eb3af5330786abbc9806b4cae6a643dd0fd8e7272a3fd6c685354,57.03397731481481,49.59172160493827,7.442255709876541
560,63ddd697d20bf7b6d2a9b88678a95634c8289e90ba650c12fc435c493460a275,56.58265679012347,49.24681697530865,7.335839814814825
561,dc1281a244aab9560bf81a8a86e9ad8620955f91b29383e37f30122f18072486,56.824187962962974,48.996856944444446,7.827331018518528
562,ff6977c9ec39278e1baa1a34bd2ea1df138c0fd975a5e1d8bfb6e708835506bc,55.20597376543209,47.533791049382714,7.672182716049377
563,d1ce95b0e716874ddf7af709b3837012ff3f088c7e46b996a50f2511a7d96913,55.31156404320987,48.113706635802465,7.197857407407405
564,3777f60af42214fe9b5375c32468727f03b7dcf61d79d96f74d3ee5f301d324b,54.40661219135802,46.82919212962963,7.5774200617283896
565,0ecda3dc000580eec6fba1bbd02a1b9b252818e25ed1e90d99e3577b340b4aef,55.541388117283944,47.72598981481482,7.815398302469127
566,ce05bdc9c8aae3669e15d53b6bb4382adbf8f442c4e5927611caa4d62be4b1df,55.891201080246894,48.79041296296296,7.100788117283933
567,7560ec30e4e361dbbc8501fc558a9f14bfeceb38894e39e8bc56572c28e2612c,54.46737530864198,47.365033333333336,7.10234197530864
568,c56b900cefc61dd545f18f556d6bce544f62dccdb36713f2e009465e70106d84,54.328365432098764,47.30157391975309,7.026791512345675
569,3803eb3a1a0e3f9264eea3bc1a5617da9f47f79dff147e09a5c258415c174115,56.17346728395061,48.35038271604938,7.823084567901226
570,ebdbf7732c14febf4b40c1b3f0d99910b616d431770ee7c7bb16cfe55ec7f192,57.17436898148148,49.57479953703704,7.599569444444441
571,5deb97a34404cf9d3b75af6d97f5c6a31c073094d88a64490b981b19adfabd00,54.88841419753086,47.23962546296297,7.648788734567887
572,fa890350006d39175e79d1cb821dec205c7cbe24036facbed8db1aa8449af7c6,57.181074382716034,50.333728703703706,6.847345679012328
573,96993585d6a74de19cab14888aff5c1cd3b65b9eb66a971ca97cd61122d960f5,55.52973055555556,48.17197530864198,7.357755246913577
574,19f4e4afacc09ede61ffa216af2d5e40bcf48d6e0b8967eb74a653c2ab17d276,56.164425154321,47.9710188271605,8.193406327160503
575,d0790dbb197b166b1a0fa4af60e281e5442b693735db20bf6b4c084abf87c91a,55.98321651234568,48.304880555555556,7.6783359567901215
576,be8a7401194ffce45f87449f624f37c93da7fe54041d01b1fea0d4c4facc8ac4,53.7133924382716,46.31723641975309,7.396156018518511
577,efebdc42e6a433e3f7e483e1de525c3cf952c9a77c44ca7775b87a00c634c6cf,55.136586882716045,47.61625262345679,7.520334259259258
578,81f319cd49657b06f2b98998e3463b4d4072433ce4e05c841e848a0e8750b8bb,55.55598410493827,47.50575601851852,8.05022808641975
579,fd4c3581ccd66434419a7f90a4b0bcccb1e8af052e9e89835aee8a527ac58a95,54.84472638888889,47.38099861111112,7.46372777777777
580,560596761dc0c01dbe3a7b8e851a621d09945ae0857223d8b737b0ea7401c34d,54.97969861111111,47.40323873456791,7.576459876543204
581,b1c6d706776963626d4fb511304dac2917d94cfdfb2faf1757f68da4e24f3e6a,55.333672530864185,48.20212160493827,7.131550925925914
582,ffa6c7733f5b3024d2949c549d3fc1534213fb7b8f0827f1f098627426645ea2,56.40746851851851,48.88250385802469,7.524964660493822
583,c75e81b385c5930447eab04142f707ff434845efe4da30deb9cd92b93968e419,56.0236587962963,48.50006805555556,7.523590740740744
584,8f9505a7f96e711392f2f09eccc85ad9d3d50b4099a6d2144c69424f1f90a556,56.718110648148134,49.428043518518514,7.29006712962962
585,9cad4dde50eb8fd888c261e25f53ba57a25672c2023c525c664dfd0e490d8ff3,54.58718117283951,47.24543456790124,7.341746604938265
586,fa4e65a0173e3de5cce1c152dea9d771817fb2fa2570d58141fe1632b9faab76,54.54180617283951,47.14972638888889,7.392079783950621
587,d38d5fe3636995b6d878aebacb425a572ea93aa7c60eb445ea6534f6c750a92a,56.78200972222223,48.88679737654321,7.89521234567902
588,5d170fb85bd0d6c8aad7e38b16bda832554fafc05cdb457ffcf4fe212cc4cf12,56.898936419753085,49.723799382716045,7.1751370370370395
589,fed50f0bfdc55d7c142d6149009734c6d8772195a916b543ef595daf555e1650,55.058028858024684,47.89693518518519,7.161093672839492
590,67a9cdcedcde813daefb8f6a16ed557951e4edfc8057283106d50a3a360052ec,57.1954577160494,49.08992546296297,8.10553225308643
591,67e99828a50a252f2ebdc719c0cb417416c559780eb9ba2d0f3789c38b4f642d,57.923408024691355,50.39985030864197,7.523557716049382
592,1a1bd960e748ac8fe121644a6f24b3e0082d7855a0cea31679a53bb778645f9b,55.02922037037036,48.1645837962963,6.864636574074062
593,a2dacf4b79349f7b10c1f482927dc3f872a7bde6a3df3874230d485c180ffd98,57.026972376543206,49.190121450617276,7.83685092592593
594,e1a7fc019376f44b77ca1163ce508b2fb01ad9d39e6effc9dc87518e75d5d3b8,54.14395231481481,46.36459598765432,7.779356327160492
595,06a9de0b36f8ad7662445c4e33cf3edb0d2221f66d84101e3b4ccd157f626112,56.31251064814815,48.659549999999996,7.652960648148152
596,c27e6e0a20805076919835c04015bd133c53b2c3851620b9a757e60d1de2b070,57.407121450617296,49.82118780864197,7.585933641975323
597,950dc410668f58852de472c3fe5bfe38b39a49bf4a0f19bb6c481afcb0391c8a,55.161060648148144,48.659776388888886,6.501284259259258
598,fcd53a194ec9c960da9cce922b075050d18b348c32564aa0758579e82f8768e1,55.96812808641974,48.46755540123457,7.500572685185169
599,4cb70d98393966379ed3f5603850e2dc99a1fc61ef01807ab7ac3b38b7c18fb8,55.72541358024693,48.26784089506173,7.457572685185198
600,22513b9895d793425ba4533727f32b020487b0f5065aa512130a7e18e84e8a12,54.70938410493825,47.600200617283946,7.109183487654306
601,9618fa0c900f1d3632b2cf1cf257cde760a6f092d5bd48cbdb45fe59edf4e8a2,58.12500972222223,51.7094362654321,6.415573456790128
602,0e7b430b7b63a607387a2b6abb0aa67f4bd4a12977e1194c8194489aeeb0f4dc,55.15590123456791,48.08770771604939,7.06819351851852
603,7e92ca50cdd75b6753fd3d036054eeb541ae7d148113ac23d7b05fca2098eb3d,55.09232222222222,47.52515817901235,7.567164043209871
604,77825b22b0c37fbc49f089fae4959ef54690f26b4d225296b171598661f666cd,56.121827006172836,48.629022685185184,7.492804320987652
605,a7134962d48b0ba48c18bb9fcba2c1a7685a5aec823abc4402f9b9cb2074797f,55.936722993827146,48.79843024691358,7.138292746913564
606,765502f2bc68fd436ab943a989492080034aa9ac6abca019167b3202f8ee17c0,56.22727422839505,49.2026050925926,7.024669135802455
607,486d3bee6bb60327aba37db9df245aaf011db8915cc887cd7f699d9352bcc9ad,56.48557037037037,48.5110962962963,7.974474074074067
608,c4f50bc6cdfa0edf20ec97d680935582ac2b4a4acb5b1fca723087a162cbe2cb,55.04716280864197,48.12487206790124,6.922290740740735
609,7eba7eff906e9cf23b08ec04c59e5a776ddda52c79e7922cc75328e78ffbff4b,57.05137978395062,48.8504575617284,8.200922222222225
610,b5a265517ddc6994dc60230c5d931752f02c59d6608d824857b5d7012e2197f5,56.09153904320986,48.09487546296296,7.996663580246903
611,c4a6f3183ae751c4fcbd97d9b52d79df7d7a34cbc436236a81d3186b86e12fc8,55.851680864197526,47.604029012345684,8.247651851851842
612,b0b8ec9455c2a9d00974934f5011b26dee99e64bdcef675be412f72f7aaab757,54.82998780864197,47.530686574074075,7.299301234567892
613,3e945414297c9e90e2e1a2c02c6a4bd12e2f9bbe1c46f7b6297c7ee847d187f3,55.65327438271604,47.97577731481482,7.677497067901221
614,de26f7bfb0193d5260c14a3806d8703153b3bb0956e2e59d5342e09fa1fae81e,56.279169753086414,48.68601728395062,7.593152469135795
615,1bd562db9ad2bc1d66ff562477c87b33db39285c7c29a3ef6f0e125d78d1625a,56.58099413580246,49.37711589506172,7.2038782407407425
616,75779fd3c429d29dd405ec09f07ba9935ef44e04a73922d8dd5584be751aab90,54.486147530864194,47.272373919753086,7.213773611111108
617,93038e7d162eec1388b4ba091d84e3b2c8307a99a82c34d073fd728feefd0507,54.567424845679,47.30139753086419,7.2660273148148065
618,fb479d762a0a8642771c01f94033adc94d3274abe104d554f3065cf2954dc721,54.81942947530865,47.0507425925926,7.768686882716054
619,78412df34b802baf76d25bbaac360a2130e87d1b6c997c2d43ed4ac16fab8a9f,56.22913055555554,48.92190771604938,7.30722283950616
620,155475dce0e981560d8b974dec80b5ff20f1bd46f79a3e78cb1b384734c8e9bc,56.13262685185184,49.18127129629629,6.951355555555551
621,97b1144706f9fa224a170fbc6b3d2b147236504f10190958b0b1b0b0db7be0ee,54.88292330246912,47.73061419753086,7.152309104938261
622,6e785a7c3087eef4fc0de38353cfddf728d4aabdb6fb1546aa642af4d6f4d36b,56.97635972222222,48.551521604938266,8.424838117283954
623,0c3024e9d6c6c46d6982aa9fa7afd3023a8aebbe8dd077e81675d34fa111fed8,54.58787716049383,47.29567978395062,7.292197376543214
624,1560a6ee1bfa52ae99ceff3995ef4e10a253ec6596d5d9297c7745bfc31c385d,56.09875462962964,49.11840987654321,6.9803447530864275
625,b368de4a3c2a8db9ae29dc02ff834bd56ace6a532e01fd11f37d6fb157e39251,55.6072601851852,48.390467901234565,7.216792283950632
626,6175eb19d04fae203548e2297f04033669d65ca09d4329e32640ceec39124da3,55.124754320987655,47.79171296296297,7.333041358024687
627,e15cdfe82779dd4b706233ca39a6971453550d2540133e5bcfa912bb14cf0979,56.3109225308642,49.311835030864195,6.999087500000002
628,1fe2c7af09654a90ca299cbeb398c485a7c75e54f38adc1e70c76b343b0a7023,56.756542438271595,49.93124783950617,6.825294598765424
629,0d1434ceaa920cc5847e0d7e86a38097af15a5c4bccffca4a4ab358463430d13,55.39719182098766,47.63830771604938,7.758884104938275
630,4cfa041b9342110791ba2e249cbedd35ccc0773a831712aa40fc434fbce68562,57.221452932098785,49.635372376543216,7.586080555555569
631,7c21d3bc384f7278bdaac0e23ab079cdf78d50de7ea155876b5eeafff5141d80,55.55642746913582,48.6594837962963,6.8969436728395195
632,26f11f0445700e150685d9f7b1a8f0bf0d307cd101bf5189aeb49c528bf164d6,57.47913827160494,49.45312067901234,8.026017592592595
633,6b4ba3b4a937ed01d86d519232b4015b1a71866aec751807f056152477651c4a,55.38111697530865,48.10060725308642,7.280509722222227
634,f760799ab80b2e26a8c5e9c13fb79748a7b7bb9b95aeff3a5bf2498eb237ebc5,54.840455246913564,48.02626265432099,6.814192592592576
635,a7387cc4b8866e2c97939ba92c818229fddf19646980d30483894df01d4f2be9,55.768786111111126,48.33019490740741,7.438591203703716
636,b13dea436485e3bf9be77f388a223172cf7a39fac871b036eeb0111ef4942aa4,55.75598580246915,47.90673070987655,7.8492550925926
637,b21d54e15846667b00d616f9556cf87c3007404dfe21ff65f8624b6d60053885,56.175127160493815,48.06660339506173,8.108523765432082
638,5636c4d098ffd99ddad9ceb55003127a4b17a48bed7e02ee89fc6d473b3c360a,56.31701635802469,49.18588348765432,7.131132870370365
639,3b7163e5acd83af746575120f5e06f52d2a98ada61ae82a9473d6f5cf450ffa3,56.0784260802469,49.4337924382716,6.644633641975297
640,1f6fdb0ca0a31f48c031ba577b1a041b10b0ad1d52b2b51b8ab39f08a4eaafcc,54.40106296296295,46.72370570987654,7.677357253086413
641,0cb7466513c04e77e84f68ae687b215c7a4f1ed7a1b5af3b90f0729b050737bb,54.36704783950617,46.97572592592593,7.391321913580242
642,2d66aaf2d6dc0a7a81555c806d0eb045138cddddd248f43dd9007ea760604c8c,56.02389984567901,48.754264351851845,7.269635493827167
643,021749387e6fcdf19a48fc6a8329ebc1cf5947066a0b035d6df6b890ff2771e8,55.369186574074064,47.17319305555556,8.195993518518506
644,1fb6b02f4671d572ef7d7bb3a07f661e436c568833072f1c5aea8faea5f0b916,54.15643425925927,46.629615586419746,7.526818672839525
645,e47162446994f711de47b4e7d49d74ae71d54b7bc92a315b7e3a9812113172f4,56.154240277777774,48.82911080246913,7.325129475308643
646,d1ccc9e998c4df2f2da4dbf406bf9ee2375b70119d8bc5548b3dd512503b38d3,56.024557253086414,48.61837222222223,7.406185030864187
647,5388cd81e53b35ad9a8c05133aa23755e7d1265c7921709fa0cc50dec733640d,56.631955864197536,49.82995308641975,6.802002777777787
648,f6e332d9e01dae54f9203fa111c07e3ee929f79ac41266c738fa57bd31eb3be5,54.48230941358024,47.39681790123456,7.085491512345676
649,22af874948145c698fd19831eeecf5dbaa4e7f59851fb699516db341bd4cf2a8,55.57302870370371,47.84677407407408,7.726254629629636
650,65123681ebff8299e9bb9a3b05a166e44c4a77fe013fd5176217c1f2a299bb8d,55.91416358024689,47.37387206790124,8.540291512345654
651,ee8ed59f9387c89be6bd64ae755a71b9aefa7d7e66286bd9c500cc6cbf674895,55.19075709876543,48.32768456790123,6.863072530864201
652,12b26f17e15320a6527c07a949441fa6d3399adfa023b0738d037118dec5204c,55.751166666666656,47.33811774691358,8.413048919753074
653,c49b604578e5c891310f3b5655e604dcd79a8ee166f809c1c08a91bb9d43d49d,54.92895648148149,47.49792685185186,7.431029629629634
654,be4ceccf42b10379e878c63affce2feb2f02258da7d1a24a262b17f980c86cef,53.65207654320987,46.82230385802469,6.829772685185183
655,fe15256f4caef5cd570bb0b60bfecbc6b27be297fcadb0706664a9118dcbf866,56.383333179012354,49.40157515432099,6.981758024691366
656,e84225f0832bf9ca25965f1f6e6ccc0f92e786f25e95a4016a7326df428409aa,56.71009907407408,48.888126080246906,7.821972993827174
657,2000f01125404e321f2169bfaf4a09e312b90f6106a5409b5f981e42f9680e02,55.576098148148134,48.03109521604938,7.545002932098754
658,94936975b7d53feda73f86d65835d25fa75d3aae6287efd1ec74dcbc549264ea,55.980050154321006,48.58188086419753,7.398169290123477
659,243a3fbe6faff500d17c5f3597d3f43a67e96e2bf42d5640c911ec40dda02223,57.03576080246913,49.3174024691358,7.718358333333327
660,874621623f0c89bd1180f21e86e9e8417d47f248bc8961f8f704ae5d0b6e5c21,55.27410848765433,48.209526543209876,7.0645819444444555
661,b6539fb1b1c820fb049fe3343073d1573048fd36e6a2abd56db6bb13fa45fb0b,56.30685138888889,48.50194027777778,7.80491111111111
662,920d6b9a353e4602a82fea7e2c23ab2ade5349a327a8f6fa5c3ba4f36f05b246,57.57672962962963,49.755468981481485,7.821260648148147
663,27db7cf2c66e52593b287409d5b4a36fe3901e1093eb2f9536d9d0fe9a1915f2,54.14252839506173,46.849220061728396,7.293308333333336
664,df27f9496d356540a84bdedb3122c09f173476ead97bc9dc74198ef488c65ec8,56.5469263888889,48.642428086419756,7.904498302469143
665,77eac511f78b5172960cd31f523f2c7d9aaf3ea4233edae874dedce530ce0033,56.1379311728395,49.844672067901236,6.293259104938265
666,8f5fb6fc1c8eb2ec20b0fe198eb685952270d8d34a9d14a6986d8010560246d2,57.10701311728395,49.75850277777778,7.34851033950617
667,521fe9df124fb51b4344092205a18a795fb5c2908bbec498330955b34160cf35,56.06147237654321,48.56292993827161,7.498542438271599
668,47014f71b9af88e0ab70ce985c4fe3592c8b4a78256b5e12e4505111cbd410dc,56.751366820987656,48.867620370370375,7.883746450617281
669,a453650fa661bb300302231900585f9d24182057538b32dc917393904834c109,56.23962854938271,48.46334074074074,7.776287808641968
670,3f784210c14e90fe4ad4b90fbc1df0c8c9c57dc66fe35843626ea331dd813300,55.29341975308641,47.75812638888889,7.535293364197521
671,6a0c8f037e7dc384f653ca920b3bc41230e26c74deb358201d938f8ce56738cd,54.958050771604924,47.47418487654321,7.483865895061712
672,06abbacdc3db480e07c68713d8e66d22aa968f0afabf63e70fad691c874ad7de,55.86693441358025,48.67779459876543,7.189139814814823
673,294c726744d0ecf0f73b4efc9a9a24eb149fcac0bd6cfa4dc7bee4ece9a85b52,54.99733472222222,48.30823271604938,6.689102006172838
674,000b7d586c3eef9bca81ab8a641788a9d70f50ae9526c9eda84e6b35e619657b,54.58265015432097,46.86897422839506,7.713675925925912
675,67a94da43a0780e9f1b57fe06d07777857014a3238b0336955ab4d52a099a907,54.606172530864214,46.87624212962963,7.729930401234583
676,fc10321a209247205f98303c4b06833234e9f2a4d95dd049fcebdcdc8898eceb,56.57799305555556,49.111126234567905,7.466866820987654
677,c9b41ba48b73ebea385e88522162c8df2c45e4d7e2800d9c42ed3537e0f4affa,56.18349058641975,48.32745,7.856040586419752
678,0ed00426e92130ddd739f8900b599e8ae2a1a8608978ede270893c1ccbd1888f,55.70806049382715,47.856322222222225,7.851738271604923
679,edc6c9f85578ed832611577fc836c4a20b978526f08404fc4e6737f91d4462fa,57.008452932098756,49.534463888888894,7.473989043209862
680,131e53395afe8e9b951e87381108ce2e6ab3bade060701f0783db13d3ad0af13,57.06667037037037,48.842809876543214,8.223860493827154
681,58b2e9d8bd261d51db6b826c30a0357cbe5e7baac8d36e56f09c172b325c9ee9,54.67439660493825,47.288705401234566,7.385691203703686
682,6f3d8056232dd54b9b6c6c273855c268338489a024b23188ced54f40d63f873b,55.81151975308642,48.462924382716054,7.348595370370369
683,e2816e10709f305937289fc9e2ea2c16791ceda7c72494db9db69c6628e04b70,57.066837345679,49.52958919753086,7.537248148148137
684,ce6770f108c7a08e492ce59447cd5962d6c91f42a6ea39e5c48f769a280535ab,55.76705324074072,47.48940385802469,8.277649382716035
685,0652d28afd5e9cb797f84db059eda3f3a984bbb7c3c7de19fbe08bef7e127bd4,52.96371080246914,46.165969753086415,6.797741049382722
686,ab0056d59e04accec4a24577f409ea49a0f5eb0daa3a61b8c545444a40cee9be,54.40779274691358,47.50593009259259,6.901862654320986
687,7797a7c8b70051e9f96af07d5f72f22b5518822a96dc2e0de51ec30b5b19b0d0,56.30019182098765,48.99482638888889,7.30536543209876
688,6b4f80824a821a92dd8a1eb3bea3caf4ddb4f4178d912aa8cdb667c68e57c8ad,56.4685398148148,49.423107253086414,7.045432561728383
689,2cf2524e081ac4e5ea6473818da1f17824dd87663c67986a8d5555fb3622c5fd,55.78461126543209,48.51415817901234,7.270453086419749
690,077758f85a87002330ce9f83b1db64ecba1b97be703312b20312e03691232903,55.643866975308626,48.787280092592596,6.85658688271603
691,ed7c3217a57825b5ad4920a70b19a6ee984ae2d3919552d803687d6feb8df0d2,55.015575,47.46581604938272,7.5497589506172815
692,941a09f3635789ea6af8bf3435404575aa5fbf9f8b588648763027fef39597d2,58.69886697530865,50.29038302469135,8.408483950617295
693,b750b20357d4fbe357cf3a300a66b92d34e2d75a0c4f937a5345709b35502d82,55.57488518518518,48.238664969135804,7.336220216049377
694,f3e1f6a14027a1b19a6ee8faf4fa1c276ba715aa9e4406c86a92887b8d5f99e6,55.288533796296285,48.06250632716049,7.2260274691357935
695,1d73f860c976d5a968e2934c64409276edfbff5474f0047ed534027341d761a7,55.94359429012346,48.249891049382725,7.6937032407407315
696,8f4c75e4e54cd390e0eb466da2339cb3b6a2a23d462f63dbeec7c5e7edf65d30,54.47198904320988,47.19061141975309,7.281377623456791
697,deb54adc2089e31bf0947eb3e7ac4f66aa306d997f845a7bfe6ee4e67150a8b8,57.27060555555555,49.52180663580247,7.748798919753078
698,996c5b4d4d91a93858c4986fa540567c7fa142aeb31d28cbe9e59b789a15e3f6,58.52807746913581,50.92674475308642,7.6013327160493915
699,c310fff41179111f7fabfa5eee79fe0432952c8455c5f173943f8a0a50c08615,56.14763101851852,49.58390077160494,6.563730246913579
700,3de6ef269db3e57cc0ca80354087f3f6ec5aea33c375968056c46127ae1535b7,56.28954722222221,48.98777592592593,7.30177129629628
701,ff18c6c53dd63e5c29a570d3b8dff46436fddba624013226c2b730060665c26a,56.20701820987654,48.24490648148148,7.962111728395058
702,167f1bcd74f8860c53d2d26b63cba9543257e992d854cee353f2379ecc56be9a,57.858261265432105,50.563123765432096,7.29513750000001
703,42cb2e2014f79b5fce8153fd1bacf7e2921adc2f39dfac01e05153e6cf4b5c13,55.63615246913581,48.57998981481481,7.056162654321
704,7d882055feeeb44ad4ad6a50ad8ca6c9968632ac4eee68d6213c82209d3a9a0e,55.97271141975308,48.10624675925926,7.8664646604938255
705,f9b99162bc1d3edbbbcfb11588fb2cc7ad18c3b61fddbc90165d4d9fe5b0be0d,56.75508348765432,49.462414506172834,7.292668981481484
706,e10edfd1a445e550d59c4eea0fbce260aeec893611fa8977a0d44de22d4be19c,54.25548395061728,47.5225399691358,6.732943981481483
707,63689a21dee1ca5fdbf73461e4c930ba0752e8744db99dc066c56a266cfc60bf,58.06548950617283,49.55770015432099,8.50778935185184
708,d54907e54396a562fad39bb48e3ba5438188ae12e32a01df4740e346b848fbbb,55.08009598765432,46.88507515432099,8.19502083333333
709,f27c6cc85499ea90a2d2ba44d86e75c45115308c34ae6f43384e7a14077469fe,56.09396126543211,48.57469475308642,7.519266512345688
710,cfcf36bd4b572a775239b2414aa53a1f402732ffd21418911a92dab76b7e9486,53.581831790123445,46.646566203703706,6.935265586419739
711,8a5d474865f4ba11daf69a836243e7e7b1ae55393994f46f04191338b5d8027a,55.79341790123456,48.902095524691354,6.891322376543208
712,b41a23845bb21753f55fb99d06d80b60ea529d0a48a360044e15ee51032f0979,57.34587731481481,49.450104320987656,7.895772993827151
713,9f51e05a8a9a75dedde2ede9c8e80c236a26287cb3e92a94e6758375301b1e03,57.1830237654321,49.828104012345676,7.3549197530864205
714,f38e216fa768de6b05f69e0feb5de758aaf775dac75b1bb4cbf49e2a13124223,56.284865895061714,48.39551882716049,7.889347067901227
715,643e87a75d8bca583289e722e2ae4de31abf78749e0b2af7f3145e5ee445ca94,55.84956975308642,48.26988765432099,7.579682098765431
716,a43e06eaa9e9c16ee3fd8cef7988b2e136591649178f2297c3f330d13ad1b60b,55.34942530864197,48.528037499999996,6.821387808641973
717,49267fec47e94c913f42e926520decbc7ceb3801807ba6892c502837ded1e59e,54.758312345679,47.94508842592592,6.813223919753085
718,469975aa2cc4f3a7b74c5cfe1c55342f07516a6a96b3b2619ed14ce39a89c221,54.28587422839506,47.54343317901235,6.7424410493827125
719,59bb88425e8dff6487cacf0080d9260a29bf5737a413e2d4f1421253c99c78cb,56.44609367283951,48.83576712962963,7.6103265432098794
720,f51af7d04d12e2188f485d9ae7be6d306d2450ca03a470bf3d32a38aebce2a38,56.32312052469136,49.20445648148148,7.118664043209883
721,1aa3b6df327ad439c7976b576eb1cf97fe4fad6e388c4eb5eaf239520700acd2,55.109780092592594,48.01700648148149,7.092773611111106
722,3690db4221fd93aa93d34e4cb110b44e4d5f7d78ce87c64f7c713533891f2a18,57.08105200617285,49.079110802469145,8.001941203703701
723,c56f623d53bfe9ce0ebc80632bee07cb78d435f6c391ed6f63a1610e713b9070,55.00081604938271,47.30526913580247,7.695546913580245
724,fa0f56da3cf3f3a644b8376f1cb5393d259eecda2f239f4ab224041f97990d73,57.378695524691366,49.746404783950624,7.632290740740743
725,d18af8a2d70b85b47c995ed73c5a0eba81684a59659b4ee8391baf2a566a194a,55.70694614197531,48.19244583333333,7.514500308641978
726,d065585756801f3e3719cffd016fe7ac9409a63b452d7fd2ffa99efa563ce355,54.87375771604938,47.44231435185185,7.431443364197534
727,b465ac85757d4295ee9c6a60bf6c7442884754ba543d26357dabcb9cb01930e9,54.67504290123457,47.178628549382715,7.496414351851854
728,de4b557f0d4e720c9575fd670a28abb9fa05c10d9053cc8dae1bb53611969629,56.40312469135802,48.91995956790124,7.483165123456786
729,c652cc1a7a4b00b07437687688ae1fc2b9f67fa5ff440bdde15a002f1e1ff467,53.8587811728395,46.74926404320988,7.109517129629623
730,74f3eaed1acc7888d8adcc19e48bcefdf4c8473893d2c0b31657883b169dc9c7,56.719594598765426,49.45121234567901,7.268382253086415
731,3d8ef1e31f2b1df24eb66a325865152081a53aad19d9979e7a141a07fb7124db,56.86181774691357,49.87793024691358,6.9838874999999945
732,2d6e44c012f16abee3a11ea0cd51c0edf688a4a69fb902eaab514ffd717c7875,54.58198240740741,48.10445015432099,6.477532253086416
733,b8ed8624bf94df10c8d9a754d536936b09dc31dc8f03525128b458fbb8fa9305,55.15014351851852,48.25407253086419,6.896070987654326
734,b28016584e5d7fac31b1df6ae742c0da7e756e8c0b25f479630476563f301641,55.20324691358023,46.82273240740741,8.380514506172823
735,3570197eaef5eb86183c42117f729e299a2d88dc8535e87be6ba21ddb265d19e,55.63489938271605,48.276255246913585,7.358644135802464
736,eb319c0ed03e887740918b522785a198798c3c3894e6c5cc2ddbb613cabd86ea,54.62160879629629,47.25719814814815,7.364410648148144
737,6a6008e0091c81da8ff66db186456e46dafced1a03afa810696c595265170504,56.1900350308642,48.29760092592592,7.892434104938282
738,5cc2ee10c56f88684f67985a0014abc1cf4e1fd90369c6956d86aad741534a6b,57.83389645061729,50.4754337962963,7.358462654320988
739,c8e15a657cb863acf58c550be0fb8384a77f02fda78cbf8da21a8101fb215280,55.516483796296285,47.85359459876543,7.662889197530852
740,a553d379d3c80792b5a3605210a6e89a01d9a50231059467cc3b3b448b43b830,53.83290339506171,46.81926836419753,7.013635030864187
741,a2abef02237ff53697d6a13b2ac9767ef5ac55f5b85fa3a9c1f2dfeb7ecd2e62,55.58874984567902,48.153018827160494,7.435731018518524
742,f402ab0ecc363c234e970d253681bcdc15b1f45d51ce8e5ece64caeeb50fc3b1,55.34911774691358,47.647607870370365,7.701509876543213
743,e0ea3a6a17468c363a7607753312a6b368ccf63e34c5bc8b3f6b6e02eb01d0c2,56.75396898148147,49.314704012345686,7.439264969135785
744,346e58ada91ea5fe77c00829469930eed874d5ae3ad05bf8a2af9d1c381c7480,55.46316466049383,47.773397839506174,7.689766820987657
745,b1267632519cebfc82d4d9953ac7699f59ee866a4b19d55bb72167e9933a55df,56.51906466049383,48.97228225308642,7.546782407407413
746,a896784acd47ca44c3d0d5208bd87928802c6ce359a563efc57257b4b5a8f14b,59.70469197530864,51.77113935185185,7.933552623456791
747,4652f8b1dd75d95cd3adf396553e1f577a867a38af961eddf63456eaa267c69f,55.47203179012345,48.71752160493827,6.7545101851851825
748,959cfc7643b244319d0b33a71f63d4a18db23298d7e0c33394a451330b420e87,55.39799444444445,48.585804783950614,6.812189660493836
749,f356fba88ae26ed0707822e514dc5e941b668fb01c77d0770104811ffdf7819e,56.244983641975296,48.38887561728396,7.856108024691338
750,b000ad480e1d85e4463fd2bfeb20249f6ae99281b9e6416519e2e96999464026,55.1245686728395,47.38133703703704,7.743231635802459
751,40f41f1d867e80901ac1fbb13301d670c80896cd522dc72ff791c9a08a72906f,55.81146574074073,48.92376219135802,6.887703549382707
752,54927155a72582f58addb83c6cc2a29782e3807f387c5b4bc03af6e51a5696b8,56.570447222222214,48.595993209876546,7.974454012345667
753,6d2f4b802df70f8b522329cce61e733406c51de2dfdfca86a6624c12945c1e12,56.47593827160495,49.45544104938272,7.020497222222232
754,6e24be6e012f7a67ec243b74136694cc38d25cf9dca24c9dcc32faba34cea048,55.544106172839506,48.75324228395061,6.790863888888893
755,2906d2052a22f7c4c373a5a8dcce93c5c8f0d2a022e10ec6aca99490f153a50d,55.303364197530854,47.49298348765433,7.810380709876526
756,55e11fdacbafd25e95b3718da56cb1930c94d6ebad10b18e00e0e0b51ec1820e,54.33966033950617,46.78487037037037,7.554789969135797
757,f0d01d660191630aaad526a5d3f8813a5f68333b6658d2af44f4b17fd0b0bb6b,57.270880709876536,48.836523919753084,8.434356790123452
758,a4dc4c5ce2f901aa0351185bfc3818bfd8ed66b204b4cce1f48c1793c2d02675,55.73958086419752,48.09097654320988,7.648604320987644
759,046153626e7d6b224fa15bdf8ecd1e643708e59a9b772e2dac48e1d0f84406d2,55.59105648148147,47.212217592592594,8.378838888888879
760,864cc9b9b84a1e326cfbba704d4dc45e3defaaf4cd3da86210034f4102aaa374,55.35016064814813,47.55039104938272,7.799769598765415
761,4dc481d7d0f10eab7e0169efe8736d937f54e04a86fa4f54e3a4fa4e6890ceba,56.39409645061729,49.0691938271605,7.3249026234567935
762,96fcb7cf7e4afbb21109b853f31dbef64ecc63e3f061e34933dd96278af9172a,55.58586682098766,48.423552623456786,7.1623141975308755
763,fed5f435d0c0c9d7eac230b6e6c2c001ade58ece9792a621aa45f5dc5cdc432c,56.72272361111111,48.77420354938272,7.948520061728388
764,5f9d9f9ed6bccab468928facce8b08f6785e02d2d92687b3d9091896c79b4331,56.726170061728396,49.94893734567901,6.777232716049383
765,1805321c053fd0e05ce07e62e3f464f69bbfc5f8f36cf626080ac061248de129,56.154848302469134,48.826647993827166,7.328200308641968
766,015c261d4de33de2ea62d9adbafc275a06794e69c0ae4f4c2f6f83d128aadb3a,55.74769351851852,49.00591157407408,6.7417819444444405
767,935921304e5b36e99833f3de9da2bcc497f6aef1af12355bf6b438b18ef8fb3e,55.730761728395066,47.73289537037037,7.9978663580246945
768,5fb9994fba72de24cddadbd002c188597e43bfa8eef1465e100f033eee4e7f39,54.79018564814815,47.2501487654321,7.540036882716052
769,ca64bc3a38ce5707a1cf32db6352f1cce25f67e7b5ca1433cd12670c53828021,54.959646759259265,47.47831913580247,7.481327623456792
770,c17cb3be792f19111d7915ea384e8f8de598d12d13fe0a127fdbb7e65f1edd68,54.41118981481479,47.27558827160493,7.135601543209859
771,9c9309e1a4297b3a8dd6ff7026f6a70c736525bd0960ba483fd71291af2d1aff,55.28326188271605,48.6744074074074,6.608854475308647
772,5f608e1df2d5cfc38a5475abe6dd36882fb6f1c17b2eb00e2b34362f3a3e489f,55.6937162037037,48.42389351851852,7.269822685185183
773,6f3b312d6b03a04826ae4fae1bf4ed1bd780d22d64fabbff66f78211063012de,54.17376728395061,46.815239197530865,7.358528086419746
774,ccf9dadacbf418715ae4ddda49e50e5dda77aae95935ac81798f52667602c58e,57.28920941358024,48.96809552469136,8.321113888888881
775,c441ede7700272c2fc2530cde0dd2f7242bacfc13b859c943b4fad310e0ef519,56.67070293209875,49.67757700617284,6.993125925925909
776,43981b254b3b575190acd7615c120a7cc69a2006e526dcd4298585528ee3acf3,56.89666589506172,49.43177268518518,7.464893209876543
777,08964b479b15ef296f0c286be121b95f2f62ca498d1f302291f78bbcc5d941f8,56.379518518518516,48.77878441358025,7.600734104938269
778,12770e8d6770ccc5abd9d093b6adc4d61ce9f156f791eedbed2b7fa8c6728dce,56.69668873456791,48.59558395061728,8.101104783950625
779,c42c7a000cd9e96d332db3d338f226be4aa7489f341ef8990005c5bf479176df,53.95155478395061,46.803020216049376,7.148534567901237
780,183ba3772e395a58f7823f720bbcf9418023f238366e7974db4df299124e0eb3,55.49220925925927,48.42912067901235,7.063088580246919
781,4e131067347709cb03e97c239ea3b62ebeca89f9cf84341a876dc12475eb1ef5,52.68922083333334,46.01270293209876,6.6765179012345754
782,358d77c67a7c12d2211c11a62f9bd3d19bc5a190d1265a2a3e7b10d36108e6e8,55.675423456790114,48.8812387345679,6.794184722222212
783,606697f2a49cd1d4c67fcca68049eaee2586fdff7805fb0d87b084336ab5a20b,56.42483796296296,48.7083024691358,7.716535493827159
784,5113741f03acc600d09137c603dcea8b985b1706fec1489fc9ae64766c3480fc,56.18039506172839,47.695655092592595,8.484739969135795
785,1e4a77fbe666f4a3dbc481159fbee527e21c05232b87ddabdfbd982f4031fad5,58.070209413580244,50.61618009259259,7.454029320987651
786,a4eb93815eb952b7e787c506f946da1e23219ee57481ffc5f4af7a6ae8fd2059,55.05292978395062,47.2249662037037,7.827963580246916
787,614a24c346197f57324c4a5eef8fac61ac9dbd1c2d5c15e2e76bab46fa132e46,55.493166512345674,47.68996820987654,7.803198302469134
788,40fe869f5fe524dc16a51929d84a89ee72e9b2f0c8a7ce49d0aaeabe6f73fda1,55.978468364197525,48.39249706790124,7.585971296296286
789,6faa2dca028edfe2278b57b731267f8a1eb3f8f3a01473229bf2e16989fc39e8,54.76944969135802,47.11102145061729,7.658428240740733
790,5cf42743a28b7c4ca0929b64d6caf639dab58433230090c9e2bcd086d22ccc25,53.8064961419753,47.56613040123457,6.240365740740735
791,57a18169616ab7a19aa9ac520b4aa5c40f1e09620c1a183080d0700098c4dd80,56.705904320987656,49.05543827160494,7.650466049382715
792,cfd5df36961d8012d692e85333fd69d51e6ee15fdcaba26e6f06889d169930b7,56.81639074074074,49.104206790123456,7.7121839506172805
793,d6c029fb6bd79257e2fcc034361e243099dad117a7ae7a8c73e9323fb4f92e9b,54.194031018518515,46.702485802469134,7.491545216049381
794,352ebab7c7d2cc5ae9fd1497a59eacb210ad8de3a28cc917394db0bdd359a8c7,54.730334104938265,47.35715478395061,7.373179320987653
795,a246391d9fc5c55595c113cba3f72bcdbc115c8aac89a06046b2a5a0c46633b9,54.65215771604937,47.033847067901235,7.618310648148139
796,da2e6a16d7424aea1d8930b5f6880a271c80f7416281617aa5ba059bdd00ed9e,57.342451388888875,49.794580246913576,7.5478711419753
797,835c970534b85214750aff8061948ebc947be53ef320d7330550b98759077c2a,56.76360385802468,49.0810899691358,7.682513888888877
798,1ce87a4e4e70d3f7f5b284a84482a3f32fd9cd2dc8965daaf38871b97aaf2c1b,54.61253564814814,47.9160711419753,6.696464506172838
799,873ad64eb7123e79273a7a15fa0985e5e98e1bdfc9fff34f791a5bb1ad352f20,54.20505092592592,46.94679830246913,7.258252623456784
800,3a0747ad5e1603933a9f39e8e1d9854b05cc492bd9a59df3e10cc34c6dd58fe8,55.04797067901234,47.81017330246913,7.237797376543206
801,2de8cd75e13cd8f9c57f3a965adf2154b8dd129763b025387ec4cd9956398552,57.254527160493815,49.718357561728396,7.536169598765419
802,420271d7c24b372e000cc7d5561a9336d9f2b77c419af225fc6c5e0dcab6a7a8,54.77448904320988,48.23552191358024,6.53896712962964
803,2ceda730bd1a67a094d5a2a0ab63584ae285e055e3e96d6638313bec49d5e9b1,57.84425601851852,49.771270679012346,8.072985339506175
804,498565df0b9f682ac54e7981c3ed8ef5787bdc6112544f1bf45b45447d858a22,56.454097067901245,48.080997839506175,8.37309922839507
805,2ff1aa01c0efe8df3f430bef9a6e56ef4d8183b337f7f6bca99bb3055924f8f2,56.58739953703704,49.65304861111111,6.934350925925926
806,21ebbd25be6f14e37d187581c04ebb5b281ce9d231ff0634da081f0e1855c113,55.82952916666667,48.497342592592595,7.332186574074072
807,cb08a783c150d909e4da74215cdada624849eaf1eadd949d139c3c1e18715952,53.889171759259256,46.80951265432098,7.079659104938273
808,9c0ec1b8fef34fe3c2a433b343af0ad98149752285d51c0e0b5bf0887bddfacc,54.903472839506165,48.12189413580247,6.781578703703694
809,3ef08c73460613f875d434f702a91a6c284426b662976a67a9c936e987a8adea,56.01492530864196,47.58211033950617,8.43281496913579
810,5782e26e2a9619f508a84dde02de2a6ec0194c34353f07151661edb303d2a264,57.11256203703704,49.349267283950624,7.763294753086413
811,2e9ca1b44956be208d044e7b3285a349e043a055f2933c545f6fe6e6a81ddf20,56.664715895061725,48.82999367283951,7.834722222222219
812,1f1ea9ac6c6393559bebb4fb55c9729f53f637d550f6da37797e8f48746caf6c,56.66278163580246,49.97891358024691,6.68386805555555
813,f57eac59bba9162641f03936a62a44be3673249b2365cf072f3a25fc77624c11,55.75451589506172,49.21385925925926,6.540656635802463
814,5c49aa4b8e33cbc1d7ffe9cc52c94c8079def9c067aa1fd6101d6a0f273fa116,55.71395061728396,47.46663780864198,8.247312808641986
815,ed1a7ea049b254d2554e0c84ed1e816c8200840ab3f18fd5a7bc1accc06e8df8,54.71943271604938,47.27998765432098,7.439445061728399
816,c9e4a92dbb850c8843fa8153e3a3815ff18dd13d75e6a3b1be79608b086cad08,56.32933271604938,48.89325416666667,7.436078549382707
817,3b71e897b9cd63ae4a4d1ec0f2e141637e8fcb7d32a5d18a3e8cbfb6d9da7a37,55.60084228395063,47.526014814814815,8.074827469135812
818,6925d39264b0de7158809f81577c8c86ad2c5f94641541ceb1e643b1e51bfb07,55.77386666666666,48.16027762345679,7.6135890432098705
819,8bb1735d9b60465814c56e6f0599aba9d7b86cd17345b595b1386b95c195e0d1,54.039986728395064,46.58852361111111,7.451463117283957
820,5818cb9ea27fe161c79a78adcd81e3db14da8b7eac3f6c251de6296eae589153,55.809690432098755,49.01793966049382,6.7917507716049315
821,5316d9eff405856755c07e9920ba9cb8d992215eb9c7b748e8d0aa652227a995,55.79463225308641,47.61837515432099,8.176257098765426
822,b21da57e8876ec1a81da34ad292cf239827f5622fd30c63eea8c3f353f537f00,55.527660185185184,47.89669691358025,7.630963271604934
823,9615ae1f6ef63d26873322576cbf9dee8d8d82ee33e0071450830fc7467fce00,54.736331944444444,46.27354938271605,8.462782561728396
824,bc0b6cebb080cd128b0143f1f016ca3532dd3d84efc6f4fb32bb58eba818944c,56.1420475308642,47.805581327160496,8.3364662037037
825,0ffbeb190ab61fcabce896cb287efe64a6a6c746311c26370c6555f136729de9,56.92256203703704,48.86538271604938,8.057179320987657
826,6cb68368ae36d4b82272f085a1454f4d3e4244c8c98941f2a3ea86f5d1a82924,56.785518981481474,49.409230709876546,7.376288271604928
827,77601e13de8321a08dc8801ff8c893caa0d8f68669aed6017d2e0c88936c8d0c,54.73433179012346,47.3843725308642,7.349959259259265
828,2c41aed7aa6b3d9f8864e66013ef28fcfce567c9963596e99facdf1b994f1d60,54.9548799382716,48.239383796296295,6.715496141975308
829,eabe9fdc234b8eae5ca27251c2e275b6f74aecf5955c010e8bb223e45c37f53f,56.82039089506172,49.16316944444445,7.657221450617271
830,34e624715089bcfb7d5cdb2beb30e84d34fd4f11784ac9e791b8630d2f5bdefd,55.23315540123457,47.37794598765433,7.855209413580241
831,859e704261384eb508a60972304352b8d7087a223210ed881483d2c0bb7fb467,54.566784259259265,47.60023950617284,6.966544753086424
832,b9183890caa423af53541b9bab9dd398a365a26b21a68efe6a5fbc77256c38fd,55.926900154320975,48.66496929012345,7.261930864197524
833,f56bf441a7e36ad961ad7578c55edbc59a09992139a2abf675d7553821450af8,54.71910632716049,46.67591203703704,8.043194290123452
834,afecf86588bd434a7e6b8aa03d523950c1c263723ac4dea150bd861eb12535b1,57.45182268518518,49.852583333333335,7.599239351851843
835,6fadf77582fb21aa75534090f483f6c2628aeb1450a4738626ddd6534e0c0c70,55.074112191358026,48.13731327160494,6.9367989197530875
836,bce67c53421e5d4a5ec46d2c85cdd2259e5aed1c0bd26d82f83944838b537b08,55.78498163580246,48.1782274691358,7.606754166666661
837,7dce52e23233f00bf0a49090fc88059bce048d4c73228a9ce41e666bb34f9ac5,56.258659722222234,49.24558055555556,7.013079166666671
838,7a059c3d5d9308cd0fa109652d9154dded0ea924b586fbb9daae7025e5768dbf,55.44944043209877,48.054901080246914,7.394539351851854
839,b65d6afa7ee0a6af20b652db1365e4f1e7bf0a7b222c9e2fed6a3114993ac696,55.81643888888888,47.54393317901235,8.272505709876533
840,3ecbbd65d5b71b8096d4b5f646a712319b97581cbd947b66458e6d3afc46c861,54.64787145061729,47.02334012345679,7.624531327160497
841,566d6bb8f619a623dc150d19380d8918267c6845c816611087c14476efe24e2b,54.558424228395054,47.48284089506173,7.075583333333327
842,d665448ff614f58b5ac43e023f9d76513eb5238cf93474ceb6f3399babd535ef,56.206619444444456,49.34357762345679,6.863041820987668
843,8772473f5ed748e8b343ebe67f76cbd14d5db419ef1bfce2395d680c8b4bf484,54.60161358024692,46.86808055555556,7.733533024691361
844,bdc37af2904ac6a1a6ccd463f14806b356bfdd0a85ea18a7c49706f0efb0d8d9,55.99491419753085,49.09540972222222,6.899504475308632
845,e00525b577716dd5f999639e5297bb54646857514873352a83b286d2040307e5,56.04125123456789,48.428117901234565,7.613133333333323
846,a4b295b329c30bc11d05ffd3b1b865b15db0196b61bc376b3b8ee1e15bb216e0,54.96012962962962,47.46644305555556,7.4936865740740615
847,8052f5c281a5e04b9de712b30e802ba983f7144429b09e3762788444294388ad,54.30595632716048,46.79902731481482,7.506929012345658
848,d3624e58660ef5c4596029fe946de02086b221740ee4c84828195a2c45533050,57.20440169753086,49.54079429012346,7.6636074074074045
849,d52555f24fbc30dccf58b74a85dd948e80858a325221637c25da73dc3d9a9261,56.04576172839506,48.36203703703704,7.683724691358016
850,fa96b0018445048b23068c34319acecb080c12ff9ec8aad09b1d2e2df645f264,55.2638612654321,47.786897839506175,7.4769634259259234
851,c3d6d8863131eccc1301cd19940292528882c8624825838458f6a0890d80a68d,54.8308325617284,47.894979938271604,6.935852623456796
852,5ed39d5a2e9fdb9873f3c1a85ea6bf25c192d4db4534112eaa5d8867235caf83,55.80335200617283,48.714601851851846,7.088750154320984
853,5241872898075c12488d1fa7519c1df0094398f2c7245a3d363a1aee6eac5de0,56.20977299382716,48.7944163580247,7.4153566358024605
854,117df7eae8938e201aef95e9c6e0342514db11c0097360d960cddb8484f8289c,55.35840200617283,47.65551234567902,7.70288966049381
855,593c695b02e68a18f4474739c6c53b7a8b84b1aa6f9a4c57c4129c19ea909db6,56.02481990740741,48.45690092592593,7.567918981481483
856,95da640f9bec39067ca91f8fb9210190ebf2aa8701159c296e6ea4055d18823e,55.495003703703695,48.04190262345679,7.453101080246903
857,ae69e70001fa98550b4b1fa55f7ba4caae732bb5ba9e7f904b68c2dd2e213a2a,55.13676080246914,47.68726327160494,7.4494975308642
858,b85ce48bd2cf7658c09295c4ad66f859ce13fc78619cc2f8416844520914dbe6,56.10485910493827,48.30806898148148,7.796790123456788
859,2ce314c46304c51e32ce1aaa1ec9ad9a6e18273c0bf8a1ccdfa8d16850db1bfe,54.83055339506171,47.223287191358025,7.607266203703688
860,7269c185030a17854329e1bceb39d82c9b496943eee190068a2c87bd3c5836fc,54.851391049382705,47.82936219135802,7.022028858024683
861,4f851c7545b34915c464d5dfa6484506248437c740e10bcdefd0d475818aa046,56.19888302469135,49.13030478395061,7.0685782407407345
862,4f6c2b11db7b2dba7fc940f4d0fe0371e038de3f2cd6ac19bb88eeb0047451d2,55.50505216049381,48.30757469135802,7.197477469135791
863,53c3cea4d634ba099e1f37437019bc7d5e81e4fe0ab51fe55939d66d17c533c0,55.06466527777777,47.53324953703704,7.531415740740734
864,dff01d1fc1cce5986bb823e47c73c308c06269c3c436ea44c44f6c510af44db2,55.8855513888889,48.7783962962963,7.107155092592599
865,c9fd92e5c9a444d960718a561c020fae021c30eaaa4f9bac81cab03511d2d15a,55.61771512345678,47.80166728395062,7.816047839506162
866,806c07c358b090e2aefba156e600e248a1fed2b8310d238af5340034d6685901,56.31500293209877,48.82975324074074,7.485249691358028
867,543725abfbe3eb39efae42debab2191d91b6fcaaa068bcec6c14a071c65ed723,56.04150725308642,48.98455694444444,7.05695030864198
868,b160096aafd49d44dc05625e11b60335cfdff9ef0ea08c44ca26049a4e6b66d5,56.11639228395062,48.54065694444445,7.575735339506167
869,611cf4b511fcf80ae17047da9768f4a9104e7361f73ec940d254db682dea39c7,55.88753302469136,47.91701172839506,7.9705212962962975
870,d54743319885c3b91aac31140b5bdd150a2444e693f9c62c9056f5d5f4626c6b,55.92478827160494,49.13467854938273,6.790109722222212
871,f3fcd7c6f7433bead827bc6af554b1b088dbfd0ad70b72f04dab0b1ee344d7d2,55.91892546296295,48.06186805555555,7.857057407407403
872,f38bceec8104be1aca3664298b0aa9708c3965528439b7ef4c20127410d653f1,55.212962499999996,48.01823395061729,7.19472854938271
873,36ebc75d4838935bdd31c50d81c59f73e7f03f387fb1bc5812de796f6bc3599d,55.52407206790123,48.1994399691358,7.324632098765427
874,134bf955fd53c2ef864dd6a0c1ba03286187db1b4d23f10fd9f0eeb6c1b10f12,53.66312129629629,46.16846975308642,7.494651543209869
875,9dc79cd8d5991d48f60a4a7b2de0828cab37469663deab4050865a8cb45006a6,56.37696496913581,48.89620617283951,7.4807587962963
876,2a0ac4d367530d863c611d56faf8a17c76f98978b68fdb7037a8b39f66b23d33,55.5843912037037,48.42245787037038,7.161933333333323
877,0f9dc0efc15353be369113d03926eff4a15d5cab9a5f2285e2b970b447a5f804,55.743600617283946,47.9936462962963,7.749954320987648
878,d7239a75bebe89dd41d3bc88bfb52b60784a0ac98dccc29fbda605aff81a1e11,56.302362962962974,48.3401087962963,7.962254166666675
879,9ac9a0f9bb52beba6c08e753e22d865407af3fddb34efd99ef37b5932b9ba812,57.70405694444445,49.84364274691358,7.860414197530872
880,a7013b63fd1e0bc98bfebbbdac9bf019ad0b7309d6cd6cedbc86ad4a022eb4bf,54.99611851851852,46.969766975308644,8.026351543209877
881,47af71a9a7093a17f66601f8669be4cbf5794a6f6d58da9432756c0f76cb2601,55.39758950617284,47.684114043209874,7.713475462962968
882,180a81282c49242ef5ee2e3db97a40f15d2bcf48973380f913ee7964fdfda171,54.91611388888889,47.688065586419754,7.2280483024691335
883,c7d4829cfef3cfca448293f7b1385e6e026e7898a53761bdc4602577f932a9f3,55.51365401234567,49.1266462962963,6.387007716049368
884,5e7794eef9af17d0a2dd560e72f7c0d44dc47767a59215fef6b38cd8d824c53c,55.35447114197531,48.34873456790124,7.005736574074071
885,204c6aa9756cf6e81be20dd33db1f7fb1836d7421b5c2f9b3a0d77d80520b6d4,54.49101141975308,46.4872987654321,8.003712654320978
886,5012515a43c9308e14e47e3e7020ca0c433eb7c5aceda87cdd908b44871b0dc9,56.14263425925925,48.92309506172839,7.219539197530864
887,538d71c86749232f6180af75daf14c731bd9437c0b62d99317c4161c892bf433,55.53862870370371,47.99925817901235,7.539370524691357
888,7677ef07286eb7710f418ff972aac17286b196472aa3ecb76051526cd66b296b,55.034661882716044,47.42851373456791,7.606148148148137
889,cc776b3601ec03c3d030525cfaba9bff17e3136bb264353c987bc27c6687b4bf,54.42693549382716,47.02013256172839,7.4068029320987705
890,c1aaa606a15db59ab5587a807148e7a9db068e08af1904824e7cac82f1ecf28b,56.39240339506175,48.71398688271605,7.678416512345699
891,c6a0c66021510cfcdf9f2acc92bd79d78bf8546c5be277093857eb1575fe7eed,55.749408796296294,48.03345324074074,7.715955555555553
892,29bacdbe42c5c6ddf6882b262691b7b96061ce167ffeeffed2d36968e4bf8803,56.108912808641975,49.10909645061729,6.999816358024688
893,e3bdab0afbe0093469514a5be7a1b1d6f6c206acb5847209464223f1d5b2dacd,54.53683487654321,47.4114462962963,7.125388580246913
894,f9390f23bd14a595fe7d6dd7fd5aa68e1f153611692474e52c8826c097c28c0f,57.52943904320988,49.64037731481481,7.889061728395063
895,396e8fee4c679abf9ad3eabfa76748997024173398d3185f01d07b511223b5bd,56.82559089506172,49.76363055555555,7.061960339506172
896,0f488e7df7f8a361370f32fccc62d21b80ee28356f4eb3113f6372f4115dbcb9,55.840431172839516,48.77503657407408,7.065394598765437
897,e4a20e19a7a76d4889ed787f84da0339575af309b98b44adde3ac24530635769,56.3312486111111,47.71910231481482,8.612146296296281
898,4456ada778a62ef5f146768979d8ae9dc51e18c05b966df0f077fa24850f2f17,56.008202623456775,48.410081790123456,7.598120833333319
899,cf91086ebed0a08f0c321742e92c42402fcc7b7d2779956e65c356e894f6f58f,55.574227314814806,48.31582021604939,7.258407098765417
900,7639b6093d1718c9f59ecc07585b1b9fd97a317d429d8198dd604a177e06413e,55.45782654320988,47.76952283950618,7.688303703703703
901,fa56486e8513c45de2ce617eb032b7320fdf79bb3ee4e37531ac4750377f87b7,55.83675570987654,47.97158271604939,7.8651729938271515
902,a1be911ff009a909732dfed293533a813fe60e4e69ebee35bc21671defa96275,56.64270277777777,48.90308040123457,7.739622376543203
903,72d384918919ee7fc8561a0a324071441d20660f2330853343a04082e7ac7522,54.347581790123456,47.35708148148149,6.99050030864197
904,c3bc710844b3fe3c4926afcfd94860d5f7ce7af68382faaea7f45f02ae5c904c,57.498868209876534,49.76558441358026,7.733283796296277
905,3accb3fc679c6b78fe9e3458aa97e2fdbdeea0e95dbbbb09a78194a383d48b93,55.805008487654305,47.989026234567895,7.8159822530864105
906,a922e87887732a0074809c5f08d693183001b11f56c2dc9a27e658ceddfebfdd,55.71679953703703,48.20368827160494,7.513111265432094
907,e29de886f7bcbc4fdc412b591973b01a0e4e3e7a2d1e06aa2bebae2626d47085,55.246848148148146,47.831974845679014,7.4148733024691325
908,d59163494cd587c3ea7500ef2fabf9c894d1514ca63730e01dab640dd34743b7,54.973064969135805,46.84895540123457,8.124109567901236
909,ba7aa511787f2d95e68bb6eee94ae50a9a35240ce49d5e785b1ebe285559475f,55.643920216049366,47.874732870370366,7.769187345679001
910,695c2bf827b22b0c09ca92cffa950eba864707b2a8186b13ce8045516f8ccf20,56.78097777777779,48.902856944444444,7.878120833333348
911,d73d2800e7f099d5faab1c22a9880305b11dcdf83a53232f061d8af9e0350495,54.2929012345679,47.39305864197531,6.8998425925925915
912,1c3c892006eca47f8dabe5803a32d718565fe5f905c616a5759b7a934e29d12b,53.5920387345679,46.50157839506173,7.090460339506173
913,22c701ff744fd5d8a5e7fb39eeaafe830a385dd5f467ede2c6a3dd5e8faa55e6,56.664281327160495,48.453057716049386,8.211223611111109
914,beb47e23179f66b88518e3178a8698dd472a7a203110be917debafb8fbc0d72d,55.436702314814816,47.892534259259264,7.544168055555552
915,370378806a65eb01cd9518f7d077bf76a79bb14bb6ca0bfa486c4784d4813c03,55.75664475308642,48.28270462962963,7.473940123456792
916,042df434a3190ccfb32f3cbb3db5aa17bc9b544951d0330efa94d35b75b1656a,55.51769660493828,47.51701419753086,8.000682407407417
917,0189f0020abfb08473f77fdb109d0ce0409e4b0fcd91d05599092713f984004c,55.22998580246914,47.98416527777778,7.245820524691361
918,f5bdc174678b7056e230f79a718b6bcfa7088f7c04ce48f8c6ba7f99f7af685f,55.25534212962962,47.61861064814815,7.636731481481469
919,c8ed66c1e7abe8733917aa58560d87e34dc3aa817480c1d39894fb2f09066497,55.95505740740739,48.19398564814815,7.761071759259238
920,5049737688264772155e12a244f81fb3f6a2255cd66c40b963fdff913a0f21ea,55.824764043209875,47.942833487654326,7.881930555555549
921,77231925fd17f3916a63f2bcd10192a959696dff705d51bfcdcb8bdbc5b9c814,56.97852314814813,49.68426851851852,7.294254629629606
922,767d7d66258794a274b22ca9960ba293338a04790ece57200e707984d90bc606,55.30443888888889,48.745237808641974,6.559201080246915
923,8af3bb6dd1d56f972d6f9a79f64faa5530400d413ad311d26691c7a0cd5ceca0,56.45361589506172,48.0781725308642,8.375443364197523
924,65f24fb326edb6b3906388d1c42bdecc9b7827a37764bb35c4c4008112da087f,56.764855864197536,49.38282345679012,7.382032407407415
925,ecfa6ca08dffa328e477671e60245ee259383fb40cffc79c24d4be21817001ac,54.68032623456789,47.67201080246914,7.008315432098755
926,9e14af859ae2c36742890aefec5d285224e24641fa9ace5b40e0c2b321208a4b,56.12475555555555,49.0372537037037,7.087501851851854
927,755f0eb61c62a93f109716877b0c508c5ec0a7bb7d6a357486e8057a67d02948,55.82986080246914,48.37444953703704,7.4554112654321045
928,b2a3504d5b2b7cc8315293ed874ae31b221acbdc4434f0514ab84036a80bef29,55.25629521604938,48.311035802469135,6.945259413580246
929,300dbd4a86f6a04605f0e3449203f1f6e27d0a5e97a0206166f76b4e15fa2205,56.474733950617285,48.62869243827161,7.846041512345678
930,443c583544e30f0fca691c9b176b9ac234c47ff66725bea004460eeb989f4bdb,54.03940771604938,46.85381836419754,7.185589351851846
931,6e588ac0c734eadffd6a85e12e4ffdc40aed77ddf65bf4990001eb9def7c4f4c,56.99804598765432,50.12783117283951,6.870214814814815
932,a5d80075ebf93b9df42496c717f1bc06f05b2b63ead6e94a149553b5c594e32e,54.812567129629635,47.08670432098766,7.725862808641978
933,bbbb626dfceca9aa02059b086ce632be9b4e97dd1bb774db07ee2a519c93fffa,56.05991635802468,49.153115123456786,6.906801234567894
934,f95f7a537f177d52dd8eae113941908d3711e17db768efb2ffa230a88f6165bc,55.159389043209885,47.53392067901235,7.625468364197538
935,dac032a5c01a4e311429cffc995f77515359538c2015457ea55849895e73420c,55.560019598765415,47.905422222222214,7.654597376543201
936,51e46f3a6f8cd2b1c5bcc720521963c403ba84f6d5e932ba37b08be1ab02e6ee,56.76059212962963,48.70595570987655,8.05463641975308
937,24fd4a723cf5ff792a0b0fbeb5881475b73c316beb59d497f93aa71fb25068b4,55.576325617283956,48.00837546296297,7.5679501543209895
938,55d9029b040d0a277fcf8287283a454e439bd73aac0cfb0d288f3e9128af9f2f,55.44910354938271,48.26660555555556,7.182497993827155
939,8d4eaa1c96e1e10624f512b2a1c897bd03b803b1aa9bf62c5e996c8234e366e6,53.663394290123456,46.61456728395062,7.048827006172836
940,66b0fa96eb710491171a76307e36f250ed446c7e220b33f9711df44fb6cbeb1b,56.57145833333331,48.91089984567901,7.660558487654299
941,eb7f4c1d01321bdbec632d991a329ef331ca59b8ae1312b3987d647d19d4e3d8,56.76979999999999,48.53914845679013,8.23065154320986
942,0fc81d3794d6c380dba4bc45f94141bd020cc9b45307fde9a8d805b44b51daf3,55.75950648148147,48.31708796296296,7.442418518518515
943,16d1cd1d2f027239372feb074cf4933f1bd4071df862dd5cd6f4e031e8a3f40c,55.40075802469135,48.438549074074075,6.962208950617274
944,9defc349cea80cfc1c194e9283963fd1a074cf6124be7cd31f7b65a543605f13,55.96681188271605,48.78583888888889,7.180972993827162
945,90cbb1ef06d134a002fdb797654c30c46d1e69db461787e0b3f283dc0f63208b,56.479027006172835,48.642792129629626,7.836234876543209
946,df6eae138a5e2b9bbda17959937fd7146711a57ee83952a1627053a4a2a44b40,55.28033425925926,47.78961450617284,7.490719753086424
947,921b3fd8b865b7662afa2cdd3252ab487ba24bde42981cdf8b23b2bbed1205d6,55.34563904320988,47.85988070987655,7.4857583333333295
948,e5e64e69d9aee5144c7dbe8f8013c4184d25a63857571e948349f1f5dd22acb5,55.14661743827162,48.34499583333333,6.8016216049382905
949,8681e9e77dc384ec20da9235f3ba92dc4fb189665a595e42b56ad53be0f2acf0,58.09730848765431,50.07821496913581,8.019093518518503
950,e673217c7a7ee5de27bee7555e44955bf13c14f5786ca22b1535498be7407fec,57.03590123456789,49.15142098765432,7.884480246913569
951,11fc6cebfa972f9ac5811744f2c5101584428c5d0c26748223f6bf3096d25718,55.59539537037037,47.81028194444445,7.785113425925921
952,83f491672bc99ce8cf90be4de08b05c57bf2471d8205e870635f6e41179114c4,56.74867191358025,49.65550138888889,7.0931705246913666
953,60a7a2defe069f5ce897856953b23a9fdff3ca1650658599328f51da22dec1b8,56.1444212962963,48.64142777777777,7.5029935185185295
954,e44baf3bd5c920d37992559bf2c4389d7549c0eda5ece5c626f6e9b6a657a215,57.33339058641977,49.52568163580247,7.807708950617297
955,fe5237acc22e6c6d8dab9b9e0cbc84f5a885f5d5962284e00a465060792132a6,55.61905509259259,47.827953395061726,7.791101697530863
956,696143a843d1fb374b99ff3e7ab765b6ce83c973f73519575a0ffbdb26c903cd,55.52686774691358,48.31672021604938,7.210147530864198
957,819db36c5069a6233584995521b507ff36d5fadd16e32fa0f75ad20d8c5cb8a5,57.66360679012346,50.480312500000004,7.183294290123456
958,99149a401b5f896eb24cb58109e9c8c199a00c5a741a0d523b5f8bebd7110207,54.17796790123457,46.88335740740741,7.294610493827157
959,4e0b0b0ca0939386287907164c9489b09027e14d0ef241aa19ccdf17a88a57ac,55.6535524691358,48.32586682098765,7.3276856481481545
960,59059067d08ed25b9892b24ac6289f7206152686aec4b7749eb4047f105ed389,54.94555015432098,47.24335601851852,7.702194135802465
961,0fb7b2db8ddf1b8fab934b7601ff42913b88a7c971c3abc26a0dc861541fcd2b,55.601479475308636,47.97867330246913,7.622806172839503
962,06cf4b27d13e535afd358cd70501f43051034e79954eb46f7a7c2485ecf71b2e,56.65520648148148,49.52540061728394,7.129805864197536
963,5d89da8166aae06ddf8d51f6ea7cd8c262458aa7b29f299f3fd3e59c89bd697f,57.94889999999999,49.80028966049383,8.148610339506156
964,76c402e2b0719d556a7f8f789045ec09bf600527aa1db1e4ddd08db9700bb680,57.3845413580247,49.31891296296297,8.06562839506173
965,73441489d46cc40cec406c9c314ceba4c0d3e4cb214e716437feb58d1414d9ca,56.571271913580254,49.25452654320988,7.316745370370377
966,009167bed35702dcaefbfef83ca27d6817b32987d3a3eed430af5a81152020ac,54.773220524691354,47.920958179012345,6.852262345679009
967,f911b6ada276bbc53fcbc3ff907c44067567f08bda2c20ca273a9cf3aee93478,55.33646635802468,47.82008765432099,7.516378703703687
968,58edb3d1a6c2ffac716c6fe068b1fd5e308b582df1c1fb83c17ab6db32938b09,55.38221404320988,47.16032222222223,8.22189182098765
969,097e6eb36f84d0bd89eb2bb7947c832ecce1425386fe017dc2d4127d220df1a5,54.74265848765432,47.697673611111114,7.044984876543204
970,737d9935636ab4d470d6d946d1fa4af7037b4c56d2b09a74292b771e765e6d52,55.84512376543209,48.57619506172839,7.2689287037037005
971,872202014e9cb1cb1d0723bc62040262abc323663981dc770614bf69390249ff,55.02732098765433,47.99081080246914,7.036510185185186
972,333fc2a7320d9af0ae5612f20a70af6087bf9c35e6ada9dcb0726031527f9d93,55.120064660493824,47.97868364197531,7.141381018518516
973,0865787a8cad2803a2ab4832eb783f4b614de1a04ea8c9873000a663acbc91cb,56.81041172839508,48.518726080246914,8.291685648148167
974,48c5e113bfb37f6a927349e98df1f476f9d4663519b2d47fbf2b2ff9314acb5f,55.57344706790122,47.73935432098766,7.834092746913562
975,19330a83e1826ccd766a775a65364b260bf822012b8f2340aab27060f9f34175,56.215906790123455,48.375260185185184,7.8406466049382715
976,bc0f6024127dc76f246d3eb4d54e09196980c892d93d11161b84b483d610ea7f,56.53271851851852,49.67214305555556,6.860575462962963
977,bf70f09f455fb062c29153df516da566e477854b3454ea85f91fda246514db16,55.31361265432096,47.920266203703704,7.393346450617258
978,bb2ec2c2fe7197589f77bcdc5910cd4355ab659f9a0822bc9ff1e3ddcf295070,57.05021635802469,49.56742638888889,7.482789969135801
979,6fa678307bda12b2c4dab3fd92fd45649b4fb09e6d2fb9879d40fb43fcdc8b92,55.85027716049382,48.744192746913576,7.106084413580241
980,22e270c2f54b97caeb8142566a1ad99360733122875e6a7d522c3d8861cdd50c,55.033566666666665,47.62169537037037,7.411871296296297
981,64a8718fc4493d1804c83b14697b15914fff5a6d4abbad26b4ed6c309725d8df,56.42409197530863,48.80821728395062,7.615874691358009
982,eafa6ebf9826166f6bbac45cbf28c9f48644321c739a202308d8946f46dbcf4a,56.35948580246915,48.475903395061735,7.883582407407417
983,1db13e5c6b16e7ade77bec56b2467fb4a2239e9c81ef14bbba867d959796307e,55.211897993827165,47.51514135802469,7.696756635802473
984,61763ad8bceebb300ae13d9d155af680cfdaa97d5d17f410eccb9af707ecc62c,54.885131481481466,46.76643240740741,8.118699074074058
985,00d57a363ae3022860717a6b633ec6989e6f4e0f5a053c2fdee3ad347c366aab,54.573284722222226,46.57396959876543,7.999315123456796
986,e3467a10adb81c4a9c6e3d053c7f4cc7d821b949008ba1c0b79255d01bf84b16,55.67287407407406,48.17172932098766,7.5011447530864
987,8f45c06c1f96ac39174dd02304b3a83ff536e65cc71ea8c1572a90bc7f8b8a03,56.64693132716049,49.158178395061725,7.4887529320987625
988,7bcd8c3a45defe2ce60db8bf260d1c67a9105b3d500b6347e20781d35dc7a164,55.01517237654321,47.975016512345675,7.040155864197537
989,d8542834a6b3c4a6bb51a00f50bfbfa0f4b97f93cc6d098e5119a35fc5e774ab,55.76281836419753,48.92208935185185,6.840729012345676
990,79f877ce7d1e26113938187277e5254da0f21e9b6cdafbf59af4b7210d1012b0,54.84567608024692,47.4049311728395,7.440744907407421
991,6a98c2e27a2ddce3eae2d4b3584d90487ca98cd649afb4999ad3f7b57795135c,55.95656188271605,48.79844583333333,7.15811604938272
992,37344306859fbb60981c143dc97ce421d3e7a9ab2c50f0d6b5f81097b16c15a4,55.80882777777777,48.32041774691358,7.488410030864195
993,7ad62ad3c9c34fbd39e06c9b551a32d3a1545af096a39c41d544599adf8413d0,56.184087654321,49.15613179012346,7.027955864197537
994,7088755958ba49f13385b187facef0c547aba9a388bba085f73c2b4220f1edaa,54.29527793209877,47.185597839506165,7.109680092592605
995,77e354a904adfc27befb027b281feca072421fc616859bba129f254bf660837c,54.72419722222222,47.55275648148148,7.171440740740742
996,63840ec02b01ab9b24e1c6e664d0c347c6832217938aa4145069798d8d98ce58,54.78014845679011,47.571407098765434,7.208741358024675
997,b1c226fda6d2d16cdfed0664ac027a4214524e5234dfdd404259f59af8080d31,55.48906388888888,48.220983796296295,7.268080092592584
998,1864d0085febece174f7eceed778ccc0b1df2eb664dc1eb673ff24bff9c4d543,53.07894567901235,45.79953287037037,7.279412808641979
999,53c66d8323eccf4b83986dc86c6de08651e75c3a7358be047b1ff175aa380530,54.164140586419755,47.30430416666667,6.859836419753087
1000,d1ecd29a976948f23f537a3c92cc5f3da2bf1c0ebe72cfb944aa3ffacb44bd25,56.15403518518518,49.103874999999995,7.0501601851851845
1001,70c696cb38d5812f29c87b38e4e3df034c6d5f68fe457df64cf754c92fcd1794,55.58892021604937,48.417738425925926,7.171181790123441
1002,8d3b0833a48537a36ba4eb8c2403bdf5f492ab2a509352147804d108b230acc3,56.22090015432099,48.7610813271605,7.45981882716049
1003,cb005ddb1b6d152215b06c311633567c36317b8199788e43a8df9a96e1074186,55.40805972222222,47.05063719135802,8.357422530864199
1004,2186df043c9dd9d67f9e55f9aa8d936faf0b9e75003bbcd85e6f886e8b67b382,56.091618209876536,48.445025925925925,7.646592283950611
1005,9b67d8caf3d3dfc231fca87740e37b32f3a319193259287d7a0ee6464701dd8d,55.67648055555555,47.850730401234564,7.8257501543209855
1006,c2b67dc326734d08b1ea141ec795636332e69456fcd90924286f8f5d27a1dd22,55.63641095679012,47.96017854938272,7.676232407407404
1007,3383acfc7006e49662b131b4131991a32b25c8ad8d1a451e9e8c55aa64a19e0c,55.35997669753087,48.27300864197531,7.086968055555559
1008,93bf672714bb657939195fac6f31d2a5aa06b9ae8fd3dfec2a9712574c19d2bc,55.24758549382716,47.81491311728394,7.432672376543216
1009,ae3924c31b29396827a4d0073feade273803eca7cd669e94b16140c0a9352b43,55.792806327160505,49.496627777777775,6.296178549382731
1010,da78fdf3d40d66e51358c806eee6eb5fadf8e177bcd8a5b94cd477c9ee6d27ef,55.9826836419753,48.55590370370371,7.4267799382715864
1011,dd87723060c8e673721bc8b78779a648be188687a58723126d5eed9726729508,56.608938117283955,48.76797283950617,7.840965277777784
1012,31ae3988bc95c130c81db87bc8b5354d1809c0d3c20c5b0a82d152e811ea63b1,55.7372861111111,48.450860493827165,7.286425617283939
1013,7882e21658b042dbe2a9c0c450a9ebcde186ec491d4e44a22f0ea56d25541cdf,55.6130723765432,47.74826327160494,7.86480910493826
1014,7c679b3bee130dceefb34501d4e562187066a4a9cd4d2a38fedc09b3fd23c66b,56.53857345679012,49.36855524691359,7.170018209876531
1015,7d24a0420c55b6e8ceba969b65e66c071e157cb12a8f19fc15d14f8682d942c8,56.17352993827161,47.845835648148146,8.32769429012346
1016,ad30baf047aa86b014f88124a46210776904ada3b4c39c5f2734f58ece574b0e,56.07970123456789,48.43636419753086,7.6433370370370355
1017,31f18eef184910ce2bdd1677a69d890e6562a435134cd4603cbb4bd02200f0f7,54.97641342592593,47.40398672839507,7.572426697530858
1018,e41d05629019017d272dfdf5ba54b6adaf0c3d4f85a2fe7d3607de06a4e4c613,54.881785339506166,47.74418333333334,7.137602006172827
1019,b1d8c22eab854e8918f9298b453a2d17c421ebcc6539502c1eb853f8dfe24cbc,55.844037345679,48.812191203703705,7.031846141975294
1020,7a3d5f6fbcdb40a0d68f635e17322dcf174aa001f787b8c3a410921a6cb76a8d,55.4181600308642,47.6442538580247,7.773906172839503
1021,24786fafa3548efa5903d04f3f8354450c6a26118d3228fce5ea1b6be265aadc,57.04513719135802,49.46437978395062,7.580757407407404
1022,69bfa78feb794f30047b8842055389a57ab314b8aa4776627f1daf9f68fa2bae,55.98228395061727,49.20942962962963,6.772854320987641
1023,e0dfe32210dfa6ba695d0abc9ad9dbd74c766121abb28a3ce516b7a8923fc444,56.057202006172844,48.80106959876543,7.256132407407414
1024,0937f9f412bb2467c95823e1bde9ed5bd85d546c6be738a2150f5ec8b0a18b42,54.733509876543195,46.52956203703703,8.203947839506164
1025,11d82b7e3b946471bf8b8453cdf9a7d41c01c700ac48bd0a8f96a6cf7a66ad56,57.02016666666667,49.025661419753085,7.994505246913583
1026,a135dfe2d1203d232417e3cef03520218e44d31fb6ef5ac65a803b18c499882b,56.161529629629634,48.415615123456796,7.745914506172838
1027,cde512330a7c43f7093ce8d14042337ca57bf27813fec9b874ff538f22fd24ea,55.74667669753085,48.52760462962963,7.219072067901223
1028,db5b773292561fe4a3c8e83c0959b97c52bb9ff6070e49b37fd0babbce6149fd,57.10233472222222,49.86519104938272,7.237143672839494
1029,7538f3735684468dcb84f54839bd782bbaf81efc9adf9e0e87d131da0dbdf641,55.790356635802475,48.23682037037037,7.553536265432108
1030,71248fb26d32087b717a006e04e5aa733ca11466f6a0d2a9daaf2e8ca394f2a4,55.50981697530864,47.629116358024696,7.880700617283942
1031,10df9ec1301c431cf42daeebf30cc34739c2423f2e49a1a892ddc56990a9047a,54.750126697530874,48.004627932098764,6.74549876543211
1032,5e0a104486deec26c220fab5ce29f7d5864c6494082e3c981a8e0fcbf512b152,57.3389111111111,49.70266913580247,7.636241975308629
1033,0a04803026d4b5ae489261e6d2efa3dbe95e6cf902cd3aca1c85105acd6e4af8,56.121712962962974,49.49911790123457,6.622595061728404
1034,3c20400a5cb6335a731e79a5e391cf32083b25e3b9aa176ba8aa74dd5216bbd7,55.25171527777778,47.36809290123457,7.883622376543208
1035,c1cdc759e74bf0ac1f68e2fe2afe937ca7f806f0ba0b4a0f25409fb19df3a9eb,54.17917067901233,46.598887191358024,7.580283487654306
1036,35d74e37330d1b2c05c782f7adf5e3587c85d295278e720cded07dfb7c20ef2c,53.36226959876544,46.752626697530864,6.609642901234572
1037,efcadf9115a2e388014e226299a09edd666ffcccee7b1806e25025b5ccf25a29,56.188824537037036,48.87511882716049,7.313705709876544
1038,21c9b04df51cd23a91493406c999da2a14ece2d55a42f8c151cef2ad3e95cc0d,55.34019583333331,47.995062037037044,7.345133796296267
1039,08edc36584a9b862b83e29c5ecd183391780286c4a84a3630ce704d9431925d8,57.96229583333334,49.937743827160496,8.024552006172847
1040,6ce62f6fa5dcf561b936f9a95368849cd5604017cbbe0415d7c0468369911a24,54.26450030864197,47.026379783950624,7.238120524691347
1041,b767d4d5e6493be959f2f386029e24ef2505e618b25f95330507813361809ce8,56.52582283950618,49.16774382716049,7.358079012345691
1042,3c04196f31b1acf998f99a5a23df8c504527b536af4786d8c5afc82e01861868,55.947842901234566,47.934979166666665,8.012863734567901
1043,350bf82309bccd5ec4fbc4b20fed7ba875ebb72e57612bd8b176f7314c3ff325,54.97777669753086,47.502564197530866,7.475212499999991
1044,5d015a65405ffc67854c4f7d44fad99fbf739f9517b7951e82260222edf88ac3,56.423399999999994,49.150972530864195,7.272427469135799
1045,bffe1e2019777e54cd2ef107ee9af2ceb6793b2ac6e95857deeb21721da36132,56.68917314814814,48.829257253086425,7.859915895061718
1046,048b0706a901f9753df648be32bab6606cf5c4df720a915aac3825474d057c7e,54.10738765432098,46.92386033950617,7.18352731481481
1047,330e02828e232be9d86fead4ef452a1815724fdda560c786b0eb5fae22b5546a,55.664017746913586,48.85155987654321,6.812457870370373
1048,f55e1d037cfe01b670bae4488ce855136956994c6fcbb2e7c87a8118cec321a2,56.93482052469136,49.458535802469136,7.476284722222225
1049,bbb0eda0215a5d523cd7a02c72bb3b1cadd0ad5d64e90a35db6c663ab6f006c1,55.30067669753087,47.22692145061728,8.073755246913585
1050,d82151ed344cbbb02c7a6cedf95289d71bf3fd925270f75024d8cf6a9239f830,55.60402731481482,48.243843209876545,7.360184104938277
1051,cad353505386beb266ef5aeb6145a2986dbfe1f85ba4dc9a27ab839627c14859,56.49449166666666,49.40513595679012,7.089355709876543
1052,f74112e5ee4e51d3cd58f43833ba6834106a7bebde19e22038360759d05bfe5c,54.63672438271604,47.99663533950617,6.640089043209869
1053,24c107f1a569a2d74f2e4702d7f75c263507db2a71a0258e38ac2a6c016eb41c,56.034824382716046,47.632863734567906,8.40196064814814
1054,a5264419be8f8964bd0624af678d7201e5191c784933ba3efdb95abc8a695877,56.20870277777778,48.63235987654321,7.576342901234568
1055,da278d277822b519123ba7f5a542c2448efb9465e34cfb35bcaf25c4cd76b915,55.77424089506172,48.52410277777778,7.250138117283946
1056,6763c113043394ac90c8e045091af67e0eed344593671bff45ce48d81a7bf7c2,55.44202824074074,47.62160740740741,7.82042083333333
1057,fba03ac37e5dc4b78f4dcbe666824fb5b8ff893de31384ee3281f2d28bfda7ab,56.052596604938266,48.836367283950615,7.216229320987651
1058,3cd0f283e5c315526fff64586adf3bfd0f4f0d39f8a814f515d9867de1b16ea9,55.57264799382716,47.841481944444446,7.731166049382715
1059,7ca86f2dc4a22bfe6e13aeb12c0c7c111ab08afc0bbddd0d59ee9ed44c760257,55.68392685185185,48.49621944444444,7.187707407407409
1060,d2e4f5d7a8cf92debff070633e4f0c1f60403b879ea68b58f5b4bdedb5e904a9,55.61364706790124,48.48723734567901,7.126409722222228
1061,3d2c78cda973d7ffb487f999fa3f52f0be93b61d6b7bab639c00b78eb52db89a,55.37084845679013,47.902078240740735,7.468770216049393
1062,29874d161fec508a650e7f24bf51108d759a728745e8cf294e2b514f7d5ac33a,54.69255416666666,47.57082978395062,7.121724382716039
1063,740b03e65c50056156f1761728db136ea4a34b0ccca901305b7838414524ca6b,55.37548595679012,48.032538580246914,7.342947376543208
1064,9107a99293ca31911ba43088a32205d213ee612a19ed200b2f164bbd275cd198,54.23753024691357,47.02781790123457,7.2097123456790015
1065,890708b794b2ed7bdd0483c3e5358f2f4944ba3114460c4c640f5f0ceacf35a0,55.058888117283935,48.17926851851852,6.879619598765416
1066,caf1a5bcb2c8b11e57335278bc9dee9f99bd0ed0da2e4c124d3f353978b5d9a2,56.94873086419753,49.024352932098765,7.924377932098764
1067,f23578e430b44ccd787179b05ec0428e2daf6f480cbcc93266d32512b0d2b234,56.55386959876543,48.65801064814815,7.895858950617281
1068,24801708cffe63b8647839dab86e3b74d912ab8c8587f75f76476aab6ad13915,56.13681450617284,48.64998225308642,7.486832253086419
1069,aeb5b053d0bc6a59824676d56a53504cd4fcae76549baab824f6804b76c50315,55.970636574074064,48.42406234567902,7.546574228395045
1070,af89a1dbea01c1b406a57957bce1f9bfa90fe9e34c1c7efeeafce629ce4099fb,55.422369290123456,48.06769089506173,7.354678395061725
1071,83abe3bdf996654f254af479ec4ae068ec61a4dcc55751e2d2ffd1d916bfa6bf,57.48959274691357,49.50784922839506,7.981743518518513
1072,29410581f77f8c0ef3c58ef4b498c320841c318c039e5ad2ebcec7b8fcd99b5a,56.097301851851846,48.098370524691354,7.998931327160491
1073,c89ab7e1751b1e9039812fc652e4f45d20a8c9450215701e13c4f4b540382c26,57.418371141975314,50.23321311728395,7.185158024691361
1074,f1ac565386af4edbb1ec958adf41bf0920a0685b3f2d3266417ecafd3ebfafb8,56.262129475308654,47.82246929012346,8.439660185185197
1075,20b11b658cdd16c4f235e734df8e6a177eac2453c4c8d03d4820119c7d5f9530,55.401349999999994,48.44818873456789,6.953161265432101
1076,37ae54ef88d8109c87f616c422c207e01a534ec2ebca0e246e8120361321c99b,55.33667577160494,48.03155,7.305125771604935
1077,6caeb42fe186427a9963069556cf05b07c3bf8589da0213a4957713f166ed7c1,54.65953163580246,47.35444598765432,7.305085648148136
1078,d4af0266055b78569f6028ed2a8fcd4932b2c71901d2549515d1d9626b6caf3f,55.75034012345679,48.299123148148155,7.451216975308633
1079,7077bebea85bc16774ffc72097c8974fc074544fa0fbd900a802326e6c866e28,56.23535524691357,48.454107098765434,7.781248148148137
1080,3bf7c9b56f6710a5cb03035ad2c72cb9f5fad174b866e46e152b1d419e1f9b5e,56.71758827160493,49.23419521604938,7.483393055555553
1081,90914080e9358c2d723654ddaf593033442b4975def56dfc908c05084ae2e722,56.32350972222221,47.996167129629626,8.327342592592586
1082,e17177659938b1f55cfee8c9fcc8cceaba2fcd43733f03b1b0af54b2acec05bd,55.123987345679,48.35662037037037,6.767366975308626
1083,3eca78084cbcaeae8ca497c22de6da2f58e90ef4833a2747793ec6c142f10fb3,56.667465586419766,48.87325,7.794215586419767
1084,da8b7518242f0da08f8a739f2f6128202b65eb8d61833e576c5bce7c45b40d3a,54.70642191358025,47.5016362654321,7.204785648148153
1085,1ce77d5f256f97dbd685e8c50c23b2398a691896f9dfe4a1688f9b89f5080eca,54.68357052469135,46.53242762345679,8.151142901234557
1086,013835fcd77199203b8913612dfc13b4d56a3197291561c896f21f5433e6da84,54.957238734567895,47.26421604938272,7.693022685185177
1087,834503fee154bc820d5e38a2ef7f78c8a2cc7319794729b72b286d95a9721904,55.882300617283946,48.06318472222222,7.819115895061728
1088,28a2acee0cf7abf5885521b7ad5b8040cf3fb0607c0ad1017b9c2237d3f92497,54.98472237654322,47.510764043209875,7.473958333333343
1089,a1cb8bb3c99e559bebb2c09f59b968db08a50e651e370c5ab70cc157d425a46c,56.421613117283954,48.4812537037037,7.9403594135802535
1090,e60f5c2617a833b77c4045009a3691a29b1e6b0716387c7e124de97eda4d4134,53.037489043209874,46.53703888888889,6.500450154320987
1091,2f2f887f4d12f1bb706eabb9f01b147b8de189eb184926ad3e425b9a0f36aaf7,55.75457561728396,48.69923472222223,7.0553408950617325
1092,51a677b4409ded9e166f8b46ec4e78adbf506f10245a8e92166e4f05be94ad72,54.77023456790123,48.377969907407405,6.392264660493822
1093,db4a3e2e28026833c4cbc72528f9d945335eda45dd002e0c7b74d6aa30e29255,56.671389506172844,49.31192052469137,7.359468981481477
1094,34503bac78dbc0d2669737d296d8326f3c66c5d4184c6402c27453834feea57e,56.62276929012344,49.630633487654315,6.992135802469129
1095,0acc507bb406fe190d60e31be733830df7385ddd5e39d88650e77b28fb69d28a,55.3706825617284,48.7736737654321,6.597008796296301
1096,65dedc8be5b755291ddb2049f4eaaaa106d1dd245705d062f6eff70441f3c81a,53.90299413580248,46.01452901234568,7.888465123456797
1097,ec9e9bbbe1d2e6d79bc3296a486d8ea7c1d8069f5745b2bdb99d71cfab8e0d15,56.96235308641975,49.022346450617285,7.940006635802469
1098,b991c0ada72ee53a530b9731294fba2e9dc2090025377aa71e516da41f9cf9d7,56.31269722222221,48.67292422839506,7.639772993827151
1099,bf1bcce9d9e417532e3044edf4830fb9de4bc49cdb5e6cd6a9200525d5299697,56.28614459876542,48.64519197530865,7.640952623456769
1100,e5db43eb8f3378f42b8e05e6f57d74271396c03c1b511e16396da4c463381795,55.288981018518506,48.28168163580247,7.007299382716035
1101,6e7f558bcc8be26c93ec7032b7b5956dc109f3fff558b43b59fba65e1ee7f9fe,55.92708287037037,49.21078179012346,6.716301080246907
1102,b2d9d4e3d81709adbfbec473fe05bc54d99cc8df4958650019427330fb1dcd7d,54.85979629629628,47.965327006172835,6.894469290123446
1103,673acca5e4222b5de429ed7e98922efa8e40fd08c3983ecf6abf458f88a13b60,56.46348796296296,48.658501388888894,7.804986574074064
1104,12bd89d2500c5e0747f00bba76ddc80a36a3019148549bdf9928c045b724d169,56.26670910493825,48.90283070987654,7.363878395061711
1105,4d57c8b9c204a2e9d181a689f7fb86a22c21767f85f4899d7e1f0400becf0a98,56.64444907407407,49.315248919753095,7.329200154320972
1106,b9d407463232a4471db77e75e8089c452d5aee46badfce9d56c3f0eeab3951f1,54.57182067901236,46.31758410493827,8.254236574074092
1107,58ef0f779a334eb694dbe0cd63e28af5f0ce9449ac4fe7ebf7b6a2949209945c,56.7972299382716,48.6265549382716,8.170674999999996
1108,c7982c22f9fe4f0b07d7ca09036de6bb091ab90b9c564fe7c71dc8dcf34a195d,55.18383441358024,48.81843765432099,6.365396759259255
1109,793619247013cb1d536be97ec8708c903d734c05904cd03629a404a73a375b4c,56.74373719135803,49.1613737654321,7.5823634259259265
1110,b1c8cc48572f61b38a8d87ff8d1ae908adcdd9a5d28aa1dfa38b87df06effb85,56.66035169753087,48.98290787037038,7.677443827160488
1111,15b6f680fc761aee83ac165ea49e3c4f95ed7b5254386410e5bc83827c7c8496,55.844828858024684,48.333391512345685,7.511437345678999
1112,4c85120fbeb58d0bef6474b98b618d0bd79ff2d4517943926b052ae926db7dcc,55.49885246913579,47.77831712962963,7.7205353395061636
1113,0ed4dcb4a5ab6bea34d068f3620061b155bc470020f9311a7b5d4a0fd2d756fc,55.659994907407395,48.474035030864194,7.185959876543201
1114,a2ab3d6a7d1a8b3f92fa17ffe155a93f39859814e6992af8a18b7cbd98850ef4,56.4825598765432,48.64720555555556,7.835354320987641
1115,1fd8ce436d0c8b2291e215a2b28a8fab2de41755a70a585ecf343bb6ae732f4a,55.333656790123456,48.17652422839507,7.157132561728389
1116,5fe4746d29870dabb6068bed95499c8c8cb773234fa53f5edc9ce25f26779d15,56.989415123456794,49.927848611111116,7.061566512345678
1117,332dcab32475450387beb342ee2d9b5e7f5a492768de0c994d89b3170860ac3b,54.0324186728395,47.31687191358024,6.715546759259254
1118,ccce00552bf9845ce592f6e8a2c70f95edd7792b44cbdbdfca264b6c1ecc7ae0,56.42889104938271,48.28571203703704,8.143179012345676
1119,f6a25fc4742b05ef5e699b4c56929aba62de2208d7a7c72f77cde04469c1e595,55.508429166666666,48.26087175925925,7.247557407407413
1120,840bdd1b403da3098db3d1193f34f67d3732cb201e63186465bdebc05da84239,55.44277854938271,46.95895833333333,8.48382021604938
1121,af1ac06973adadf5756b4c27163192561e37ca5c39a099f23d6c15a6875f14bd,55.99140416666667,48.63854922839506,7.352854938271612
1122,35c64c395eedb1223f584782d6d3a4d54c433559aeb057082d36bac5fdacbfda,54.08129429012344,46.87010401234568,7.21119027777776
1123,93284ee9f1a7f1b832d69c88f5e163c53841ee3d9096a523aa209d16038f6004,55.55375478395062,47.583382716049385,7.970372067901238
1124,4bb808407f8906daed0bcea215ab79292b4762014bd0d11e0d531f0308e7308b,54.44793888888889,46.99734876543209,7.450590123456799
1125,1144fd8a051dac9e5ca7fa539fc3d1f07905866f1b4400e6117a38ef68353185,56.176003086419755,49.09746049382716,7.078542592592598
1126,63bd00cc1a169658438e01f3d51ab2d46f1b48b775ae34a3a358cb1295983023,56.18397438271604,48.64990478395062,7.53406959876542
1127,857e246ad94c611adbbbcda7578d48725ce14cbb4d4368e06c3a3ae2f65afdc4,57.04479089506174,49.993728858024696,7.051062037037042
1128,03a9ab274f36c7940778175c95fa7df5857da840a7c54c4bf74e948c99d569ae,56.51262175925925,48.283177314814814,8.229444444444432
1129,4301af87d9c6b8a754f9d8829e1cf6694f40090ccf6ac4bcbb6adc0ce2cf532b,54.817033024691355,47.70907253086419,7.107960493827164
1130,7de82d763f98a9586e07be6045645babab16fa5403ef0f86c942c54b96b459dc,56.0845375,48.411147222222226,7.673390277777777
1131,cd54ad43e2bfa845bacac98ad72e3b69f4563a64f584d8ec5cd7ac0a4eb987b7,53.88816342592593,46.89477160493828,6.993391820987654
1132,537712e4d825ca2e8ca42afeaec58345ff9957f5749dec097abc9fa79846f720,54.55540061728396,47.36641018518519,7.18899043209877
1133,3d277e875e828017845222fb1e1be0197fb6ed1cc4af66ec3df4b95a697cc758,55.05506249999999,47.645075154320985,7.409987345679006
1134,5b44c23401f8ebae4c62507c68b48c039d965c078a25c23bc785a729eb3ef8ca,54.934582716049384,47.729855709876546,7.204727006172838
1135,c7723c5f2a847b539fe62e7c627891ae99ceeaab4296dd005660759864f9a1c7,54.67530416666667,46.867897685185184,7.807406481481486
1136,6c9546c59533d533e6b3ce647f8ec833b68c05b8a6966f36c002cd4e6982170c,56.206697685185176,48.9110875,7.295610185185176
1137,7dca585ddbe12a04e66b7ba73fea625b652a0c53898d3c72efa0b97a5e222617,56.44918688271604,49.09842175925925,7.350765123456789
1138,25e366db93d12cb180cb6b5b339bfa2e49340cf1206bd0fe620b9f1e362f2a50,52.89094490740741,45.764824845679016,7.126120061728393
1139,dcb6806f0374a73d33e229ef5f3378c8b6f28a2e34bad982a12c78a1584084f4,55.88545462962962,48.58222669753087,7.30322793209875
1140,387d45fa8c69032064998d1053b7a5aed6b62d2f67e77f3a8b3549820739c1e2,56.82739197530866,48.35231574074074,8.475076234567915
1141,4397bbd0178b2b0e0b7c087c80b2cf3f69ef09ba0e134f3924fa3577f70fb7dc,55.09348225308641,47.544272685185184,7.549209567901222
1142,f191cec2765641489c1cab59164b2fec87e6a5361dbd4f3702e387630cd35520,54.05927175925925,47.25270169753086,6.806570061728394
1143,ff499ad73007a1fc0b5fe42f11461dbdde830f819c4ddea0b7b84ffaa44b050a,54.840992438271606,48.30466944444444,6.536322993827163
1144,f87a1b6ad49ca58e6ef06a06b8a0b19b154e35e244c6c197103d6cde20ef4c37,56.47630169753086,48.73124598765432,7.745055709876539
1145,650ee1873e5684908d20d6740fa63f6374a0e0d0529d122766dea2b37203b725,54.77709012345679,46.737186111111114,8.039904012345673
1146,2f4cf6f9ee31111b66ca9ae8949bebfeab304e087f716765ec1f21f1c27318a9,56.58856558641975,49.07914305555556,7.509422530864185
1147,2e0af095877133793a65861a3bbb255a2809ee10b380b728023e44178508700f,56.24933966049381,48.323575771604936,7.9257638888888735
1148,b4335f3099f8d5addddba9395619b6b2fd0291724c38aa8b762bc11c488f7b51,57.296841820987645,49.86773765432099,7.429104166666654
1149,62a94c5df793d73393aa1ad9f1cd8ee374da3a26b8a5f5856d01463c8e0e6618,55.50033657407407,48.490789506172845,7.009547067901224
1150,f14a26b8aa0c1b92f2177d0daa1208c926ea08ed979de38b03e64abdd4a68b92,54.864803549382714,47.5996473765432,7.265156172839511
1151,5b1e3230a0aab1289c541a9ed9429d36508d3ccc5dd3c87c9d335e0bb058a702,56.75935339506174,49.558315123456794,7.2010382716049435
1152,c30e350a5757df18b69e5fd2c02b2a45b5ef4c0351f9db866d56397b8cb6d0b5,55.538886419753105,48.06310231481482,7.475784104938285
1153,98c028c14e627b624505c06ec6460f6d7f796f508026f0d71074e0e9da41105c,55.63725077160494,48.77941851851852,6.857832253086421
1154,7c8822026f5a765f710880d1c0bb04cad85c4f2787031775a21cd0e9f8a49d00,56.89978302469137,50.313180555555554,6.586602469135812
1155,7624c774a08e7feb0e7dceab5f03a0a951399d591b63cc63b6c43189b19b3ee9,54.02458858024691,46.1314325617284,7.893156018518511
1156,edc5dd39d4f2428315da5ace0737b1a5cb693fe6c94c7a261343d5d60e819162,56.469870061728386,49.755540277777776,6.71432978395061
1157,dd37108b846495632ba0a10cef6b7b625b1f1a2073d1b91d856106e78bdae45e,55.58266095679012,48.84269182098765,6.739969135802468
1158,d4f739de3015d40ea14de88e4df35684be000ec60a629435e4e8624d4cb3d592,57.25000277777777,49.71810324074074,7.5318995370370345
1159,4a8c5c8e7bcc6f7148403dc8018279beede40f2e3e7a62862bc4e25cfec3cf9c,56.2574924382716,49.66885756172839,6.58863487654321
1160,f6ebb513efccc4cdaf673eb92f8ef4eb12b78042518cc830755c8d69ba47efee,55.96059382716048,48.02006141975309,7.940532407407389
1161,460a36b8247fc54198fe94d587df850f5afd581223c2ad7de0b477ca1b6b4b70,54.969385339506175,47.26416342592593,7.705221913580246
1162,22b5ad79090b25172c9f2f8a4d4bb982903b17b7d8cd8801b8ea1e47933f61fa,55.174814351851865,48.48175308641976,6.693061265432107
1163,584a6ce996208aa080799a05e1f7a112a5173de214620782ba47c4c6909a468b,57.43537731481482,49.677660339506176,7.757716975308647
1164,50cd883e165cb50a2d6b1af6a4fc922b07000125bb7caf8f37153a0cf7c82d35,56.30994274691358,48.34494521604938,7.964997530864196
1165,8e52aa4d0bb1bf83caae08c44d6e49d026e53de80a6aa520eb54168c7a99d16c,55.687464506172844,48.050276543209876,7.637187962962969
1166,d172eee43ec96b00ce8e756231e684ad44cd03228c6f0668d2dc71b16168ce45,56.7429837962963,49.24463364197531,7.498350154320988
1167,3319ef1de6d647835d1829fe6fd6efc8445312db896600f11c7b058eeb4db04a,55.92916080246912,49.17930956790123,6.749851234567892
1168,44bdc769ceb605f94e8a0d5e7bab443f022a04bb1526d6028811d2d813bc41f1,55.172004629629626,47.962951851851855,7.209052777777771
1169,d971e84d4f6679c6a9a198bf4073febe585eebe03120b373fdef058bbd43313b,57.38880601851851,50.14608811728395,7.242717901234556
1170,ba6e6350d94f436c01ccdcf67130bb874af08458e9470031006cbfead45069e0,56.367570679012346,48.731504629629626,7.63606604938272
1171,52ee42402f6ea0d31d2832c06b15457b1d06d9fb71af60a0ed2bbf965aefcd9b,55.349116049382715,47.7293262345679,7.6197898148148155
1172,be6f5dd2712d8a1fc26516a8b4660499d641470138ca6fedf60161d7b6788c75,57.34520694444444,49.41094598765432,7.934260956790119
1173,1c4bc390146c3763f646b0e868948ab9b9a2bebd0bf766a3a631fa8f978d02ed,55.97954537037036,48.18093472222222,7.798610648148141
1174,4e47d79cda35254e70f0fb32e04fb8f3eb23951c344660629dca457547ac60cc,55.48856018518518,47.700627777777775,7.7879324074074034
1175,e05f3a0fe8dda707343bcb7948b0abc38ddde85948d8447384a8499934ad4af6,56.36490478395062,48.860316203703704,7.504588580246917
1176,a91e59fd656e36dd865a200ed3c2be52664765ab641a271a0585f5535088ed68,56.40473858024692,48.61723055555555,7.78750802469137
1177,0fbdf53727319a63ad26923cc4cdf23e2d484a7b5d41e4a2d47b52ba4ceb29db,57.45191805555555,49.24062839506173,8.211289660493826
1178,95c0c526be51d288d72fd9965a55e0447ff2c72835ea12d09080c36ef94cfe91,56.01788858024693,48.81835540123457,7.199533179012363
1179,f3f19fe5ec0b4a1aafe163012c7ffc57dc4d771190a41c27c99607ed79b529b1,55.28826820987655,47.81934861111112,7.4689195987654315
1180,7cd77bdcd8b06b2a2124b69d4d45ae40f3ecbdaeff08acddefd2e5e6ebb4062f,55.125240740740736,47.74194984567902,7.3832908950617195
1181,7fc19aaa0b108620547fec8f6dbaaf5165fa9d3d8d20142a388d0ad7e2f9f31c,56.41645817901234,49.75659351851852,6.659864660493817
1182,a48423276208cf848951a4645619c7c536808197d7fe0d838063d60e919dcc7e,55.88186620370371,47.230119290123454,8.651746913580254
1183,d241d98acc0ec3165bc26e796e70c9e4b8e4df6841ea0bd0367a0edcc8ac4f6e,55.75576975308641,48.08858595679012,7.6671837962962925
1184,7098c7f053fcfc45502e251327a84f398f7a6a6676ffde5f879ba59a30d8159f,55.508447839506175,47.32868287037037,8.179764969135803
1185,70070cc70256c8bb036b6a27018e0f8445ac3bb3644be685a2a06803fd4e09e3,56.1707074074074,48.63190648148148,7.538800925925919
1186,cab94604b29cd0458731a39b003324960264097aca63eed9a48998e4f87e166a,55.42420416666667,47.786103240740744,7.638100925925926
1187,ed5ef8b8cd98b91e055f374fec5a07b50a9c0a2f19207c7ed47ee0035f80f250,55.369612345679016,47.65057546296297,7.719036882716047
1188,70f5faaa81fb8c38c67ca1c96bc075e13b69148f81113d983a40a0f1e860de96,56.03145771604939,48.71894706790123,7.312510648148155
1189,bc7d3b248a21770e04bf01cbe1faf868b7488fc7903a3fd294c52785fb3610bd,54.96223271604937,47.05832916666667,7.903903549382704
1190,9ae5fccc90b81e3adde853e0e3da382f64ab3fc99ce5d83e9dc199b0d9b40cb0,56.05530679012347,49.31040864197531,6.74489814814816
1191,aa520dc9381ca7059abb70da7774261a7b13362102e256bf78e4976fb5d52a5c,54.79725385802468,47.52306790123456,7.27418595679012
1192,7d9e1fb6df8cebb2b139e8a12316a4eb6f262a1bcd20ef3bd0f61e01fa8a7ed5,55.323796604938266,48.51782731481482,6.80596929012345
1193,9479158bb30a1efd0ede7257a2772fcf838711a174cecf3fad36192d5faf38ca,55.300623456790134,48.539995833333336,6.760627623456799
1194,c52aca4096a6da6695cc4b5481e07008668d789dfaa961c9d0c0f4ae7c9dbf5b,56.876213271604946,49.24188070987655,7.6343325617283995
1195,55ea06157bcfaffb059eb28880acd108a5d2c0a88dd51acc7f5d9ad40a53022a,55.04756558641975,47.99516203703704,7.05240354938271
1196,e07e58ca65ed2f151643ef96ea5e8374a119d571d33b5f205229409af3c48e31,55.829186111111106,48.70073472222222,7.128451388888884
1197,b7ff9fe0f0c79c35e14c75ff3337f37f0c1fe197f29fda30b1ee9866d8c04701,54.5184186728395,47.14162191358025,7.37679675925925
1198,258250d8a26c7e26a1e7dc96b8c5062f7aa213ec7238d4989a7ba65babb10ac2,55.95043425925926,48.60707299382716,7.343361265432101
1199,806b6fc7e68c0b030cf3a7988966d762c2cce207be887bd6d7f520d87645411e,56.7930074074074,48.870637037037035,7.922370370370366
1200,4650fe98f17d7baad58ee3b37cf52892d1b7c3462a19e3d41817aefd0453bbb1,55.43840324074073,47.58438425925926,7.854018981481474
1201,b00e1c524cb360706f170d116817f98881547f72715f9c62784dff230a831701,55.078188271604944,48.149324691358025,6.928863580246919
1202,e61509653db1a60bfebc9b06731a81c4473f94c5b2387e944fc441a897e0810f,54.18159537037036,46.705270679012344,7.476324691358016
1203,74385904df764a69e923bda149d429fc2da59d639e47fce166693bcf7ddb084d,56.705241666666666,49.27296342592593,7.432278240740736
1204,d8d98b94cefd8dea960c2cb5af46b85cf610fc177837d4b4a368008e1d934eba,55.93562237654321,48.729460339506176,7.206162037037032
1205,47f78458b106f3fe87b8af83c298564eea0e8795f0dc1ccfcd7b93ae9e77fc28,55.78055601851852,47.29321049382716,8.487345524691357
1206,fa67248e68dc6a2f8e10e73b98202371eac1601cef70813afae2b5f598f7efa0,55.80430401234567,48.949460493827154,6.854843518518514
1207,c931f37e0c21445e5b94c01ae61b5d9552bb040e692be7d859c191563e5fc756,57.106569907407405,49.2697162037037,7.836853703703703
1208,504e123179d27971bd710993d3838be1ac2bd09fcc191607155b790759e600d5,55.88317962962963,47.663199537037045,8.219980092592586
1209,fea79b861ba1d1dd39bb1d8eef8d59692e1b3b18ec9acde9c4217fc9277bf63b,56.20943225308642,47.802060185185184,8.407372067901235
1210,38fdc8e72118fc181d8bbe681c49eeba92e290decb8ee04304ce5ae2a5d01893,54.89797114197531,47.55947777777778,7.338493364197532
1211,1d35aa1dfa998ac61b8b7c62f6a936f4cda689b8b3e39ced7ac9e4d60d453e06,56.452026697530854,49.35128179012346,7.100744907407396
1212,06291b1421f70ea9f7eb04c6b96832ce4a770daac6ee6974b4e69fde0923c9d3,55.229560493827165,48.060937037037036,7.1686234567901295
1213,c60f1abca9ee7ceb974c1087909eac145aa01ce1fcb3a26c1cd011c781f4e606,56.03068287037037,48.85602391975309,7.174658950617278
1214,abbbdc0444d9f2957e6ac1c2d913c1886188b80b5fadcf25ba4080371bcd72a7,54.777082870370386,48.03624351851852,6.740839351851868
1215,f8ad23bb90c34a51f011452028ce1d1e2fd96bdc0bbcc69db9212b5104692474,55.791245061728404,48.62045077160495,7.170794290123453
1216,c3a33cfd0d3bd45cc8dc2349d9379714513047dd532de57f325beab040467399,55.9027398148148,48.475672222222215,7.427067592592586
1217,c7b3a096b3c3f2fd660d53d26a60a12a184f767690a5b1f91ba0f56170a2c3c6,57.10896188271604,49.1355,7.9734618827160375
1218,3fe220c58b95a380eda2553d39d511b3e71d7f77dbc2b6daf8f4947b981905ce,55.65023873456791,48.71368117283951,6.936557561728399
1219,f177b0cc663c8c70ad2023e5411ccb83acaad0b23d15f1658522f7de5aa0e30d,55.244710030864184,47.43124243827161,7.813467592592573
1220,dbe1b78ef618a7233b5176faa5f7ff1b63761a02e117102deb91199a601bcaeb,55.64100895061729,48.142570524691365,7.498438425925926
1221,f68d84b58a091c5bed126114ff55402f09ed2b09d5fbee0b56039f664e70b2c4,55.018929166666666,46.8086912037037,8.210237962962964
1222,9fc4e526046ac61c5b665bcf642e310882c31dc4864f9310a26c1763e91d1904,55.93292037037037,48.85204104938272,7.080879320987648
1223,279d4c2ca19c430b2ab44741a17bb74f5d42338545939b3457c4a7ccf7a5ede1,56.27874799382714,47.834783333333334,8.443964660493805
1224,608a6c567fb35cc1803b8e178b988c835f0a9c93e62775cbe93b1cbd43d891bb,53.86570169753086,46.652446913580256,7.213254783950603
1225,bae454638b8028389b1b52e287f995c3d8cbdc287b1a38ffd2da9df056150297,55.4743550925926,48.536900925925934,6.937454166666669
1226,ae5464e88127c6ae500dd2203ad409b4a508cf0c1cb0e4c78763ba3c0af50a4f,57.46770401234568,49.88554783950617,7.582156172839511
1227,ac7d84d7834e8667eb3c0ccf3bb506051a49c83524c41efd6fcd31c260f669a3,55.19838101851851,47.63421064814815,7.564170370370363
1228,b260566a2deeee33aa740645ed84ea0b51a05e27fc57299f71a21948cd1c85d8,56.195371604938266,48.61389274691358,7.581478858024688
1229,0b6d7e80c715d01a6343931d63ceffb40f2c863a9b3c59938d039aa9649a4825,54.241059413580246,46.93518950617284,7.305869907407406
1230,f48b18ac146a95d4f57654518ed7cdd0a7fe4afeab094606642bb22ed43098b6,55.15745169753086,47.560139197530866,7.597312499999994
1231,90c34a68d20d93baa11b372f44b6096f3cd3f7d8399b8954bd7e9b2d149c66ca,55.817124537037046,49.32360524691358,6.493519290123466
1232,2e4738b4143b502625733408cd889df6a01fb57bbb90145f07f6054b278dadc6,55.50528240740739,48.845128086419756,6.660154320987637
1233,f2a9db5839a1536f2d4a726b90ccb843bb7f0080b60c374332f835795d77a7a3,55.75145570987654,48.62025154320988,7.131204166666656
1234,d1e6ea7e88bfdee0af395e867f21ae76f2b3d5278e68069bee1154a8d0c0e131,55.99381296296296,48.35086944444445,7.642943518518514
1235,854edfcf3e25606e4c3e06e0d4ead99fb0cc4bb8ffcb3880a77835d5de1597f3,56.92493271604938,48.68580339506173,8.23912932098765
1236,7600687a889421c8586d4127b3e8f0788622ef86093cd16688a22c48a02296af,56.79572932098765,49.03382916666667,7.761900154320976
1237,dfdef4f3ba2fddcb5c98b5784a6da5a42ca31b4ddc3bcaa49685d482eb935f85,55.83781111111113,47.55548456790124,8.28232654320989
1238,06e0286b9c3cf55a0a7dd33f1cc7de796ad8e7f74becf4c8724029b1a8d813cb,55.07476836419753,47.753762037037035,7.321006327160497
1239,bd8e5756457670ac71f3240106c3f5934a705d80901dcd2833a1d118bf156b57,54.083560648148136,46.64293981481481,7.440620833333327
1240,00ec1b4eabf53f864537c6335022b8ab088d8451694fcee6230b45ebf8979aff,55.323206172839505,48.195455555555554,7.127750617283951
1241,b65f9c9205dca85664c184b99c08f3cb63875de70aa0b997c6e9f77e283d60e1,55.9487361111111,48.814106327160495,7.134629783950608
1242,c5d9290c16531580cc2c59ea05b94ff4479b4623a75ccd7b7cd652158ad3584c,54.828417283950614,47.88403040123457,6.944386882716046
1243,1f2ce58febee22cb6fb72ecd8c08d28771c9d9f4a0af11d777b5b890bfeec7fe,56.1714399691358,48.775308796296294,7.396131172839503
1244,36d819d4570a9643f4f57bddb94aa1d9ae0b37e35d56ee57d756928e707000bd,55.98793040123458,48.47206265432099,7.515867746913585
1245,c63808a292b70ebde7af921dc7e1b505061e83ae8d75e6510fdfb69a4c10364e,56.32155941358024,49.256744135802464,7.064815277777775
1246,150f1a7ea375f1f785f7f836ff67b4e24284694daf6674d3d55f37ae99477d9e,55.501838734567905,47.46039537037037,8.041443364197534
1247,42842bf97a966dfe2f9d8ee7a0fe2ab7f63b9c641870e94d99a5923f9e4a8ba6,55.40938456790121,48.23433842592593,7.175046141975287
1248,c573f016012f2c506636e0c5abb1288b867009f248d324241d057b387818e25f,56.17851944444443,49.14718904320988,7.031330401234555
1249,3156b4c37cd10ba91fc597fdbbdc641976010eee2711873ab9da2177f4e9bd58,55.71135709876544,48.81009074074074,6.901266358024699
1250,afccafcc42526d7aca6449317e578f9472923feea457c72db3b65e53d109aa55,57.14366466049382,48.89617530864198,8.24748935185184
1251,a08c5b054b9f62bac274b4f9252c3997cacbaef99f7001c4725e48f248440559,56.30418842592593,48.76002932098766,7.544159104938267
1252,92a940997721c8bc2610dac6e55dd32d7a66a3c412f1968abf67b640507b3863,54.5257637345679,48.29110694444445,6.234656790123452
1253,d6b8e92c935bbcf63da9d64884bf4c864e5a5750c34e0ae54b75ca21df40681e,56.09008688271604,48.50289938271605,7.587187499999985
1254,fb5e400e2345052707816c7b5e57fb6d2aac3de73464fbfb6d1ae183ed53ac5b,54.85840447530864,47.587389043209875,7.271015432098764
1255,7301c7b03a92643b0d9ba43817bcaf056a20aa7a3fa5ad23373af4c4a3c1912a,56.40642515432099,48.584965586419756,7.821459567901236
1256,95b517c26a87dff5bd7fd855775aa7034787ee4456989ab5a3808466a8847cc1,55.96526095679013,47.791178395061735,8.174082561728397
1257,e29c77e1fe5a8fd16c3dae5f9f0d300bf5876515a77debef85554e1b1c0f0a4f,55.62423595679013,48.56091898148148,7.063316975308652
1258,1c1e434501dd5d859a1e8973c7daad35dad178fc07d571aae9588564838858f8,57.10724305555554,49.00540185185185,8.101841203703692
1259,ce5116a3fced854e0b99c5ed095d63e54cec064ea77e542dde4b42434da15ad0,54.99376342592592,47.421965895061724,7.571797530864195
1260,044716b40beae00d7df047b95b025b12c8a726308985147522c9aaaa320d9ad7,55.49804583333333,48.273962962962955,7.224082870370374
1261,5d909c41a210330e9ce27a30756c48fafd7f26438f8f02fa4f4ba2b328a40432,57.94174089506173,50.31784290123457,7.623897993827157
1262,97c00f194797ad009bbb735414b89a995c4a3a5e136a01ebeccfe1f9ebd90852,56.706634876543205,49.481195679012345,7.225439197530861
1263,d5bda7937a59f6d188c9008bca4f747e5af3215163342daf852a3cad2fb3fb68,54.29557808641976,47.11181080246914,7.183767283950623
1264,e7c948820528bf5c08e9950864291afc7726aa8bf4455a319824d8fc2e883592,56.047503240740724,47.90614104938272,8.141362191358006
1265,1fb25728675208e0e905e1677563ed1977c93789ddad588d07a600baaf8eef63,53.818670216049384,46.49662361111112,7.322046604938265
1266,68397b1c15b486c13abdff9d3c09317a01a4bbf4103b6a492fd5bfb457f199ab,55.22555,47.35975648148148,7.865793518518515
1267,8ea0d6ff08fbd61c06f53013ce8cc182f6824b4f9b22fb424ecb99e350f4fb40,55.94372777777777,48.962211882716055,6.981515895061712
1268,f828a677afed0fe3e025fc531de5bc18463011de4e23a1187c85e8b7bdfeadef,56.53577438271604,48.548210493827156,7.987563888888886
1269,0c229076e52c24a5c4e8c86f853bd161fce561b9cd0ff33cd1bf69f1911bfaac,55.00123919753086,47.416887345679015,7.584351851851842
1270,10588e8d19422c15d3c96a7c7a49e4b2cc9c19cb91b69ceb1223d4b96f930214,56.10883950617284,48.51988101851852,7.588958487654324
1271,495694d89e64f32201effbef4d2585624bf8f024bdf236710506edcf1cb1fc73,56.112986265432085,48.98636234567901,7.126623919753072
1272,91abf43773ac55c5291c313db90ca878d2be87800a3d0bff9c6a594a5a420c80,56.39068425925927,48.85144135802469,7.53924290123458
1273,53a704dd91787386f7e4e328b4f86acf7218fa4d68325945ac01d4078d8e3307,54.839008950617284,47.84265648148148,6.996352469135807
1274,c40f9631de11eba1090247a660829c2bea16d5586f636601c8ece6247c0b10aa,55.773355709876526,49.081831944444446,6.6915237654320805
1275,f22878cb5aeb1ce40bae2288df81b3b6f5b43fe20f51b55634552008cb01de6c,55.42332515432098,47.20951296296296,8.213812191358016
1276,cce0df7ab925daa22404dec91cb1e58a6f0575625f4d7a13c51e81238df30fb4,54.38769166666667,46.7793100308642,7.608381635802466
1277,0631f3329f6d0377e5b607faac29583d8c48c9d0e7a33d528310d71b55c62cfa,56.85955339506174,49.10139104938272,7.758162345679018
1278,cd4b31c318127736c4a300a66014d3ae2755407423f4136e998ea40c07a016d1,55.257567901234566,48.290285802469135,6.9672820987654305
1279,9595befd74132ee92204430e3a5aeef4002b11639226805118ceda968eb92fdb,55.68845277777778,47.43551604938272,8.252936728395063
1280,5016d0f7e4d765a50434714fcb0b63c22b2737031a8f48bc6cdb79170c252ed8,56.81384783950617,49.00364567901234,7.81020216049383
1281,98b488194ccdc783fc06eefe503202514abfe95f4b5c00a0ebcc0eb0567ba8fb,56.47105077160494,47.942825462962965,8.528225308641979
1282,cdb9912d86add29cca45c6bb4379d6619d49803ba8b421c507c8fe00dffda3ac,56.00451280864198,47.91057546296297,8.09393734567901
1283,2b381e940d5b21acebf7e9a0770daa98abb3278419617062f8a2e1340586f995,55.584716666666665,48.398426080246914,7.1862905864197515
1284,b683c44ffe46aa6795290c425944abc2e85e7cfe03bdf3821cf86a99087631bd,54.878013271604935,47.187776697530865,7.690236574074071
1285,32e18dcd0ddea3b6e8a2610ca17190e9b956667d8e43e42550ac2f4c77c07707,55.00865540123455,47.32823950617284,7.6804158950617065
1286,34abb6f9eb1c67aec12f113b49bb0c159c029635cc5653752909b3f8139f84fa,56.30838657407406,49.31194953703704,6.996437037037026
1287,043c44a7d7ec7bd9463d09912685a3a5f088c175427ed6ea34f8c705d3d85681,56.536904475308646,49.15805648148148,7.378847993827165
1288,4a53ab0d97022745fc82c8f367bfac75373775632b31e80876c5a99dcf93f84a,55.89231466049382,48.667617129629626,7.224697530864191
1289,2e8e84866023464486e7f2065d98e17883e54333b068b2b10608c2e2ac3ac02f,56.27045293209876,48.1622424382716,8.108210493827166
1290,42cfd2388966a96dfef759df7612743d3419c83dc00c615f49f428b55df18c8f,55.41319722222222,47.76030015432099,7.652897067901236
1291,be575fe4f0aa49b99d6c736806df232137f62da2d428405c7e282ba8ed7fe5f2,55.62951311728395,47.97380416666667,7.6557089506172815
1292,fdfae64c65a2c2e423931e008de08521706673cc6538a6994e48f26a6431e9d3,55.878383641975304,48.94350679012346,6.934876851851847
1293,4360edb595c45a36812cb93d93f616446fe416e41a20f56d4d37646137d962ab,57.010469753086404,49.74227330246914,7.268196450617268
1294,998e0d32ce3dcb68f01fef52819f73ab4259f153019a04aec30207706dff0ade,53.27337330246914,45.670388888888894,7.602984413580245
1295,2c563dbbee56903d5309cdf61f7a935413bdad06651e6abe5089f6ed72371425,55.53686049382715,48.62666404320987,6.910196450617278
1296,9c25e18392d470366091ca79003f0ad5f9639be077620ed80fc73214fc186c89,55.85119182098765,48.70605030864198,7.145141512345674
1297,364311dcc98ef6ab98c3e977174383bdcb443b93fff97047aadf607e2af8f861,56.54082299382716,49.028816203703705,7.512006790123458
1298,9600a67d4394c82ae4b6f5abe23cc93df96b63a0954a8f1b513a29890c9ce00f,54.943252623456786,48.36421697530864,6.5790356481481425
1299,9164115131a20dec83ea3bdf294b4b12ee591c4f7146457ed7938b110a2d442b,56.45870108024692,48.87711018518519,7.58159089506173
1300,8d464a83be880344c0b6ecbe0baa51342040137962715d940dbc9ec2547d7d04,55.310038734567904,48.10995925925926,7.200079475308641
1301,6a72d9a3285839c3683122105f2fd7df7b43fece0dcb90d00f39e5329756a6fe,56.224229938271606,49.17728348765432,7.046946450617284
1302,00b55c5b86daac9afb47c4ba9e97f36acd79d1bac142eb42c5e47a538bb7788d,56.09396774691358,48.015175462962965,8.078792283950612
1303,da9781a4bc30d2754ca598e655adaee698417c015654daace0d8768ce7084156,54.416179166666666,47.484047530864196,6.93213163580247
1304,f6be24b20b2f5c29898dec41319aa425789e288a7ebdccbec3e37258b19c5e7d,57.158467283950614,49.37213796296296,7.7863293209876545
1305,cf97fd5fb05247d32d6c2b0b7f5d0fbee19d7a5da7334da8e4dc3b2b6d80da76,55.228343518518514,48.0299274691358,7.198416049382715
1306,e430f08a04c717b5f0b09396ac847d20b8fb979b4da97f420b3af0497e4b1e5b,55.73580308641975,48.183991512345685,7.5518115740740654
1307,a389b32df1180cae61ccce96405bc9b7d8ce04b982ed5ee89f9c1261a85506e7,58.28489151234567,50.722572222222226,7.5623192901234475
1308,752caafaeda23c1cf108ba8906d3fb879f20f7187a0a6a41315d8d299ab83ad5,55.678251080246916,47.99561944444444,7.682631635802473
1309,73a05a448359f504f4d298a0ff405b20f4788b945e1684188f8fd0f9c36e3634,56.39232685185185,49.14919783950617,7.243129012345676
1310,e5a80d2a1cc13b79b8c48c2dc81eb98244a391af5b7ab9ca45d9f0a82e31edc8,54.52161604938272,47.40981203703704,7.111804012345679
1311,3b1d0f8c54e9cf1c9c261c27da881e51c332c0dfdcee730f92e9f5015911a41a,55.70892654320987,48.23511666666667,7.4738098765432
1312,348aacc77230a9308f9e2d1cfd49c201ec2dbd2b41feace369b19a5fdaf7b17f,55.779700154321006,48.11658302469135,7.663117129629654
1313,70f2cdaf3a550ee521d8055d749d10747d15cf9bdf364d044fa1c2c64cc66d3d,57.607856172839504,50.06058564814815,7.547270524691356
1314,a11d990ace71d8bba15d512d4ab2cdfa8c9ff5624f84eca80664223ff012dc97,55.37162500000001,47.62673873456791,7.7448862654321005
1315,00168c150351ff5214e315232c8c01b304596fe29261529f8617117f33d3f95a,55.16235771604937,47.689667129629626,7.472690586419745
1316,2b4654f5e2b765dbfbdb07f466e2ee4588f8c8adba57a128f3476fefa914cc4b,54.75132993827161,46.88417530864197,7.867154629629638
1317,ebdb25e89dee4f9d7670d9e9eaef65d7f317f6c64b78027aae960f31805add78,55.98094722222221,47.93869737654322,8.042249845678995
1318,cf4827b6efd1dd93ecd9407fe268a9ea17730163e151bada4ca134c5515c9973,56.190727623456795,49.08796929012345,7.102758333333341
1319,39ad95a04f6461c94cb40b8137e22b345181042718b94666a36a62bd7aefd4c7,56.67233287037037,49.27476404320987,7.397568827160498
1320,4e2c6606c31b682078bdbdced98afaaae32064331bde9db13be61af8e5821332,56.81607870370371,49.553612654320986,7.2624660493827236
1321,725af03d595b704759fef52fe6398c41490cd999516f9d1a08abf97059007774,56.31286095679012,48.94637160493827,7.366489351851847
1322,2e8b82c3415e5b69f2a514e5d8a02d0788fc876dfd47b06c6f7e0ecadd8c08cb,54.59381944444445,46.92443425925926,7.669385185185192
1323,0b1c4c0b250348b281b2a3315a39a5eeda1625ffd9c5db40d0576a688c570cf6,55.775862191358016,48.27800169753087,7.497860493827147
1324,690d089db1d82633b95d19cb6e4d6f7d295c7102a94b0cc62a2768e0b6eb9a26,55.79780308641975,48.29930555555556,7.498497530864185
1325,3f9c26bf976b18c524b6528ce4b871078becbb2e41e679a4de9f2899ecb097a7,56.329354629629634,48.84192438271605,7.487430246913583
1326,0c3c66c7a294f9f893067d0ab7ad136fcae3645113e353d3f47514984e075b68,55.29510864197532,48.28980108024692,7.005307561728401
1327,75a27817dcb99bb175a4bad4857b4738f7dc8afdb51fcfd84f00ad29e011d877,54.761435493827165,47.67298287037037,7.088452623456796
1328,d34bdb9505ae4d966e9b345323997a1bac3542f374d40daf1702807a2b59cb71,54.93741929012346,47.38781929012345,7.549600000000005
1329,cbcc42b4c57c2c01beab5fc4358fbbb22cb72bbdb44ac611f6fb4e96eb02130c,56.59952716049382,50.21334475308642,6.386182407407404
1330,87617f748572003bbe38e7725ebfd0876f6c2139de50240e6d8689f02a9dbb6c,55.7710135802469,48.886903549382716,6.884110030864186
1331,be90654dfad0053ebd4a95f50daa63f9211a0b85be1761e4ae13dfed63b58fa6,55.39134043209877,47.52420956790124,7.867130864197534
1332,cbef092e09d9daf4b6a6725bef53de9a46e35b36088a7cb4846cd3818a7de7a8,55.94312978395061,48.49796095679012,7.445168827160487
1333,2e386172471d612c51410380e8b1d845480c4fd831cd1275a0b692d4db473697,55.21531141975308,47.11743271604938,8.0978787037037
1334,2e828fc423da881ff002d264ebe0f07a8510bf196c944a615a7dc5cf8e40600a,57.0356313271605,48.35131419753087,8.684317129629633
1335,22b95397973c7f45b5d4e522f8765165fb4dea34c7a8a88cd74da0d33cb386da,57.09251990740741,49.028674382716055,8.063845524691352
1336,4651d2c7c452a38a17e187aefec15a84a250f373ebee9b6035165f6e09fab11d,54.85255216049383,48.217014351851844,6.635537808641985
1337,0913287a8d6a5902a1c57082160ee4761dbc1fc7fd06550469ca94c78b48deff,55.90005046296296,48.52321697530864,7.3768334876543165
1338,1ba3e63015cffa93591b415c035f15167effdb79e6c8220c0278fd85f028df21,55.68045339506172,48.47242638888889,7.208027006172827
1339,e77e9aa98a3d8c901526099a86e823727e8e7de9ac893ab50c19dd5da887a77d,56.24570972222223,49.740817746913585,6.504891975308645
1340,f9198a7d45a01a32c41edda92de5173a643d32c512ff51020ca98cc9e209b07f,56.5113737654321,48.66400154320987,7.847372222222226
1341,6adfc948fb9b66c0288579b13de1b35019e66e22cfc337ffdd002514679bdbfc,55.185020833333326,48.0313887345679,7.153632098765428
1342,5d9b4ab2d7e6420d304b1928e81b1fb928f8cfb93162a91c6dfb5815a25ce7d8,56.746300462962964,49.45872253086419,7.28757793209877
1343,2ed631b55bc595e2ad735587ee143e9cc1b1f5fe3501787760d30397403ba4b2,57.81447592592593,50.36668410493827,7.447791820987661
1344,44dd4560ae9447e4cd51aa5442ce0399bd70b746898e959453d5db61ad7f47da,55.32330401234567,47.82604197530864,7.497262037037032
1345,304142d8061ca995130164a0635710c26ada1c326141e01ea57dfc70ec4269b2,56.65137762345678,48.653869135802466,7.997508487654315
1346,2b96f790163d3c9342dc6a20790b768aca93d1a099ec177371f3399d422acdad,54.36775185185186,47.000362037037036,7.367389814814821
1347,63b1f62d08f31d880f9519cfc2238dc4a10fb020c5d8c82733a500188f6661db,55.526541203703694,48.29480709876543,7.231734104938262
1348,fe2d062d29f3ed75f9bd4c4c89182229800326105f0701111d149f5c248a5516,55.62816388888888,47.55281697530864,8.07534691358024
1349,e4a4f8f9744b77c219ad60c0f966171e31d7f4435d2652bf35e8f2b0b5ec3d19,54.09301959876543,46.14314104938271,7.949878549382717
1350,9316625e2840f749c51a193d0be13f984abba98851ceb326e28e961f4fbda6c1,55.99252762345679,48.735267438271606,7.2572601851851815
1351,ce0853a922d921d160c3d50bdd93fd15d64350355bd6b8d9a43ab4eaabd50f03,55.33448395061728,47.375375000000005,7.959108950617278
1352,ff4119588a0f2b989c72dbb57db05a55fd63a35a1128f75bd10eb85b2ade3302,54.58990771604938,47.31503086419753,7.27487685185185
1353,d9682521f5c5c6bac8f433c86c7f69c4e6cd17a9b42383d5b19a0cea056ca8ef,55.189981327160496,48.146746450617286,7.04323487654321
1354,f21f180b192b4f9211da906a2ba1035ec5bd05e1e74ef27b16d397debbf90849,56.66078888888889,49.03302175925926,7.627767129629625
1355,67cd683c04ee493bb1cad63c81b43f9efdc53620bb45b896fdb667f5c02b1b11,56.25695324074074,48.31512561728395,7.9418276234567955
1356,c994193c460d4cab5197a9e4fa1b8b438fd5bd09172607a1ea1c6e0bcf77802f,56.66593919753086,48.74133256172839,7.924606635802469
1357,deb3657e2ff55d979888667773ec02ca04bb7e32566c3bdf16c9bfa098b28cc9,55.74005679012346,48.75037283950618,6.989683950617284
1358,80df68228aa5ebd2d67ab72ffb5ffdcddf136663bf7f6670ac6e07de43212f47,55.1831663580247,47.269562654320985,7.913603703703714
1359,ebd7679573228f53882608f97c2641501e2e8b4c3a48443b5e407f201d4e7f28,57.6829848765432,50.024924228395065,7.658060648148137
1360,34c0b5052ec3bf5376c84ba7f01f7d3263100ef57f9a4f65ba716fcd2673fcec,56.46003456790124,49.47547932098765,6.984555246913587
1361,786f3ce5350188eb67a33f56a066be5411284bc065193efcb1dcb3414a8c4333,55.9407800925926,48.5368762345679,7.403903858024698
1362,1c41861f1aa5562442f76058a391387e8de3714ff7bd7262e07f87033cc339c6,56.19653888888888,48.26935478395062,7.927184104938263
1363,0b0c8fb9dece01fe90b561453c7d5f897e017d7fb76855d4ebfad6030185cc5a,56.46118364197531,49.44965879629629,7.01152484567902
1364,4c5d09b0783d3b7e410e8ed63955b96c3925f0d864d651755e83e8ee452287ba,55.26396805555556,48.29250185185185,6.971466203703706
1365,7f5ae2ccc126aa01a9591e977e9f8253b7ffd8770488075e729e156b70f38a93,56.00447530864198,47.832991975308644,8.171483333333335
1366,47d9f1b854b8a2e4e3a5294c9830d2ccfdb46ec6f3fb265b9e02870155c7391b,52.90663487654321,45.575957870370374,7.330677006172834
1367,e58b456bd1cac1ae351523014920fb7678389e7da9e213927aa14cb6c669660d,55.48528040123456,48.05725694444444,7.428023456790122
1368,58f8e8f304603fd92f49b4772b1757a876bc238dc43fa377c9a8454c7cbebb6a,56.862753858024696,49.07431589506172,7.788437962962973
1369,9f4afb1120c7a5a684c88165a6b98214ade20bfc9a86dc05d6bae4741c074372,57.51337515432098,50.377215432098765,7.136159722222217
1370,b60fbd0cb0ffd0fac05d90553921b6cde9b8f6b1a9ec98c2c73fa8a4f4fdd1d7,55.29318009259259,47.823356018518524,7.469824074074069
1371,37cbe637b9f6cd7979aa432b0c1fe23b54b6a8030089e31e1108add01fcf8852,55.88937592592592,47.91195833333333,7.977417592592587
1372,7db73b5769fae60ca10e3cd17ddd962ca1394f8e74eb501b724c35781c77ea89,56.24661003086419,49.1940899691358,7.052520061728387
1373,abf5134aec283785ffe99db2d9ec516c0ba988a38e7b014d6883ca19a5ff8b1d,56.031684722222224,48.11434552469136,7.917339197530865
1374,78d2170b1a4e53d8d614c969d112c7241888e0dd3c1eda3c15df04f839f1ab64,55.61081435185186,48.28643379629629,7.324380555555564
1375,ce9fec01391314ac65b9e7c50b93b5ba13c01fcb2029f6be2125599b94eb724a,56.041964969135805,49.07411944444444,6.967845524691363
1376,ac54c42df19bf8acb9e44859c6510e485024f999ec06db5d0e63f0622c725ab8,54.28636342592594,47.17919429012346,7.107169135802479
1377,715bde634389f695a2855d25c57d93a5ea83120aa9e1beb8e40cca1c730c5b19,55.32352160493829,48.062016666666665,7.261504938271628
1378,af8b96a1dacd165b025fa1cb27272e4a0070c7b08fd2a703bf340ba317eb24ef,53.98860570987654,46.53182067901235,7.456785030864189
1379,0e23cc85941903d7364c268f261db946bfe220f159a9921f4cdfd89870a798aa,55.66379537037038,48.32136018518519,7.342435185185188
1380,bf36ad90fe816895c919fac194ae94153c5a0cb473f31df5c4f94e832ebc0684,56.789448919753085,49.453439043209876,7.3360098765432085
1381,1d7d6ed7e657433d48bb5a5bfcc6f9dcf6a3c76fd7b93701e48a54afa48dda19,55.90857006172839,48.53828657407408,7.370283487654312
1382,bb34b3d69df6c60a09bdbb3a045f7a17acca17b499ee5242c916cb4461ab4f05,57.57602129629628,49.906186265432105,7.669835030864178
1383,ad5fd86882dd681ee52ecf118e45953a9ed2fbb2e42493979cfe7e2a6e82c293,53.956318364197514,47.10492978395062,6.851388580246898
1384,d6e91b7ca277253284e48f220af19fb3c0f399eb61bb3b6ce034c13f095838fa,56.66091126543209,49.417263734567904,7.2436475308641874
1385,51dd283f234bc4311032630a008503de3bde61e75f8178a9d2aba45e08e14678,55.44762453703703,48.58037793209877,6.867246604938259
1386,a3d67f3960c45d01a0e3ae1635af56c650e4e2164dbec77565945f6cc49f5825,55.4506834876543,48.14020833333333,7.310475154320976
1387,4a9eca30ced0ab29ef6a3e9b2c583e87eb025dedcfa33adbb1fa99f88d06727f,57.399244290123455,49.65945308641976,7.739791203703696
1388,59c6cf124d5219ab7e7c10ad0512c90b427e09c681e76f19dd2d8b976f0b999e,56.703650617283955,48.43049089506173,8.273159722222225
1389,2bbd5435556a7be6e16832c28eaa4db8203c3de5a26f04cdd96ecd85a3fb64a4,55.20984907407406,47.40002175925925,7.809827314814804
1390,613cc6040675ac3c55d7ff820737e16e9b7dc9eaef33e095185787b8b7735cc1,54.48704506172838,46.94265787037037,7.5443871913580125
1391,a7fac305ff6cf7b8332db85ad41718d7327e68023b9d33788c5018a0f43c4046,55.933052932098775,48.78915540123457,7.1438975308642085
1392,edab7c8b7b384d2103eaff913964473ea6e63ee585128f6594bdf911fda4ffbc,55.941614351851854,48.453718055555555,7.487896296296299
1393,e745fd7ebc425daabf27a4afd6329064e7d51719a5e07e97e03acfc56cd2203b,54.385323148148146,46.42875462962963,7.956568518518516
1394,1843d8cf7250e927468af3efab70f71404dc6c4bd8e71541a982db705a7343f9,56.29734614197529,49.22432438271605,7.073021759259241
1395,da11a5e7bb03e26ff505508adf2aff93d324e736d2c35736af10bd5492d946fd,56.32878780864198,49.44722932098765,6.881558487654324
1396,5aa417cf0f5121cda948bb8c81f0b4d2293b776fb3b98c49bb4e5b82d3283a33,55.72233518518519,48.57511342592593,7.14722175925926
1397,258ff8b1373401adf17c7373b874352c81784fc2c447539332f26ba1df8f9c16,56.167215277777785,48.81499058641975,7.352224691358032
1398,2f34052ea0bdf5a1bf4cdd0636db1e7ab26c37dc28dda38ecfcc2d79d0ffa878,56.081570679012344,48.65517561728395,7.4263950617283925
1399,e9b0d31b9969b3a09cb1679e827e2d6f4ab0b4df0539eca113ef10e4ed672e03,55.146184722222216,47.9949350308642,7.151249691358018
1400,8527339a52e8196620cb24f76ab12b5f8aa6d04d3220fea64f431abc9a5683a9,55.73601682098765,48.48486774691358,7.251149074074071
1401,e9bb9bf59af0d0fca09ef7c820ed1b1865b18498ef5745b50ea93e0d880da2f0,56.15828395061729,48.16259197530865,7.995691975308638
1402,d9b574e9c8d23e18102cac0e23a23a21dc6a30b230d978c9a28cebc8f0629479,55.51768842592591,48.122142592592596,7.3955458333333155
1403,76064dd1dc27e961e8221efe9d70527dceab398d9a0bdd2b812430b619a0300f,55.29461712962962,48.052033950617286,7.242583179012335
1404,f8af0af5e34d16be424a4e656539afad0ef39dbc0e7ed3f70ac8c07e71da8edd,56.98536481481481,49.49819182098765,7.4871729938271585
1405,120e3e90ca5049c3ab9b97111d6cc198f8f176052fcc26a14bfd03d2dce84e3b,55.66533040123457,47.87128858024692,7.794041820987651
1406,9289ef297bb3fce151667a817470aae4ce102a556c14a62da405b98a075dd92d,56.13700416666667,48.75039027777778,7.386613888888888
1407,630561b94e608fa383c407ac11895de17ad5cabb7a6c5aa232f9e487d7ebd70e,54.49029706790125,46.83047175925927,7.6598253086419845
1408,5f7f0bbc13c02fe0044c59c1523a719e4574e3a1b5c88231a0e687847ba2f9f7,55.70067777777778,48.13418827160494,7.566489506172836
1409,e4cad81d27ce5ba8c98204bdb0418939444a3a6a24ab599be58a6f222cd05c1f,56.798826543209884,48.4023262345679,8.396500308641983
1410,fb0fc757b11962661c798edddabeec8e3d76eba52600a6ce70147b8c716caae9,55.25638410493828,48.202728086419754,7.053656018518524
1411,14c5e8e2c6478a39a60ec331ded610d38c7509ff1137b1752dad84630eb529c2,55.36210709876543,47.54535601851852,7.81675108024691
1412,4c1ebebbf3616dac2e5e6781b1154ebdce67501a346d8d379c64869abd5c4ca3,55.42812438271605,48.02198132716049,7.40614305555556
1413,f7b41d909306a592ab0308464fa8db42a4a9a80460ac53ea880d25f10cc139f1,55.68201296296296,47.58895694444445,8.09305601851851
1414,3a697116e4d84b74d6fb35ccb2ec7c77f335d5279041d360c509db90610856d3,56.46106404320986,49.13231774691358,7.328746296296281
1415,c602fb647f2e5f2a7196471544ebfdd62918884003e9b3d1f87b7838601f339c,55.78644089506173,47.6231074074074,8.163333487654327
1416,b09a449e6bc5dee1096a415cd641ec5aad5c79e6cfb709fe7b16e19c0871cbba,57.03407361111111,49.4401,7.59397361111111
1417,03f76da4c5b5620e616efb7dc9fec3a78d7d9b876e0104bfaf6842b4ef6a1db0,56.438096604938266,48.58627438271605,7.851822222222218
1418,6616d27b17cbdd5c6af2503207afe1092edcf112f0e38485feff40d3b6effe3b,55.05439521604937,47.925782098765424,7.1286131172839475
1419,87144f4ed2a0f5b4469d73c0a4b975e8afd4f15e08f9a9eddc6fd783cd8d264d,54.92750679012346,47.202572376543216,7.724934413580243
1420,21529f4182a20d0c0f6759c628ad4d3fe41fb90414543959cf423ad32f6789c3,56.972040432098744,49.75620462962963,7.215835802469115
1421,a1f759bcd0bef46474981eeabe8a988406c283f1680682da888aa33216f3cc59,56.37652762345678,48.688534259259264,7.687993364197517
1422,613be4975778099e986c6af8e8e3670a40fd8dfc0650e5576ea6f619d8835edf,55.70259089506172,48.75885972222222,6.943731172839499
1423,c4cf8ad75cf61a196f9d0cd3c3ac16fee1794d3ac8493f41c3e8172ab850a466,54.43375756172839,46.9985825617284,7.435174999999994
1424,e9eb6ffe7b4a8063dc667914ae029dc9b0fa13266fbd90e05d7f8a6bf9d61e67,55.08033148148148,47.296506172839514,7.7838253086419655
1425,1b5a9f7ee2fa8aebc785d0845e185782f7ecb7288f79c5e578769f86d0fabb02,55.931365586419744,48.8835425925926,7.047822993827147
1426,0a9fba364ce5fcd1f9fababa6033cbd12aa5fcd5773bd827fa46e97576f7c887,55.176981172839504,48.068002469135806,7.108978703703698
1427,73ccdd6441bed6f7d5d7c5751db5e8e4f7dce2d23b57445b80b25a07ddcb97de,56.17992422839505,48.52831851851852,7.651605709876534
1428,4117d0263268780b8ba75d64c275c01cd826dbe8ca4cddc29f40e78a5aeec165,55.65173456790123,48.67783981481482,6.973894753086412
1429,9c2ce00e6c27ed97443174e225a5ca49c058736d54fe3a086c5774dd6952aae2,56.29581327160494,48.50793425925926,7.787879012345684
1430,cc7bbc58edfcf7b912d827d19cf69cc928d26586e343e1f63d26bafdd1278e85,56.55372916666666,49.75588256172839,6.797846604938272
1431,0ef488551f4b33e2dc26ed0a35d1ad246b256b08dd862c2104d3991a60902cc2,53.615670061728395,46.183024999999994,7.432645061728401
1432,d4238a21470826be7c2694844897c971de52a8ce3a80ee9d8e89ecf498c117f8,56.090923765432095,49.08307962962964,7.007844135802458
1433,09f1dc673d7da9101b6a8af822449bcb52b05aedeb7726682750c0aa9d8eb84f,55.48345509259259,47.8911699074074,7.59228518518519
1434,6a663da8381f1fab454d16654824406585c52652134b250ad29ddbd50b74b149,56.109443055555566,48.866375771604936,7.24306728395063
1435,a49cea91f7bbefaf62b579cda849d062c56c0a99c1fbf963e89cd42f33351a3c,54.881450154321,47.23230432098765,7.64914583333335
1436,0b09b9becfeceb868bdd023e8b3e820db66dbee395af4097994b705b99dc9685,54.51479891975308,46.649917592592594,7.864881327160489
1437,df2fc6352149f56ea38486eb298195c386bc169286cf5bb57e13cd18eff81d59,55.867699845679006,48.52400925925926,7.343690586419747
1438,f032a3fff063ec92192ce5b8f921ef31b0a34b7ddd28912acd7ea275581197e0,55.25348040123457,48.359856944444445,6.893623456790124
1439,10825939dc10a1747dbdec2693c7feb5d42cf8ae61c11d5b6e275305d6ffa01b,55.888370216049374,48.08514583333333,7.803224382716046
1440,3871fc58f072c79f9fd644004fe78965bef91be592993e935e2e3612ac83cea5,55.42213348765432,47.95771697530864,7.464416512345679
1441,e84c7576ba469d5bba4c6055378b916d103fab15bd8e551fba26f4a26f307622,56.14488719135802,49.10143595679012,7.043451234567904
1442,a51d641fc8807bd903a00ef2dda9bb177876ae8e798e20ccee5ab3cb63cfd951,56.523692129629616,49.625088734567896,6.89860339506172
1443,32e05d7ec7d337d8a68c81fec75b30ca8d24ca0531d621122b601f2dfad7dc60,54.914526851851846,47.6151637345679,7.299363117283946
1444,65204bdad72fa9e1b0323f16ab60e2a98cd4c77407eb2685ef0d7423c7ff6c25,55.88032901234567,48.77150601851852,7.108822993827147
1445,e4fecf1efdd7ec26431504515610b14dca0141d2cdcfdc1a681f6cc75a3ed1b5,57.012502469135796,48.986672993827156,8.02582947530864
1446,dac3d4649d696e6060f191fcba2c7be2997fe897ee38a25a843b205fa6319637,57.61379151234568,49.439807870370366,8.173983641975312
1447,44da3fbc498ebcecc5326a2f689691e32d5b23ff75841db214a7e78ce4a6c083,55.558530864197515,48.068562654320985,7.48996820987653
1448,6d372ffbadfefcbb6a2f2fbe6eb0059be589c6927c0f502ca07193f183341380,55.97217175925927,48.23573780864198,7.73643395061729
1449,c4fe081be5a5334c096609a4dc6b4fab50c7534db3acf4a054c20d8aa202569a,54.22559753086419,47.8934987654321,6.332098765432093
1450,16a16399e45c83fd7f4d412da63dac195e53a8cd30b78c227164f446b9229d7c,56.33244675925927,49.333922685185186,6.9985240740740835
1451,2cb8ea8c8a9e5c853079f875730ba3a6d03cda3d60b024e7306c3848c1062f86,56.249733487654325,48.7668725308642,7.482860956790127
1452,6fa19025c4e3dadde7335ac9181aaecc011f6a0c520943a996dd935584cae777,57.62337453703703,50.080028240740745,7.543346296296285
1453,d4e11624511d7a469ab15e1cb17382f7b4c5ca62b4f4dd149cd62c432962c8dc,54.82576820987653,46.77466959876543,8.051098611111101
1454,e840b02e62bf9e365c2c6eb7ab45bcd7b33b577a123558c7be87883dbb8d7626,56.93898348765431,49.223237191358024,7.715746296296288
1455,988021dca02db7d7c695949ef88411941c895c9e7145930ce4c0980d51912ff4,56.6297813271605,48.88142916666666,7.7483521604938375
1456,024f497a3742a1397da9988aeda65cde90d22c22adf12ff33af61b0c8f296fb6,55.29035694444444,48.07689367283951,7.21346327160493
1457,ea0b398a28f8183b3838871ae235f0843321ac7a7467f658634a4a157a7ea875,56.13493950617284,48.63180956790124,7.503129938271599
1458,c7a0c2ac3bcd636c62cc6e400e520072d841b4479838c283fe6b1481dc9a9686,54.6088086419753,47.41350447530864,7.195304166666659
1459,01aeed0b9711e91810376e005b4a755a0507f4e1917bf9e441622ca486c97339,57.261577777777774,50.43966435185186,6.8219134259259135
1460,f58e2dffa299a700e5fa7d62bc4d3c19529cf7b6e26a8f36115f521d12c9cf27,56.61464459876544,49.530223765432105,7.084420833333333
1461,d8d418de6cbe1148fc588ae20c1c0edec83f3fd01018a16df12d7d2fe7b40afa,56.294923919753074,47.90612407407407,8.388799845679003
1462,8fe7b21cd7641a02d35505c6544387146811a702b12d1617dd9e877311897a73,55.93695679012345,48.25671944444444,7.680237345679011
1463,8c8ca6a3f6f1424aa5f76efe218df2b7330a9702feb5c68f63412a3bff09c0d3,56.385945370370365,48.52356543209876,7.8623799382716015
1464,4ebe0919ad9dc4cb6ee4459714a80f180d00ce95beea1a51542d1e2c8d161582,54.720989660493835,46.836894444444454,7.884095216049381
1465,e64938d21040c5a2919c6be9fe6dcb478a28e517d2882924662c1141bc489d87,55.41562608024692,47.954242438271606,7.461383641975317
1466,6521b7f1490d3fab0ef4c643b22ee3e6d856547a8e24eeed8917c07968a4c3e3,56.89177993827158,48.60040308641975,8.29137685185183
1467,3928fe59d252163e6ccd5f36a29edb4bfd05bf43d839c475d0bf15b33224a1b5,55.766143672839505,48.12767654320987,7.638467129629632
1468,7e281ecf0379acb50f1e1036891b41cfd24f3bbd624b33eef2bb5087a13a7e48,55.328085339506174,48.58407962962963,6.7440057098765465
1469,bce64c6b5b85fada9d42dda795e1786ea0e92d6c60d2400aeaf81a065d63341c,56.95877160493828,49.36320910493828,7.5955625
1470,c5e72c89307872982c6f1414343d47a576b1785db00668602a17e5156734a85b,54.86334506172839,47.214120679012346,7.649224382716042
1471,d3e9cb597b87ad4ff41cd7940b02bb9f1a5f51e5ad57490912736c5a355ca130,56.61583626543209,49.78445432098765,6.831381944444438
1472,6545a52366b5901986729ff756bb79fb9b9483c666b794543bafc41a272ebce9,54.71357793209876,47.673190277777785,7.040387654320973
1473,1a6df74afbf9bec114617f9e70d37f362f3624c29fe893cfe37168052d17f810,56.110831172839504,48.289941358024684,7.820889814814819
1474,dbea8ac376c2a2c5ee7f383f7a807e58b92032bbf31ae4a3c7edd285e1056811,56.58803101851852,48.62278194444445,7.965249074074073
1475,3b31d5a4286feeee425dd2870e21d96e80f36cd6cecf5af22cb8be0da123a9ff,56.90583564814814,49.6283975308642,7.277438117283943
1476,7b795f600aaca727176bf8b5405bbb539e4998dd28ae340da342889272f04d52,55.274258641975315,48.01390370370371,7.260354938271604
1477,c3159c5123fde737d72151a89674f5df682f605192939d3f14be262ef038ac16,54.14323842592593,46.87149212962963,7.2717462962963
1478,b7d860ec36926ff8f3cef10dc2ae842e65ad39d26f481ac9d3f2e17f187880f2,54.562322839506166,47.87366018518519,6.688662654320979
1479,7319a1d67f74be12d9326239fb550425cd9eaefb28b8642a27a5e6dfbbbc7ce2,53.81391388888888,46.143773765432094,7.6701401234567825
1480,3c643c02eb6df4fd063b44c142bab61f0217d1220f0c5007cf7ef5c4a0691517,53.541193672839505,46.786728240740736,6.754465432098769
1481,64c04b09aaa9b3c6dfa611000ec0c65b6b229df8b3c7247a062b68089b76a469,57.54115077160493,49.08251327160494,8.458637499999995
1482,0d532fbe2d8a5fa775ffc2bdb128f1199483c2209fae23d571920442c4c57882,54.30833333333332,46.25089336419753,8.057439969135793
1483,e799393f365bdacadf948fd56f8543f04b34a0c3ee4a228f9adb26d7c03fd41b,55.513739506172826,47.87680925925926,7.636930246913565
1484,455df9455e8208980a352746fd021212b701cd42eaf9be3329c17e38b98c16b1,57.49711018518518,49.825004475308646,7.672105709876533
1485,b179d6d661c28f2d013eb295911ce5d50bb42b86781c88dafb2fcd124e1fc5cb,54.52815200617284,46.85344552469136,7.674706481481479
1486,7ea0e0a6ed59e61457b15bfb9d52afdc012997d758502ec278d97e7fd7c18c39,56.471333950617286,48.7397225308642,7.7316114197530865
1487,a50d3bbd4ef4cfc1ba20289db8e7800e2b1caccc3c8b408b1741d2a06fafa2d5,54.678432407407406,47.061825617283944,7.616606790123463
1488,6a41fa96e757264941314a9e183679e02bcdc30a828352dd7a6924f57bfbaeb6,55.66927824074074,48.23738981481481,7.431888425925926
1489,b7fd06be9383ea2dd5aacca146c24da6df876df1d534e32ea1d6d9f39c9b227b,54.984024074074064,47.01716419753087,7.966859876543197
1490,d0dbc33636af49f8d4bc38a90b76313a3de47e2e116200fdb3575aa480110f79,55.24310061728396,48.04182160493828,7.20127901234568
1491,9cc31b2595bbbd8de437d136f11d9c512d5a70b0d74f8fe11660a219d0e2eaa3,56.89685277777777,48.768384259259264,8.128468518518503
1492,cddeb248a4e44dfea5612da8aaa50d9970612baaba0995bf4f42b2e3a183bba9,54.93467824074074,47.14056203703703,7.794116203703709
1493,a20d72faaeb4e38de97cea608b8ca72e4e4f2f1abd0873a55d3c62e29c8c3b2f,55.54972160493827,48.172595370370374,7.377126234567896
1494,a30055153ac400459230dc1e209b7c5865373dfb898a913a44eae084360fab88,55.6029561728395,48.962595987654325,6.640360185185173
1495,653d0a5603b846452b37b4f953f3fcd2fb19f5d71040c3efc5a43f1ce7923ab9,55.41897885802469,47.073455555555554,8.345523302469132
1496,091c950ad38caa8d36e709adbc344d0eff414db84d5e48aaf9f881fe54916c80,57.01530570987654,49.250185030864195,7.765120679012348
1497,b93702e481dfde9df6cafc74b74def1bd025162dd7d46b989f4f6e15ee87965f,55.91160462962963,48.01508796296296,7.89651666666667
1498,5d09435a9e6124100d07444cd8bcfbe03d400587343350cba5db12467b784f6c,56.37104953703703,48.548476388888886,7.822573148148145
1499,c5b4429cf15aed871409444829057387393192c272bdd57e4413a65f129f1c36,54.25862716049383,47.37349182098765,6.885135339506178
1500,3140f5d40b9474f3b6afa213138a91b3bd058bb24e708b4aa4bec3934d3b5617,56.656426543209875,48.976297530864194,7.680129012345681
1501,5566549ef7e79dbae911debdb36343ffee7638658e690652c162983b77573a12,55.28896496913581,47.84821790123457,7.440747067901242
1502,3cf0186a09ac0d2c6cba5b998e2c49989638ea957619b6c4be9f0b3f040fa1a3,55.510422993827156,47.637573765432094,7.8728492283950615
1503,fa790f9ed8c0f0b924fad91a7572eb8d9580a78b49b4c780e35fc2ddc61dce78,56.355288271604934,48.637715123456786,7.717573148148148
1504,acfa97769bdb381b4f4de574f4006b37798c8075796468f34250610eac760da4,55.754391820987664,48.292778395061724,7.46161342592594
1505,ccb8be0e1a9bc1248e1982472f6174302f652af722d3b1598b3b6e31143714e8,56.05885910493827,48.542103858024696,7.516755246913576
1506,c7b947e58053c983c3c16217f83b40b3e96375da43f33f471ad26ef8e83aeaf9,56.412299691358015,49.598618981481486,6.813680709876529
1507,c525372348810bf6115c54733a7a8950ba6d09d9e1d97d1aaeec9654ddca6917,54.7629487654321,47.59914953703704,7.163799228395057
1508,4d6388c1898755c9aeffb35e418569cb572bcf6431d97be2b474ba8478df99c7,56.62433348765432,48.555859722222216,8.068473765432103
1509,cfe64f5d1db0fa99ae37ed8e8332d0eda26c3e569da9baeabc2cae67c2089cbd,55.01682407407408,48.51256342592593,6.504260648148147
1510,6aa561f585bec7cea220ce5b97679a26411cd8376ed1264a9cd67b6461600497,56.92190077160494,49.3113086419753,7.610592129629637
1511,86ecfea2e43596ebd6c6560b993025001cdcbc9a7c21ca73bbedf16fdcfb6115,57.57423179012346,49.61451311728395,7.959718672839514
1512,3c1d325a4c24630d8a0f84ae54a1390d36d6d7cabde2b08fb48caec8fd432aba,57.09650771604939,49.818241975308645,7.278265740740743
1513,51f7a8a67bb906a5c37e2bfd02f8a66dfd1b68f4076debe50c38a19023dbd997,55.58021882716049,48.28221589506174,7.298002932098754
1514,bfb4742a375a8f33fb976b0e27657e471a6d69e1b2b9bffb3ceec3e0b5d026b7,53.1713311728395,46.175728858024684,6.995602314814818
1515,14b5d3fde435b7c156d98eac2039a43af2a8a6fe908547fc4cdadc4039242443,57.42382191358024,49.673447685185195,7.750374228395046
1516,f261a0381019660d2447f6a85dc55b9295b082428a890a2796d683ab00f2556c,54.784042901234564,47.15448194444445,7.629560956790115
1517,6e8e8046da0bf67cc1237e562cb36ff21dc023f1ef589ea51ecdbdf51d351e55,55.643797376543205,48.402564506172844,7.241232870370361
1518,a8f02c64e38a5f54ab387fe1130eb059367722476083e49964117140f0b2d083,56.038387499999985,48.70433441358024,7.334053086419743
1519,c420ee44d24e72ed2a71f28fc308e02c0004f194a562f0ae096eaf35b4abc449,55.616348302469135,48.47351280864197,7.142835493827164
1520,f71890a1ab2454cabeb174a4b1125443b4c79b6196277db3cccb2d57e6ba33fb,55.93956543209876,48.60372391975308,7.335841512345681
1521,25d865cc9cb8c7b806e97d02764739e6a9feb305b4a881edf4927b774e5ead5a,54.993241975308635,46.70669722222222,8.286544753086417
1522,0a0f879f5ea8987b6761ae59a0e71764be16ede0a2cca3e2c2587d83c5d2a6ce,53.991471141975296,47.094012962962964,6.897458179012332
1523,d6bd6663b8d9f636ee45963179af812417458de40145f9a98c713a548e41937c,55.09428595679012,47.36055864197531,7.733727314814807
1524,417becf56f6bd59bd7260452de9167369aa20650ac332c6c27fcd7a4335ff5f0,56.4406611111111,49.24236404320987,7.19829706790123
1525,b7e933debd805ccedc683a8420e8b57c4378af02a3dca7d282e6ec6e5052d87e,55.89845308641975,47.909687808641976,7.988765277777773
1526,29b6f66f321bc26ba9036abd3f4abcee31e990c2ec32cdffb069f466fbf41c1a,55.17270586419753,47.7693512345679,7.403354629629632
1527,cfcf5559f3f764c5a19f8dc22484cf37e1d3ff736ce3b8904aa34dca6094fb21,55.30841188271605,48.02698055555556,7.28143132716049
1528,1b0218b80dfeaaab339ad693c5edf5268bd80ea3f0c227103350ecda83969dea,56.860946759259264,49.43920401234568,7.421742746913587
1529,1e4e7c100fe354ba6b472288ebad1c7b7ccfbd53168789df260dbb8a966739fe,53.83001481481481,46.68613719135802,7.143877623456788
1530,15521cb5e3322ce9117f509ffa8480f2fc35ea9fa00835429f8143b3a4b56db5,55.01915432098764,47.69751327160494,7.321641049382698
1531,557f42d8261a88561b143dd7708412a7464fd606eadd38565cba30c768a24b17,55.982093364197524,47.86489398148148,8.117199382716045
1532,88c1b1ac89986b942cf30861df46d5e1ca3b318725bfd653f7a98cf02b3d2964,56.44569413580247,48.015948919753086,8.429745216049383
1533,7d20bfb2c93b1e261fef85977bcb2268470e8382994b3ccb5263be50b35e36cc,56.48302237654322,48.562924691358035,7.920097685185183
1534,ac66cdda9ec3ee3701796b90c53dce6fae4387953f328fc747f5e3d3fda4a196,56.83192901234567,48.926770524691364,7.905158487654305
1535,42fd12a04853ac978f1e83fb45af7bfe2710c025096809fcd4d2c21ff821341a,56.297980401234575,49.12148518518518,7.176495216049396
1536,1714d0ff5643f9c3a7e734ad66f3aaa227cec9fb498dc7a4ca40a4262dd36148,53.36774166666667,46.9309350308642,6.436806635802469
1537,cb8706bfec6f3c45cda08fb11d6254f0d18e7b4c15fab50c006fcef15355e79d,55.84754490740741,48.258351851851856,7.589193055555555
1538,28cbe5a3295c7e6184f0b003f5439158d7f3ba21b99938c1390c0e2deafc802b,55.54955046296297,48.3805774691358,7.168972993827168
1539,f3eaadf4534202600f774bc8a585f1bd9df44f4c280faefdbd810621dea420aa,54.549344753086416,47.491891820987654,7.057452932098762
1540,bd8d95661a3444dabed186446fbfb9d1b62e789d963f0aed857706e74ced296f,54.865582253086416,46.9120612654321,7.953520987654315
1541,46479686f6d8a2c0d261bed846888e8dc54bd2b0b690047786a79fdbc0d47301,54.73210586419752,47.74487932098765,6.9872265432098715
1542,6693c254333def8b44e5ab26c52410d5645fd847bdb83717aec8ab72d59b1222,55.790896450617296,48.71479768518519,7.076098765432107
1543,6ba9781bdd82391a03012812ccd061274cd979483d1278bb6f4163838bbc5d1e,55.93827391975309,47.59549012345679,8.342783796296295
1544,2269f7baa96dc7bd802f3a2935766d73febb323eddc8267760a4e54835615110,55.246527623456785,47.23066851851852,8.015859104938265
1545,67759fdfeb93da9f4dbcee2b62dd53301dd184edd39115be0bf6d75a07a5df14,55.1718862654321,47.28548287037037,7.886403395061727
1546,0214da3c8462744c407bf0c3f495db781eea2529bdc33cc8f79ec1918d0fe054,55.22917484567901,48.21153950617284,7.017635339506171
1547,8ef85173c6eddf0074f4ce45bc7a0702386cf9da1d1bdd4d7a8b1e94bb72073c,55.9573012345679,47.10817654320988,8.849124691358021
1548,9b06bf8fcafdf0510c134ad7f8e44d01f59693ba1b4cd0cadd7d538879882b12,57.74757700617285,49.94599537037037,7.801581635802478
1549,5bec329f7aa30186b4a58cf55cbf5bfcd8aa5cb006d2684f423bb6b448bf9de3,56.911041358024704,49.33439151234569,7.576649845679015
1550,0d74eaed43bf11ae02a235938a229c070fa13283ac0d15a4f021242512beeb12,55.51843055555555,48.39244089506173,7.125989660493815
1551,5cea9c32bbd1731ff3450c2c4abee68757b3ea2bfd0e0133e22945edffdaa6af,56.33933379629629,48.612605864197526,7.726727932098761
1552,08683f6865646d0836b30370f2d018d90903efe2d14033ffc655d2db16649f76,54.83464382716049,46.474308487654326,8.360335339506165
1553,5e873bf5c647994f4a58a0753de1a17216b2b1b3c33cc7474528b8445ab9a168,54.541193981481484,46.47487345679012,8.066320524691363
1554,ea5952fa160515ffc9829dea7b0dd6f0e2e88f741356b0c3c5cea184dc674cf8,55.66977777777778,49.03537314814815,6.634404629629628
1555,21a186469dfa21f94a27cfbf570eab556d1752c2c1e9d0556955da842ba72c71,56.51857777777779,49.067914043209875,7.450663734567918
1556,9ba2f0ae7b978fc511cb7e521f31c597e5b716e7c43f453f7bdce77b84c58031,55.84264675925925,49.18363179012346,6.6590149691357965
1557,752d17e74e9d601c3f8fe6bbb9313d13a9767b3c1676ac8d10317f165291f643,54.474760339506176,47.471963888888894,7.002796450617282
1558,daa3cfec99bc805fdf7c4864f9c5a838c819c91b32e29d64f5e28292b2fc7696,55.327371141975306,47.27729691358025,8.050074228395054
1559,ab7b143e212eb5da474687163e717af89ba895746069ce3736bec4df2eee149b,54.53094043209876,47.42280895061728,7.108131481481479
1560,1ff18ffc4c3de26b25192f8208ae49e9af188beccf246bbb481ba93e7318e21e,55.643612499999996,47.5044975308642,8.139114969135797
1561,cb477da23a560577419b1349e4782e30966151eb0c4bd791e1d2ae11b7e87941,55.959950308641965,48.625144444444445,7.33480586419752
1562,a3f45670e6c31b2cdcd73efd05347198f3f9d630de3e953a80df570e5ffe97bb,54.611379938271604,47.42100138888889,7.190378549382714
1563,820e6ea7d5a2d8e38c47ed930fd77401e4548c7242584d6a300dae7e9ee87906,55.164206327160485,48.04266450617284,7.121541820987645
1564,21898ba81229931d45dc8058e40da4b024c05b01049c7b5ad2a94f0267170bd8,56.16266049382717,47.87754151234568,8.285118981481489
1565,17819cdc65ee70389395c01809066fa361e75433dc18298d06c159e0d9d2f040,54.59968271604939,47.44994814814815,7.149734567901234
1566,2c225fe137d5512b97728ce023b011ed2f984307e49491d857c396455a06e773,56.85621898148149,49.52104490740741,7.335174074074082
1567,a38430f39c7afc0ced38d84982daa62c8095cb9e23bb8087846fd889efde9905,54.32258950617283,47.41152206790123,6.911067438271601
1568,96e7a56991f312d4419149519b017e2cd40b7dbbf8c6013c90d277f1608f1b69,56.54068873456791,48.80217098765433,7.73851774691358
1569,ccbd3918c1707e2c41960d3a3afe03986de56e8402812065ae3b2404e43b5936,55.364645061728396,48.12526913580247,7.239375925925927
1570,bca68f2431a9336e7b5f173b8f29e29b51e292a971ddc33a2cbdcb696b71c5ee,55.32019089506172,47.69513827160494,7.6250526234567815
1571,0a2205ecb53ddd807a2f89fe9a91489ba2cd154651e0417be18f652413f77428,54.36989413580246,47.0454811728395,7.32441296296296
1572,a507875d153a4add18a7ff6ada56252604f2016080594bce6089f5aa1d1906fd,55.091808796296306,47.699307561728396,7.392501234567909
1573,b8c8b8d476bb7c80ad7e43af4aed92ccd589d55a92141fa589909c44bd554ae8,55.754013425925926,47.56595246913581,8.188060956790117
1574,1e060ef3b612296c73e60b707f2c87c9385ab5605a8a91aaa7322601de2f77af,55.582794444444446,48.75905570987654,6.823738734567904
1575,6d004bcf8b3a7d09b1f172646e24b53d275f59acb84424b9a0fa1502719fd234,54.20654814814814,46.689425462962966,7.517122685185171
1576,94119cda5caede75bcb96df47938502d9cd5b668000b236dabb6a54ebd5587e8,54.78024737654321,47.79284012345679,6.987407253086417
1577,31d8fa3c6528be5133ed89b0458a2647a7e351e7e9b462c88c48e17669a85838,56.320725308641954,48.9300399691358,7.390685339506156
1578,80b720497f6779c6f390b6f8fbcc7224c6e4af597e05e9068de06ec01cc0f2ca,55.83154722222221,48.63839320987655,7.193154012345666
1579,800877ea192cafd87e233181f5744d0a53cd52cb2ceba190a2835ae3197a576a,56.888016512345686,48.89559027777778,7.992426234567908
1580,e8b4d8fe8084d60d979dc84bc4e3ae398762a36c1e8e2ec69b476d2e9a4dcfe8,55.12091527777776,47.700871759259265,7.420043518518497
1581,e1c59ac7a32ba29257151c9a9f2f789956215852400f2153b85fc29fe32f5497,56.04298271604939,48.2596450617284,7.783337654320988
1582,bf94d6dd86e0694712d07c67b546d631b1ba0884a080721b98a042e7208cae0b,54.47963688271604,47.39954506172839,7.080091820987654
1583,7d3ae5709b03e5ae1d5d70d5d35f79aa0d5db47914b35bc34e683bde07b2129e,56.818482870370374,48.67418688271606,8.144295987654317
1584,b46c158ed0697c76d53cbf1ef8d9ca255c4ccf05de7073dbb10ba4baf33aa08b,54.41509953703705,47.468945833333336,6.946153703703715
1585,e7dcde23c598af49db3c2b31e7e010b7f805b84603ff89127f9e318afdf01573,55.36146959876544,48.31551527777778,7.045954320987661
1586,4a19a57822dd08a4690886713c652ba28cd684fe9e79849b833350fe1f4161c9,55.22424166666666,48.25100185185185,6.973239814814804
1587,d3bc804755549929f3087c1fd22a713f6343393637641b33b3b9cc29b365337d,54.9964887345679,47.42868996913581,7.567798765432087
1588,df5750fb1b2a5d1d1bbc76e9dd21f51064442a7584d6f2810ac6d33cc91a625a,56.493841049382716,49.24946836419753,7.2443726851851835
1589,6ce61f09074e0f9016164b4d458cd919078ba928418c0b7b0b64b48a3d5892fb,54.97759182098766,47.5556362654321,7.421955555555563
1590,ec657e8e74d1c40d506610d2ae7d640733fe6ee065f9962b12a3273f020f125f,55.4695598765432,47.86895354938272,7.6006063271604845
1591,a9049321c16dc8194860600a3476229a5f5ed49479e53ee01cf7295019c30705,55.79701635802469,48.50565324074074,7.29136311728395
1592,a8f4ab4089e4da42e788bd81e1060b6929466312d0d8b9f9a04750a0a3a7326b,56.477923611111116,48.233018055555554,8.244905555555562
1593,8845e0a43c26ceed5c63fb116bb39da0653027776040024af3c48dd6fc0711de,55.55263919753085,47.528910802469134,8.023728395061717
1594,43a49730d27bee88c25acd67262381a2400c8a8b8fe3415e740f5e65803a32c4,55.3474236111111,47.829601543209876,7.517822067901221
1595,8851dd995effdfa5ce80d5dcaab4aca04c6c0a4a823f1762f2d84cdb4c9de50b,56.31144891975309,47.96250879629629,8.3489401234568
1596,e7c256d05bd52bb64af1e0e524d1705ffa4df39d4ee2c6c15c8dce80ff8891fb,55.87948040123457,48.99934583333334,6.88013456790123
1597,325b2401778cf9c271afd1aeefc079e144a8c3208da6cb3b9e2db53d251d39d1,53.88124475308642,46.50459305555556,7.3766516975308605
1598,4fb0fcfce74e1be677bc0532dcfa7d43742a5c38f7d79ac6f366a7df83c19faf,55.994464969135805,47.71854891975309,8.275916049382715
1599,333c2c8fb4b216719cafc9d8e7176dd6fce4535a3564c8af42c22c1c3398ecfc,54.74267947530865,46.76833888888889,7.974340586419757
1600,5e7f8b930d11c0a09f0496f079c93c10960aff4f11c1d326a437f8a4244e82b2,55.58591975308643,47.95831064814815,7.62760910493828
1601,4af40a069bdd8d5224b767666905c2f3dbb30d0ff878c37a4ae74622e42c2730,54.676971913580246,48.34053179012345,6.336440123456796
1602,27578536dfb2a4e89a89a06cb9148241cf032ac00a09fa3e17f607521728473c,55.807808333333334,48.39997808641976,7.407830246913576
1603,7f7040c8e0e69d74ec103dd8ec5baaa68ed940e5e9f1ed95070e0120ce5bdbfe,56.536975154320984,49.2350537037037,7.301921450617286
1604,a0e3da50e34ea4e59eddace2879562c8b8472141f5b8a8dc19ce4da922565626,57.58473425925928,49.83373533950618,7.750998919753101
1605,68d03c60cd59b2d22594e2c1e3bf1d287e56d84ade53c9e462bb8302a888c5df,56.63331620370369,49.64818317901234,6.985133024691351
1606,610600fb12e10a1faca35acbc30b21a59d776a825644985f77aca2d2dfe03460,56.94264645061729,49.18676836419753,7.755878086419756
1607,c61c93ee5ef0a3ac4c9fe711775093441f64e6dc18d280b9d089f0713a74f9e1,55.659793055555554,48.71631682098765,6.943476234567903
1608,eb94c405220d77e3b0f0bddde222dfa3b79e6290a805c0d5cc9bcb57b0c2556a,56.53606203703704,48.703374845679015,7.832687191358026
1609,225b66609f458cee4be402215cd8f3d6c22cf57c6b14371a340a8f08f72c46be,56.541648611111114,49.43115216049382,7.1104964506172905
1610,5f4e0270d244ab1356e92434443232da9419c978bc90aa259cad31219bba7cc9,55.92901527777777,48.693830246913585,7.235185030864187
1611,8aa0e6b3c2a6b33fa0477f74b40393c36888db97366900bb02e9fe6f24546178,58.703214814814814,51.1824399691358,7.520774845679014
1612,d1f79d92f05bf834a4643e276cd7a281f1ada7900338a7960a11e529a5671561,57.147128549382714,49.69716265432099,7.449965895061723
1613,49adf90c995213df371c047f14796792ff54c9a1702d9a7fa5adec62d6e0ba6c,56.39226358024693,48.755526543209875,7.636737037037058
1614,c0bd9d559a5963757f8ad7395486961319fcc32c09ee4539a3d4f97e1fe2d18f,54.78156697530863,47.244807407407414,7.536759567901214
1615,84d404dbfd09b88ef37d9052cafbc4ba365511c7605511088361748cb429aaac,55.56351712962963,48.73484953703704,6.828667592592588
1616,2b54965d5ded277346b190dd6ec05470fa5be577f90cb228ad3d4e369ebbf426,56.800369290123456,49.02205771604938,7.778311574074074
1617,5e4604e85edb10115c45bbca96a759744049988fbd06d4ebf98249dccc26d286,55.85217993827162,47.94222901234568,7.909950925925941
1618,c5cb727bbd248bbbae1655c4596ce518f48e80eda46267ba75264d3e98888fc3,54.80799768518517,47.71748256172839,7.0905151234567825
1619,c16bce1f2e27893509b1b0441e12bc3b2f9981c6fdcd7c7ac59afb8a353797e4,56.096843518518526,48.174996913580244,7.921846604938281
1620,131aef7b9b1e8b3b7a4d1cbc369dbd20c71c7af68a000fb97ebc8a506a214fd8,54.504236419753084,46.79318086419753,7.7110555555555536
1621,7dffa87441325bfc5a3fa8ac3e7663a221d48b012c7438ec0133d1bb4971bb38,55.977023919753094,48.47529135802469,7.501732561728403
1622,7f15e43bab3cbde8d9664a5fffd0ca3947f249b768fcb6a7dd6754de27918854,55.835867746913564,48.62445185185185,7.211415895061712
1623,bc96d2783673777dd613f0e173736feaa3f85997c16a52722b2b23a9d2176e68,55.90953626543211,47.594352469135806,8.315183796296303
1624,428aa4049fbfb3df6e57cd587ab4fafabd720130c762a844caac22390b533b8c,55.71420478395062,48.215612962962965,7.498591820987656
1625,84bf7eccbbc4a6dc52ee7469446ca8c4fe1c8d131b4c12e242cf15b1e80f028a,54.878530401234556,47.05541990740741,7.823110493827144
1626,d0f7e7df49e6a9460cdffd936651d68deb0043ba3026af99866b3b2ee4b618b8,55.52345077160494,47.75340308641976,7.770047685185183
1627,2ade3de7368107243d9a6ecb3b6b5a576551ec7df759743b8b91fd831fee1c49,56.04229043209877,48.69572608024691,7.34656435185186
1628,3257c8b1a48630ea2edf530cf01a8b0499534a8d3d3409ab3f937ac6a6e00eac,56.880885493827165,49.994943364197525,6.88594212962964
1629,37f542f42e8b07573b7efaa837d66f76fb3895237e4e33f1992435250cee437c,56.41524814814815,49.336241975308646,7.079006172839506
1630,699e309a54b9c83da84a397af756e866ad267f6a427239d09601e49e052a1433,55.63235401234567,48.57233456790124,7.0600194444444355
1631,acb33ac7fa3fb7ef73f2b7e0d89eefd16e08250fb8a50d2adda5d40c1b6ee82b,54.97796712962963,47.622816975308645,7.355150154320988
1632,4f4c587e1b05de2b4b11b3a9d90f0fe0fc0b3de6a7873896e0a1abba2c862dab,55.85271496913579,48.415732098765424,7.436982870370365
1633,8507978a17a33b5ed11191df7ce8dd9c37cc7b1c6bb3d75e32a1c90780a1075d,57.17472083333332,48.81476543209876,8.359955401234558
1634,7847bf7613c242ed2134adb4d9a155d1c0cc06fe85b1a40c7592bcf8f9b5bf66,55.37125925925925,47.5150899691358,7.856169290123447
1635,bf545775d6b647beafc8ae0762aebe36a5b6e53a707f8a940b176822723c5d1a,55.43947577160494,47.93676558641975,7.502710185185187
1636,f709f7e34c74f569026b826ee57aec3166ef59c72b51dd99113d803ca0de0d6a,55.16862870370371,47.28981898148148,7.878809722222229
1637,b01ff6cfdf3f18612daeff8b234d4cd94be261946aceec0c513f783985e6fefe,55.72885123456791,48.37128641975309,7.357564814814822
1638,50874d7d21f6764f8ee18f5bb284e0e067f934353a2b9dc0750dca15abce0b7b,55.07217129629629,47.845391975308644,7.226779320987646
1639,88b5a0fb5bc40c4749de73926ed62b94ab122dc3b03678bec3b4a4093a6e4f46,58.54239938271604,50.53902453703704,8.003374845679005
1640,08df8cfa24fe79a91fb9431371e2c6716784793c415d6d833efd5ea9e25a769c,55.31307870370371,48.047182407407405,7.2658962962963045
1641,8e9be407b11d01c5a8847019b1243d97d3c460a84aac51a2be39d3eff143cda2,55.09507052469135,47.73832731481481,7.356743209876541
1642,28fd881e5f343a161b0d44b8dd7a4eb58dd0b4e14cde294e7447a1b9cd53c614,55.746021604938264,47.88798904320987,7.858032561728393
1643,aa4b90801475e42e4b63b0d7b30ea9ed5dfa4374633ebf16f60e79308f52e4d7,56.27145694444446,48.68520478395061,7.586252160493849
1644,165ad88e37b89ad829d9d2cb5bbffb084a31fbb1288f3857e8d70caee910f378,55.26987731481482,48.43999675925926,6.829880555555562
1645,d5d928414de4a88894203ef1c0558fcf25a4ecd1e703a980bf3064a0d21761e3,56.16359675925926,48.30001018518519,7.863586574074077
1646,d7cf3774089efb27d569f616b3a3571b81bb293e815e664f53690a0e0ab19884,54.19872330246914,47.23101604938271,6.967707253086431
1647,f690d330e41b48a9f67150591af026ab6bd5c2586117b55d3eaf243fc589d403,56.60350015432098,48.51988333333333,8.08361682098765
1648,ba7d796978eb30bfe805201ac655ff3480645840d73883ad7b53fadb24081498,57.707708641975316,49.98653086419753,7.721177777777783
1649,5c06694e8f1a1ed5480a8bc8ce792434b92eabf81c5106d5b8fad3189f18fae1,55.70312345679013,47.68893055555556,8.014192901234573
1650,b139d3394b45d17ba685b602fa80987b5e0d62afe48e288639e13eeb5ec84f3f,54.58207515432098,47.41714243827161,7.164932716049371
1651,60f05674dfb656c48c15c07f1e2154bcd77a32fd74687e487ca3df27a86eb340,55.295364969135804,47.90430987654321,7.391055092592595
1652,4ec8c79dece3703e39d981ecfe4871098111beb403d912cd0ce7570395c2c4ec,55.63367345679012,48.34783966049383,7.285833796296288
1653,7cecddce2f0fe2fe536bcb8d727f673fb3ac110963afa6259f277f651823d9d0,55.86371867283949,48.62210108024692,7.2416175925925685
1654,c09b169f96245d70b87574bb391c151524499e6438342c5fc46c1d40576f984e,57.43765293209875,49.50111728395061,7.936535648148137
1655,f0c1dd4ad7e829a359ce5d86764bbdca616c5bac8e4620a5e98b0b8a8533f636,55.639287037037036,48.24808271604938,7.391204320987654
1656,9ce827a9dc12540a7675fb5d2f85af1e06ed60bd6c788ef5a48db8e08516fdc4,55.05750030864198,48.22125864197531,6.836241666666666
1657,1a0b8684684beb2f1386b951e2f1b6cf29c862d6eb1c62c64fceea65fb0e97c7,55.200460956790124,48.64875802469136,6.551702932098763
1658,aaa03410178dce7ac4bbb10447a90702259e8ea637768550eab11bdf0c4e8461,55.52836944444445,48.442350771604936,7.086018672839515
1659,7291eeb0ff859c44ca8f06e530c455d11e3b6bb1cc3385e10679e6c24697ee0f,54.75585015432099,47.9214112654321,6.83443888888889
1660,55585f2c8fd450843d31e271db0ef0f4dcc96c7bfbc8c2a1a2c7aee96d16bf52,56.597299537037046,49.46476558641975,7.132533950617294
1661,baeed92db9f2f3f8084024b8df01e242a848482b640bc2fce15d61fbc6ed4ec6,55.256113425925925,47.6482137345679,7.607899691358021
1662,4cecfc07714adb2d28dff7b41fc261b42b1320d94ae38202f1e50f4f616e56bf,56.121636419753074,48.1411549382716,7.980481481481476
1663,2641e1ea282750cf2b21c65aad2d2f4a11adb1fd3ba2be65dedca39451a1c7dd,56.18427391975308,48.730296296296295,7.453977623456787
1664,060fad0b84531d71ae6808253d3458a92ea87cb6517607b14e0b17c13d4d7242,55.79502731481481,48.723437808641975,7.071589506172835
1665,f971b885d09267ecdbfc37da0908f6fd9b617b32b68010f6f63fd59956c7592d,54.316990586419756,47.195513425925924,7.121477160493832
1666,ec81b3687b6fcd2e7d0653f8fa7e46f298f7d11a5cd3ce6f59a6c04463d62d83,56.574602932098756,49.49828688271605,7.076316049382704
1667,f97584f4959465344489d0595307bb5a49e564a7a7f4db7a81cbda569cc261fa,55.48774104938272,47.71175015432099,7.775990895061732
1668,420a16ff69c48fb13d86d01754f4c0d42316941a361ba015d1b1c49955525749,55.468921141975294,48.2145524691358,7.25436867283949
1669,f55c523f4fbc638b371d8b218dfd0886eece6c094f0b1c5f20e06640ca7a229d,56.404551080246904,48.95452592592593,7.450025154320976
1670,4458ae48ba91e87c569118a7c9a9d813646a4e7599fd27b046eb6c82bda59412,56.43284922839506,49.545487962962966,6.887361265432091
1671,e81f3be6384e203b91f7f67b4d941318f1848f39f7abcd789aafc7ba14599723,56.564814351851844,48.647708333333334,7.91710601851851
1672,5b7a31397ed423c0286e6d5f0528d02c6495d2dd4003cd85a426e88f2b8646b3,56.03956388888888,48.44300447530864,7.596559413580238
1673,2a0fa53a59459a92bde56a7c6a886b5f351f5964998b2fe854ef3865f6d018c8,54.97261296296295,46.94870061728395,8.023912345679001
1674,94dc40dfc179c1dba961c49ace6152bda7eba521326321e9939709607c9bf997,55.96513580246913,47.93163194444444,8.033503858024687
1675,84d68da76885ea5a406832ac308ad022c37ff7783648927b006ec007b85bc9bc,55.544140895061716,48.587476543209874,6.956664351851842
1676,f9520ce4eb6a62c19a88ecc5b72fd1b8f277ee8d579963c55d4bbc23d8c5d23c,56.09221558641975,49.07091743827161,7.021298148148141
1677,23aa5821c41603cfcb9e7784dac0ae3c046388bc83af2947700af63581be3cbc,54.89267947530864,47.96874089506173,6.923938580246912
1678,3fbf98fe219c8b2967b348a673abb50cdc79d8d4221b13bd31ab0e11cc650e5f,57.12347253086419,49.03869799382716,8.084774537037035
1679,d032c264e0d883a92ae9bf09cba4627bb3e5a6efad0eca2729fbc53cc5aea3c3,54.828935648148146,47.23512067901235,7.593814969135799
1680,3b4fbb473e9ada580216d86bb28ae3fb76f17314f40ab14c8a72d39c5d8cdc43,55.23803364197531,47.69746172839506,7.540571913580251
1681,f301249f6916098e5bb8e33567485bf15c98a3f1de7ca6e0f1168f7f8401495d,54.84442453703703,47.251467746913576,7.592956790123452
1682,168d33724ecbdb0cb6cb32a2f14f321851f0d92ce013caa559eb4c05197e525f,55.20607669753086,47.89469290123456,7.3113837962962975
1683,7228be78ed7275d3090aa1c09223b71fa7d0b1df626bbc079577b70f6df7c12d,56.241902623456795,48.47523780864198,7.766664814814817
1684,c55af59e8b78d31d93454bc70290256f5b453a2ad550872493cf01777518ffa4,53.24274459876543,46.534291049382716,6.70845354938271
1685,a47f6fa4bd857476123072fbd4013b938422e7ff08f5069bcb92a2d3d7209b74,56.37997716049381,49.65916018518518,6.7208169753086295
1686,1b5ea1f6b3411a530b0f908d9bf763cdf4e150d67aae2c46260c6a3c321bf76e,56.634235802469135,48.51907716049383,8.115158641975306
1687,44bd3fbee280396eb1b5c7388140e72ddd55b0c675803ab7383e49e17cfa66ad,54.73960925925926,47.41090308641976,7.328706172839503
1688,86827570349af322ffffd85d61e7ee6c1be7bb3dc6b8824a4ce2ea5013b37cf3,54.93842808641974,47.78882469135802,7.1496033950617175
1689,e68d47f9cc81c392320a9facf6c41a8fd4f5d99881d273ef6836f0809ef7ea59,54.17577916666666,46.4480924382716,7.7276867283950565
1690,a7eb34a27bc69487d0d07338220c3b06e614db311025d607d4e03de7c5b5882b,54.83710895061728,47.49041728395062,7.346691666666658
1691,9444b0fb9a6460d14d565b6b3b69355396c18ccc84828b9c4dcaa5d4028b98b3,54.287570833333334,46.435970216049384,7.85160061728395
1692,664d1ed13460d66250f0355c78061def14799ce467b44f1ace65e2ad5f712685,57.09271635802469,49.71493981481481,7.377776543209876
1693,bbed8802ae45822712a8477951bc8439fcecb307ca607de38fb8acd6fa542b63,55.42769953703704,47.82311311728395,7.60458641975309
1694,721ec1906e4a89213774c4e243a51fafe38ec84e19ee8eb2d9fe038ddd07732c,54.59962608024691,47.70891512345679,6.890710956790116
1695,a4829011c21fea2a9a73fd622e2f85c7c8e63824fe131924d2f1d29d06366acc,55.622012962962955,48.06256944444445,7.559443518518506
1696,b81b998f484d006f40e911244281bc43ace3ef5a1e3a22758be4114fb40499b3,56.444020524691354,48.98357962962963,7.460440895061723
1697,17a0892de71e8c37a39fb8ece1f73a0eec5c0f3bb1e4ba3e643d5c22ad2f4dbd,56.91312685185186,49.71685030864197,7.196276543209883
1698,59b389b3ee8a5499d8ad265edf377653dd2b25bf0e9d9231b54a78c1bc3bbf4c,55.00272268518519,47.56332098765432,7.439401697530869
1699,587988254c83e29bfa824eaf249b039f9d5c3ecc4ec237c411d70f9a8a637847,55.56429413580247,47.77139598765433,7.79289814814814
1700,95f0c9e8ca1df4421fa632ca419c53e629e69ea4e6acefe76e060c09f8b1fbc9,56.10747885802468,49.24443796296296,6.863040895061715
1701,f8a3673dbac33a8e77af3e332dd9575f6e71650ce9802ee68965c67854f4fcef,57.38727870370369,49.534547839506175,7.852730864197518
1702,347d351098c306ed149526d814d6c0618ddc8b77f141ed197b22aba6248d6997,55.82702098765432,48.03815864197531,7.788862345679014
1703,45138bdf0907b0036efe8d4b5055e287f29ede3b6facad1a73ce2bae58d59644,55.75137469135802,48.29208611111112,7.4592885802469056
1704,d3b4d790bcd36a8d7fcaba3418d927d1452045a630b40e24cc10a8b4b636b43e,55.80741712962963,48.68041141975309,7.127005709876535
1705,f9cac0b148207452db2f7bc96119f3ae1d6cb91143722d8e61a6b870b196f3a8,56.31325339506172,48.731654475308645,7.581598919753077
1706,c7bad4857ccdf0d09ac8735f72d5cd67b25997d9d02f7cbb0e518d1f954a275b,55.74988780864197,48.1439475308642,7.605940277777769
1707,6f0e059bd9bcbb3f523dc27a0d1d2b17951e5f45751618b57b8025fa78f3fdf2,57.49323395061728,49.436364197530864,8.056869753086417
1708,cf8136a260e38406add5ae831d51bd1af313bad3eb45e80362b8b9018c298338,54.515550925925915,47.25429074074074,7.261260185185172
1709,25b44772ead49e2833deccf82130b947b7a41c03f8c92b74dfc3a04da903eed4,56.72460987654321,49.08221018518518,7.64239969135803
1710,78939d2e81113da198a23250e91cf312ad5650b3ef7df5a486735264755eef0f,55.601077932098754,48.29673811728395,7.304339814814803
1711,12c822a1cb76fb820a84ea5963325faf15937b417d087707a260167ff0d302fb,56.28388287037037,48.656246759259254,7.627636111111116
1712,9515737f641ce4c07c0bef8f95bce7e1c31e6f8df6b7d2b747f18e62f4febd8f,58.030085648148145,49.482897067901234,8.54718858024691
1713,e181e2d51ba9652074450fe13f11606d4c0459cb76e8bcc7c2ba605472303d1a,54.51852283950618,46.59982608024692,7.918696759259262
1714,806b8deb681e8cbd1136f6965bdf2c06446e00c9591d71f16ac7bd95d2d5c498,55.81812330246914,47.898100462962965,7.920022839506174
1715,1d8b944a90ab8acb168d907f561abdb6b49a1b246843a5d37f634196c3b0dc61,56.24024089506173,49.38165925925926,6.858581635802473
1716,60c7aff3f3227c1f8c8823bf871446d2d7db617a0456957554214661ba4187ff,56.09671558641975,48.98145262345679,7.115262962962959
1717,8fc3276d4f453dc70305214f90f0194904f027e37fe122af6df6fef795ca294e,56.37282283950619,48.695867438271605,7.676955401234586
1718,782acbc051c8e4a1d355a1f6f9e0f585fd644968d756f4b3bbdf8400c2a78c57,55.50449043209876,48.370914197530865,7.133576234567897
1719,1acb4534fa188ea42be733b83510f4eb72e1197cc65fa57219ac197b9fb68dd2,57.95359614197531,50.89400817901234,7.059587962962972
1720,48b55517660e3fe58051aff226f447bfdb5b59fc98522a7fe1fd62926ba0c20c,55.4650563271605,48.34223317901235,7.12282314814815
1721,8a3782607084785f1450a757a011da55c3d870d358744711f3c2cf94c0c3d40a,56.272766975308656,49.51538611111111,6.757380864197543
1722,0431c35c5f8751365d7fc4870b7d9ee02fb4387bcba685c99cd12ef85b9e34a6,57.27640354938271,50.4988137345679,6.77758981481481
1723,1315fd767cec0a3e2fab3ec9da26e752b8b65b018ec4deadeaf29a98cbea32d7,55.24230910493827,48.503235802469135,6.739073302469137
1724,a99a24d3200ab4b8529b8c9b49305368c8e908de6a0e6f0ee1bbc1269b936ea8,54.8622288580247,46.95486527777778,7.907363580246923
1725,ecc956aa8fb139e53ede33ba265f6263a21b58b1fc8584f3658e276094b7ba10,55.971647067901216,47.95578888888889,8.015858179012326
1726,90dec08af519d9a98ca61dee0d7d6f70b1d4716bde52d611eb0c8c58215e88f9,55.85015432098765,48.48909984567901,7.3610544753086415
1727,36ba8fedb912d58a62eb0c1e05f6b18fcf8f5f29fa70f0da2d8cdcf52007d1d7,56.45321574074073,49.26128950617283,7.191926234567902
1728,5326faac22b5fa8f3b55e76701a1d4c97618631737c03f685f99793a6b9c5065,55.63952098765431,47.51351141975309,8.126009567901221
1729,5139cc10b0a757e3a3db49b6eece55e2d288cf0191d1209fa1d6a65f4fe3d77a,55.24925941358025,47.92701049382716,7.322248919753086
1730,879552b89d2c72ac3a72a4f630f2bc5ba431d5af0f6934fb5caa4e962a370d13,56.6484912037037,48.79976496913581,7.848726234567891
1731,172a3dcafe868879dde1465a01b462823cb3c78862d4b40c1780356091a73cee,55.006350462962956,47.94216913580247,7.064181327160483
1732,fe67169c7ee2d5df561c9d0ba80dc68203142ec23e8fe0570cc52bd320f750c7,55.24260432098765,47.750113271604945,7.492491049382707
1733,1dcd0f5ae524e52630641a190254b70ba8f6e3a4705e05dd4e0d19eb1740514d,56.13737453703703,48.91182824074073,7.225546296296301
1734,46be296b407818ad81d7e20db37cdd9ba9a22f6f360f1196337857e97cd54933,54.79111296296294,48.81429799382716,5.976814969135781
1735,857ee76a5185491a202d9b13bb6f1f914cb642ec04942f1455c6251f46f1195e,58.36251080246914,50.16940540123457,8.193105401234568
1736,50abea52c4b72e25e71bba8390971cc59f1c0c09f68874e2af2bffc6e3e60c6e,54.901599228395064,47.195833641975305,7.7057655864197585
1737,ef9ea3cdf6e5db00c8004d00a7cd4b9af369569dab3a5f667beebba3ef461cc7,54.29972669753084,47.224367592592586,7.075359104938258
1738,1d221a134aee6b442016fb1db0aaa0b8ab7016112dc830a2d26968288019ce97,55.3482648148148,47.46242654320987,7.885838271604925
1739,ba1640cdf888f78e0cf553a0badbf9ff5e2e325b93528b0323b89ee9ebfe791a,56.18118256172839,48.629949999999994,7.551232561728398
1740,5b0f16bebd1f0030569f911d6e559eaaf075d8300967e940054b46d2f4ed02f4,54.40221805555554,47.731543518518514,6.670674537037023
1741,6786b35beaf7b5773d451aed72d562046211ea7ba084f3efade758079b4c3166,56.8763760802469,49.78624938271605,7.090126697530849
1742,c4b0662acc8dbb43e8a2a215349563e5f018b5146b10f145c61c45dd2ed46c0b,54.50325030864197,47.42551805555556,7.07773225308641
1743,adca89e707249b922c25baea8dd1178bb754cd3f6bf03518d32720567462c654,56.263642592592596,48.48646558641976,7.777177006172835
1744,1d8ba68ed4ef34432ff1c55448a4524b4f550cc4a3ac4aab27c88b0d6c02df18,55.580839506172836,47.73766512345679,7.843174382716043
1745,0252bb576e6f15f554d925b45b2314f7037d4614a2d332380adafbb6b6e5909d,55.547620679012354,48.859219290123455,6.688401388888899
1746,190384945791d3f33311a4f400c1581d0d15dd636d270a461bbd0f404d58cbd1,56.35962021604938,49.36441234567901,6.995207870370372
1747,c4d1922f374b90e4ab7002270c63e2b862fb6c8bb0b2b66a03ad78ca665a411b,55.20086651234568,48.18954166666666,7.011324845679013
1748,5b19e9a7fd54207662517fbf3ea034036a7d1ad0fb51a4b50d67f5efbc1699e2,55.15627206790124,47.73986929012346,7.416402777777783
1749,456a7a123873eaccfa4045721631552efa3b09424354074debc469582d63455a,56.11927824074075,49.19880108024691,6.920477160493839
1750,0c66df8da0fe803e4d8a7feb26fb4504baf5bb87ec1a264f18968aa4ac9b03d8,54.283497839506154,46.693766358024696,7.589731481481458
1751,aea343a29addb68410fe815471608c018d53a6f349235779d67ad2a4a277b3f7,54.58766697530865,47.519556944444446,7.068110030864204
1752,9b5167fb70bca53426c47152f5e752ea64675efa262ee10f9f36217b40717f48,55.250099228395044,46.32953780864197,8.92056141975307
1753,4ed93531d33eb1eea5bdeddef2a5afe0f983dd2c66b9654a5035d797c2281828,56.788434104938275,49.14689907407407,7.641535030864205
1754,5d1502621d71617e15c55fe40ea59de068f8be57376f2173413249ebb0675587,54.69052561728396,47.3266125,7.363913117283957
1755,049f0c7210430b72854341a9a494cddad9954f4d916498e99f0c112717ee7df0,58.29810709876543,50.16577870370371,8.13232839506172
1756,d4e4093f84c3eb77fc3ffee6a16a8cbb0a67d8a086f3e12da4cc45ad33ee2517,56.05347052469135,49.229331018518515,6.824139506172834
1757,fec70caf598ae971d30291cbc226c4e438e3253de81253f07d567682bde5d360,55.01710787037037,47.0899212962963,7.927186574074064
1758,75bf8a95fc62e78a957469701c3f1be78e2fb443fdd75875924aff481fb17095,57.91579444444443,49.38789969135802,8.527894753086407
1759,d9be676f86d45df732a189622ddacfe0e3c18b9a09b1910af68ec3c1054f1d50,54.01332808641975,46.8548149691358,7.158513117283945
1760,9f9c767b9d65c8acec09fb5ba652c6efc498a8e2e7c009114aff8deb8832d0ab,55.23437700617284,47.88536604938272,7.349010956790124
1761,0a8b94a5fe7d32f554af61841cab3b53902a007e781f4349d746bd2195174238,56.06791944444444,48.617454012345675,7.450465432098767
1762,cf1e683859816bb4e5ec28d1cf62a4b04d854930b6f9bc596ccfeb6332e8157b,56.84791049382715,49.24544243827161,7.602468055555541
1763,c342e61a1d6cc45ea94e4abfbe1ff6a406a4e5e6f6a96993d602a2a83c74f1b5,57.454958950617296,49.31460586419753,8.140353086419765
1764,20c4b2b993c061360806281e4d5aebea9edcc394410220e58dde6b5b9a865c4b,53.992216975308644,46.03886651234568,7.953350462962966
1765,fffdddf7577bab9782b158753fbe74a7008419ee331fe78077c82dd0fef55ab9,55.088803703703704,47.86664675925926,7.222156944444443
1766,0b8f0b00c2974b69c26358d2e9bc3b5ebc5edd3e4cda0e9f227a8917e8996a8b,54.32780200617283,46.32298981481482,8.004812191358013
1767,8fb4465a59017aafa86c0d27e250ef0c1aa57b5bf236f05d954c9347ec607f39,55.363431327160484,48.39489367283951,6.968537654320976
1768,24b3b98d344a7ab17d18c9eef3d96f90283956fad141287519be87811702bcc1,55.850447530864194,48.09872592592593,7.751721604938261
1769,898b6e7e8335029e69a44b6829de9144c9074b022195da51ecc976980495e0c8,56.62580416666666,49.95241049382715,6.673393672839509
1770,0227cbf1b29adae2520873a758641dc8915bdb053d13ab33c583710f42f841e9,55.97871203703703,48.54845200617283,7.430260030864197
1771,258611efa17c0b51f8f308854e49a257764725efd25b075a34ec17cb14a09a9f,54.599911574074085,47.88867114197531,6.711240432098776
1772,83e898a92d9e79270fd04b0ac0f50d3534769cf270744584d7fab96ae65d66d9,54.77214660493827,47.589171450617286,7.182975154320985
1773,645b4be443c1a8ccb44cc693ba08ae2225877c41f026e109c741179fe011d5b0,56.805930709876534,49.233817283950614,7.57211342592592
1774,7028613c7a70afb8f08d6be3d861386b3e64516a75cb95fdf918b62f2d8e6d95,54.73548287037036,48.23131851851851,6.504164351851848
1775,f8b848e1b052c69f270f61bb7ee01e9ca63c8cbc469b4ccda4ba861216951a0b,56.30369089506172,48.535120987654324,7.768569907407397
1776,a74b4831ec972bb7e9fa0a0c7b348627c3a319afd8f3f7c6df3488d72430f40f,56.77037345679013,48.665777160493825,8.104596296296307
1777,1f8ec685a0221e8999659431cc724fffd77741533dfe5f75c61d830af21516db,54.47090370370371,47.125501234567906,7.345402469135806
1778,d69b14062ef2d85531c1179cdf79aa89caac1af44bf9b23e2ef3d25ee52bba9e,55.49439320987655,47.98698240740741,7.507410802469138
1779,60adcb636e64e472c5a32b3ccb15fbe8c0cf3edf137e6f332da2c6c468715006,56.56326944444445,48.692973611111114,7.870295833333337
1780,e93c47c940f38500725241726d1a813adc44ca2e45c10639753cc88ebd8c8edf,55.87142160493828,48.65955015432099,7.211871450617288
1781,da61055dc9f4cfda6f789dd28b705ce683e0f6459dfbc92c9c71269703c07727,55.990399999999994,48.975203703703706,7.015196296296288
1782,ac0dd1e6b80d5869875bb5baf2e1ae93bab456f32716dba1e7f042713fec5153,55.33794583333332,48.21072654320987,7.127219290123449
1783,df2e0651f004f01f080f9293a5d7ffd9437e49363b148fdd9e31ee4d6682879e,58.023527623456786,50.93877777777777,7.0847498456790134
1784,576787257ef3b5bd27b4d351d4d3488d18b72d2be6347c8d4b61fedac91cb540,54.67852098765432,46.64697206790123,8.031548919753092
1785,40e09c93e51a0486c14ec3be232d1b543a5a716f64ecf3883d782d7abe58f696,56.70206466049383,49.15671836419753,7.545346296296302
1786,afe40c78e4132885402008b05fd0febc93c39b74c1d552c26e85d9ba65c0625c,55.39321820987655,47.889991049382715,7.503227160493836
1787,bb6a68b76cfbc1ab856a1c865fe897625c9bcc15253c01b7ac7158bbf35350d5,56.36795277777777,48.14780725308643,8.22014552469134
1788,92695a52feda08426ccd452c246bac5db418e591205a2f56a1db5f712ffe4609,54.02896126543211,46.41031851851852,7.6186427469135864
1789,254283ab62da8447b2fb213e26a4cef49b2b6f3ced84b12363e28f4b75fc169e,54.10101728395062,47.1520412037037,6.948976080246915
1790,35415ff4d3b3cd6f13b0e7220683016192e7d37a714f127a5814ee07ca886800,55.303634259259255,47.737207253086424,7.56642700617283
1791,cb864d3b8677da67535ea384fe09cf19287dd4d1634b9a17c2ebcc8d408aaeed,56.105632716049385,48.66266234567901,7.442970370370375
1792,828fbec10269d2fb04f9f1d8481e10c2611105ce3fbd5bef8b08b8e7f3144e3b,56.18320123456789,48.63947824074074,7.543722993827146
1793,352655eccf0b0278ed60470563597bd35a93092207a3c522d29667c0a59cde85,55.66578703703704,48.24160092592593,7.424186111111112
1794,ce1f91aadeedec383e96e7d130c5e8cb0c228764e36d7c38ad979134f9d16a42,55.44863441358024,47.90130725308642,7.547327160493815
1795,3ba741e851b6af06e2dc3484451c5e44885ed84a28bab0632a1177a1bd899164,57.21411975308643,48.82886790123457,8.385251851851862
1796,ccb1b1fbc367cd8ca61fcb0a7b96cb41d79b2e921fbb5b0b925522c960b46a3c,55.031716666666675,47.79274351851852,7.238973148148155
1797,84ecd225a16e626387f3eb77e6f2ec603a668e8e4487b02293cf5882669466bc,56.37421635802468,48.99740061728395,7.3768157407407315
1798,d748e1fa9e3cd372b8b5707a26355e0cdd36631c3a38889f753f87627e7cdf33,55.969201234567905,47.68080385802469,8.288397376543216
1799,da32967cfa268e690354c2e1b7f8942391f644551ce3354c08f1164b6bf78d98,57.56620848765431,49.60967484567902,7.956533641975291
1800,bd40556a96f6e98651c1d4005ab6c09cd28ca67b0ded1c11fbd22b481afbbb06,56.20361064814816,48.70411219135803,7.499498456790128
1801,855643fd3a4eec439d4652d455e8c872db6b7ece92bf96d94db7192735eabbb4,55.952299382716035,48.37683611111111,7.575463271604924
1802,c9dc008a551312d2d6e94492f222dffaefa0cd6b6effdc1037fddfa66a1a9fad,57.20436836419753,49.625842438271604,7.5785259259259234
1803,58db617cd975f64c6fc8cec0fc42b6544264f3b5c73a6744a4d55a18a4644b7e,56.18345231481481,48.54529706790123,7.638155246913577
1804,af4afbe4d5b1a437181025e78d1dcecec8070e29a94ce7e039c50f5db16fc933,57.27088302469136,49.81292037037037,7.457962654320987
1805,25d81c195fb63e5b1e4f6d3b0543dacb15621d44b533c012af1d116e1e67ee40,55.46404737654321,48.456416203703704,7.00763117283951
1806,4c37ffe8dac6acf8bf0ffb2d026e47fb57920247bd09286d4a373d29827ca726,54.30778595679012,47.185676697530866,7.122109259259254
1807,807b91b4d689393226d7bb38bb45cc684da54a29c6d17283da9800a43f088393,56.691827932098775,48.668018364197536,8.023809567901239
1808,c2b20ad730b9ffe451048d496998c6b3b108b4bc6f7c8901fb6b51f9bd360c09,56.14606975308641,48.90448348765432,7.24158626543209
1809,94238036ac519366d96d2fd533081b41f814f8e6e829e260341f69fbe3549778,55.97058950617285,48.74582515432099,7.22476435185186
1810,495d363c617ca482d1dbb8ad11d533946f66f335ccb4b4c50151e5cff8205451,54.63580817901235,47.03563055555556,7.600177623456794
1811,c7b4aed774ed024259afaf6741476febadda3c98b672ac844ddb652dd0353a69,56.153433487654326,48.64001898148148,7.513414506172843
1812,bb7cd6df0893657fedbfa1475c47866a424665592fda7e8475d7f3545ab391e0,54.536440123456785,47.65192716049383,6.884512962962958
1813,7799ed03e20de804620ba677af05447608d65cad285b598776ea297d95440923,53.88998009259261,46.7773412037037,7.11263888888891
1814,59619a74618feeb43fc7d7a91aff25cf94bb31641c8882d27932424a3ed78372,54.56678209876544,47.70121188271605,6.8655702160493846
1815,4172b4b801b21ee55ddc7267c92e52a9bedd0fe366c7c2a209de8dd08257754b,56.66681836419752,48.75473148148148,7.912086882716039
1816,9049d47ee371937e63192448c740d04f15f03b666b21b317485e61aede2f8918,54.734617129629626,47.701381481481484,7.033235648148143
1817,84ac111914678b2c80f900cacd4f44708017efdb6f60b9a411beb11d79ede6da,56.03611682098766,49.18298209876543,6.853134722222229
1818,cb4a8d84f2cb22ca3027a919f837fd08bfb40cc868ef12033f633c0ce98de704,55.189941512345676,48.17632577160494,7.01361574074074
1819,e0b897c598a762efe6184ee1471d054e6eeddf56c6b48fa272ae44191d7f9ad4,56.06285077160493,49.21495277777778,6.8478979938271465
1820,e0e4dbd982d871074e430ae0b6c4fac628dd0abd80ade692b3f51cc96b8e2787,55.6352111111111,47.61850061728395,8.016710493827148
1821,1b069d67e94596ad162c1ac691e70a30ada944a4b738a2758b096d43bd1255d6,57.05042067901235,48.68039197530864,8.37002870370371
1822,90d5f10f0849d1b023015053794c30d7dcd34ba39126a93b542bd6089e53bbff,56.42114814814814,49.51352438271605,6.907623765432092
1823,ea0e6046944fc40d9377f9fe0174025501d50fea1ab83dd2da6afc5dda200253,56.29209043209876,48.9726600308642,7.319430401234563
1824,eecedb5bdcae17d474f8526cba6ba69e6ea1a5f3883df979d586c7e6ebd3478e,56.96374012345679,48.91176790123457,8.051972222222219
1825,678b7d18c22ca8ea07c2a51337c024e1980b88ba727b0a5104ea29eb5db4a6eb,56.84453472222222,49.10047438271605,7.74406033950617
1826,b1c18f6c1235a0dfb788f8791e9d8b97e834e02e36df8811d2562e0018a88d96,56.66391558641975,48.435250308641976,8.228665277777772
1827,4b46086942e5565090edce8c0d2c7cd19dfd93541720e5c5186654dee1df51f1,56.441932253086414,48.790663888888886,7.651268364197527
1828,5096393f979933185711a8e2bc70514b0af08e92308ae97be2d76774d9b6beab,56.48724197530865,47.98288796296296,8.504354012345686
1829,e65227fe8cdcc3acc1fa959fce97777783e6a5f2a2935dc30d5e7725485fe73c,53.49746913580247,46.11373719135803,7.383731944444442
1830,c22966dfbdefe97dabf5bf76f16bcd1251689b6e8386f542cb235dc016d0a1f9,55.05608086419752,47.987951388888895,7.0681294753086235
1831,b281622781e1ebfa0fe08fa0c9a76d967c827aba15c9511553cbafde662c0af0,56.46162793209877,48.74774490740741,7.713883024691363
1832,d512512d3b9a10c3f2b2a6f6cca10e895b2bf716d31634d16b216c3084dd8a7f,55.928309259259265,47.87778333333333,8.050525925925932
1833,805c79e3f78efb47bc2ed7ee86c69845ac38edae940a72c1d3dab1fc81327355,54.714037191358,47.71393055555556,7.000106635802446
1834,6cd1f5371e21957cf4385845143bde3436357ab8548fa26a84fa25378a742390,56.53452654320987,48.29623672839506,8.238289814814813
1835,386829b5f9ce9ffa450e40b7f7dca33f6e2135fe69e909e1cdd775345b0c64c3,55.6312075617284,48.40803780864197,7.223169753086431
1836,c8cdb222c22a0e456c638ffc118e013c88a5169c33937efec72d26bd5c5a958b,55.45188148148147,47.820901388888885,7.630980092592587
1837,8cf403ea21a69fec56e19e8cef274d07d04f449a196be72f9c0d86216c10bcc0,56.46319429012346,49.41634598765432,7.046848302469144
1838,4a5138e99db7f11a770970012504f7ed4d19b3e538b588ea00dd0a87598fca47,55.28110540123458,48.315926234567904,6.96517916666668
1839,e9c5b76e2dd61557b269e4cb97609f91dca6f4e9f7c9a9f4b5ac7ec1d833176e,54.95306805555555,47.02143070987655,7.931637345679
1840,c5ed8b85191d1a1a92ad36a256201a655f784f5ee4420ff078f0c4fdd70c4ed9,54.78963256172839,47.51430092592592,7.275331635802466
1841,500cd0bbf97598752d3f322e3acc0efac00a571fa0c17e01a58707864d5e2fce,55.6240549382716,48.28065262345679,7.34340231481481
1842,346efac8eca1619131587b9a6edc1d7a1db109a8205b31df1b7a26890868e577,55.18332839506172,47.91467160493827,7.268656790123451
1843,b6a54df196f815d3d495d0e0a1a8eab11844c8f9dd93498b4d576a2cd0a0e77d,56.39394012345679,48.788380864197535,7.605559259259252
1844,f37c6e7237da561ae948eee9925a89b8c51246e075eca3e1a3f9900f194435e9,56.71696929012346,49.015671141975304,7.701298148148155
1845,f0db021813ac20163be64753f4c72e0d408a3a01ba9649fef72beb1526020527,54.869822530864184,47.242151697530865,7.627670833333319
1846,454586cd60aee96c80db2b34bf5d4d17d651adb1986bf017c0fdc2ffe8dc0a9f,56.53299583333333,48.567073919753085,7.965921913580246
1847,17c9dfcdabd4ea9ede00c439e49ea18e998eceed71dab9aa62f58b53ea474717,56.50010123456792,49.382013425925926,7.118087808641995
1848,1ee68335831df9541c39132533e20e1b94b5483ea7dfc03cfb9dde97da5a1400,55.70154320987655,48.18948981481482,7.512053395061727
1849,4306a892f496c0618382a84c847878345961a66ca726d3afbed26720f938d32f,55.339549999999996,47.33209459876543,8.007455401234566
1850,c4c0bbee2eae416ac3c31da059f4818dd30ebf0cef2e7e3cf2328eda1ad7dfef,54.054723148148156,46.39611774691358,7.658605401234574
1851,d93ccfa72ebabc066cf1b6b0db53ea4bcc47c9d435dade8639197366b60cd262,56.05539722222222,48.13167407407408,7.923723148148142
1852,fa96edefe848194b7a024db93a1828a2953dbbbfee8486293beb63952b2c1547,55.84198966049382,49.36675169753086,6.475237962962964
1853,eb4b03f3acb42f4002c2f0e770f6b1b8343aca349d09b2ac0b979f9d15f16dfb,57.37016172839506,50.16131651234568,7.208845216049383
1854,07a0bdee5bca7f8642c0d39576032dd14f0303a8bb0398e889fdc6fd12add1d0,56.6821063271605,49.100011574074074,7.582094753086423
1855,79208abb35c23c459bc7fecd69635577d5a067e78e8b83512bcaf7074a968602,55.76583734567902,48.02285478395061,7.742982561728404
1856,60c700d9f2a53d4d79669359d2f3c20cc327f9db8ee93ff2082d0c4d787caf16,55.86436234567901,48.92410509259259,6.940257253086422
1857,9797cd7be82fccd0af208b21d356bf787c2addcad785a5b259e4d27f283e6a93,55.44119351851851,48.369254475308644,7.071939043209866
1858,efb606139b6903be29b6a92cc7e3a3d262e0e3a04cf56bee2e31de9ec6cf4d79,55.55970725308642,48.31652098765432,7.243186265432101
1859,b89faf9a2ae1bcf11dc1689f0ce4e08a3f87712ca8f12cd6c82c66fdd2d4720a,55.07241373456789,47.655460802469136,7.416952932098752
1860,d21661641294470dc5e1e2443d50473aa232cc67cf81b62035890ca031872460,57.13351959876543,48.94092114197531,8.192598456790122
1861,40d0d970e2ac8fab5e5b451d09ac7add2b9afcca59bdbe217991bdc834d7c823,55.80476404320987,48.17371790123457,7.631046141975304
1862,63c921dd19009091a7bc03850b3d54d99f6994ff35fe4be5d874825367ad4356,55.93122083333333,49.34172299382716,6.589497839506166
1863,0f4c46e53a21b2444154bd803f4504b619b796db46bf8996931f4ac37c0cdf33,56.54091373456791,49.14218966049383,7.398724074074082
1864,8bdf41223945905eed09f4386fb6773f182d4a67e329f0a3f685610ad0c64f93,55.1583225308642,47.2844675925926,7.873854938271599
1865,7d48a1aa0d75209398d7018c1e8ca89793f90d44daa7c0ec9cc650c38b1f6298,55.13680817901235,47.58192145061729,7.554886728395061
1866,228771b7cd62455446e5a7fdb70448c281bff1df51d59008367ba812f3b1d45c,54.855256790123455,47.37731157407408,7.477945216049378
1867,710dde44ad651eacaa7290f68145e39aaaa657975a36ec3cb7cadb6b9280579d,55.07331033950617,47.54884691358025,7.524463425925923
1868,02adf3df08b25998ff770ee544987112f35e5625f9aa1dca0be4e3a0e41a6ccf,56.08556882716049,49.039531018518524,7.0460378086419695
1869,a29756407471e8f975f19bae2bf4cabc0f95c754a169e27b383af10a47dcac65,56.08268456790121,47.91686188271605,8.165822685185162
1870,703553de94785d047d4329395381b362b9f311c730c2c2b6ed4ce5fd6cdfe34a,53.986472376543205,46.33020478395062,7.6562675925925845
1871,e59599eee4ee422a2bb4e6139df4aa9ad1048a23d3611125d03c15b3a328cc64,54.3728097222222,46.91309151234568,7.45971820987652
1872,0b76429c3605cf7feccf3c3180c26d9d783c8f5813e409825bfa7aaae796d0ae,55.833987191358034,48.017614043209875,7.816373148148159
1873,3ddad8d456b958339a0980bd64d5b8437e0318cf198492027cb7200a73aad702,56.76799429012344,49.26438564814815,7.5036086419752905
1874,e8cdc4aad3ae563d9743ba1527eb01f77ab139484798b36bf56c40fcd6129b93,55.26912129629629,47.03292808641975,8.23619320987654
1875,97a435c50feebcec6ae9c9c9e67acf79e83dff8e64c4abd075d904f0aeed89f2,55.98915895061728,48.22560061728396,7.763558333333322
1876,8766b920ab51c1d5538b6f418554925ea859c68c0bfe982fbb63003b5b696506,54.63430709876544,47.021583179012346,7.612723919753094
1877,1fa445176b8a11727baeb6aec5b404d34f9832dff8c39a611a464b96e98f1b71,55.340704938271585,48.245558333333335,7.09514660493825
1878,10b8eee1e09f1d020cb1d4dc5855e1e66d8195b5ee1cfbce83751c039951f31a,55.413314043209866,47.233880401234565,8.1794336419753
1879,a2d1d12e950f813becbca975b2d4e807830e9350a23dd54120d6261622e4b9a1,56.70626682098765,49.139087037037044,7.567179783950607
1880,5340bd7e53ec47a406876070661d9e88ab6365e30a0ca0e365e3b625acb6d9dc,56.27954891975309,47.895508950617284,8.384039969135806
1881,3272574e6aeacb9b7963a31e3510f68d0cfe29cc7d8c3face50df323449062df,55.71952160493828,48.63074953703703,7.088772067901246
1882,17f7e0ba48cfe526e5cb8fc319c6aa5d2b52f20a8ff95de570c9b782ae20b95b,56.87484660493827,49.383969753086426,7.490876851851844
1883,9f00bd552f119d5a0de08bf254132d5a5a2095ea10ba36e7798a4b702a9d66e9,55.976831790123455,49.01563549382716,6.961196296296293
1884,d2a801b6fcca6b1d8c8947ffe99cd6911fb2e99a4b973e9403c370b07b23c5b7,56.62098888888888,48.09546604938272,8.52552283950616
1885,3a40d97cd39a2848081afd0059191074eab855ff2dec2dde56553f8c263a62fe,55.09503564814814,48.07384043209877,7.021195216049371
1886,499b4e3a8a2a31b4d7ce3ee09b66fb6686d3711a1b3b93c2922f4445ef7a5329,56.640508796296295,48.798013580246916,7.842495216049379
1887,e1a359d4c2024bb16a6d214c06d48fbf4ad16d54610d1d4c7bdb84bd533db384,55.952110802469136,48.08889907407407,7.863211728395065
1888,ad98195f963f8b06714f64e07b2dd11d9c76886c8f64a0e82538efaba9e1e513,55.56620879629628,48.20013348765432,7.36607530864196
1889,f903dc37fce67d52445d24b5cb37fa0d4141d8796eba6cee6235155f5b74997a,54.342318518518525,46.75199074074074,7.590327777777787
1890,4ede62c1f36b988b4b166f10c189effe2349c672dcd47afa0a0c828730abb5d4,56.02927561728394,48.7882700617284,7.241005555555546
1891,fa4be97833db15c42e3b9210d6c3d603d8c1b1472756a31a3e0a9c1467875a22,55.28594212962963,46.966125462962964,8.319816666666668
1892,024cca38f681a25994fe7917327ca7451bccaa9c109df71db4754634100aca17,55.08907854938271,48.74179459876544,6.347283950617275
1893,7c6036a85b6e6a0f87a40e105cd5f43b029ac1e4e1c06cd57fa16bb04e4d5b60,56.122570833333334,48.70571697530865,7.416853858024687
1894,1ddacd5df3b4c88df87e03fcc843729888178c54366aca5a0b1d459e0935fa4a,55.67861743827161,47.95662546296296,7.721991975308647
1895,f2b6adcf741335ab4957effa83a18d02d8166f135a4143e9f35e18cec5d44b93,55.981606635802464,48.46531820987654,7.5162884259259215
1896,c984120157f47a4ba81ccf28f77399a21ce1796fa6ccbf87c884d563e40d8f15,56.73363780864198,48.68949861111111,8.044139197530868
1897,5bd5247451d0bafc7d2d5d1b225f51a8d07e3fde68f837769711b52b0b9a6def,56.95410725308641,49.69172839506172,7.2623788580246895
1898,b55c4d57ee9a008dd8da1a6ecc750f54143c47fb20d90228bc94a51db120b958,54.4619098765432,46.90762978395062,7.554280092592585
1899,7448f9b7d17556cdf060a8017b21542a52792e33ec996c6b0f2136cf5e5aa8bb,55.2279524691358,48.1109850308642,7.116967438271601
1900,120d0c008310a51fede9213a4919ee26c42d8703b31b27069361423e1798c88c,55.87255509259259,47.79867947530864,8.073875617283953
1901,a1f25de6129e34c4a64efa96b70e5fc7eb4540fd38b87a203e4841181143a135,54.41373827160493,46.99072175925926,7.423016512345669
1902,4b792e3fc6d32cfe0a01b0b717a64181f81ab2b9b7cf3b212d2799f507755d19,54.40147824074075,46.71797762345679,7.683500617283961
1903,01bd9ea5ac21295d9b7be4b6092b5a10c51c2d40f258825ff928787f488036d3,56.70253209876543,48.766744290123455,7.935787808641976
1904,5076902cc9d034dc82cf43be1e466ee82d38919ca804c1549942bd5e1e37a1a9,53.71526975308643,46.90412962962963,6.811140123456802
1905,ac18328f00c23b9d6a46289fed65bdee9739ef08661b41e72dbff8d722b50e6b,56.70168765432098,48.91884938271605,7.7828382716049305
1906,3306907a2380b62463aba8369950af78ac6c48b0983785c8f2f7e33229a43ce9,57.19057299382716,49.21575046296296,7.974822530864202
1907,d6d1034c89f0f790c3e56ac1128ee36535e0685049e5aaafae5089835374ceeb,55.962663271604946,48.194463734567904,7.768199537037042
1908,e34876287cd26b307c9e2d73f71d75eeaba9134a772af4c699059014e71e83ce,56.37190108024689,48.47679583333333,7.895105246913566
1909,1fa03b030e9d6fda8e459dc3ccb0ab0a05ba64a58b8be95f6e707cc7523095e8,56.752604783950616,48.9782399691358,7.774364814814817
1910,2311b69730530b2b8acf7a3538b193abeaace546e22ad2dd98559dd976b6a099,55.60434166666667,47.961787345679014,7.6425543209876565
1911,9f41852d7cb1db83067ccc99f57ba4d85de61f863717864db2c5086ca35668e5,55.654669290123465,48.568964660493826,7.085704629629639
1912,29862988ca73c3bad7da9a2671553926499d42a382399102db1363debff1a15b,56.32494861111111,48.77447608024691,7.550472530864198
1913,a874b196169cddca2b5ed56ea86fd6be6bb37c1f05c9cbc3b2491063ccc9e350,55.145936419753085,47.898784413580245,7.24715200617284
1914,371e0139dc392bf59e19b14a3111fe6cde4718f42ac82de1e0d405ba3af1551d,54.41621712962963,46.191473611111114,8.224743518518515
1915,6a9f221ed13c611e053e9e462a433ea5c5a6137e82aca9a2a13e1f45a245af0d,56.868143672839494,48.62861234567901,8.239531327160485
1916,71f71f4097d027d4b88286ac2871f43ae7ca8a486fcade577c84d0b7e53dcda4,58.18521820987654,50.152625925925925,8.032592283950613
1917,00e2e9e46b830a1bbad306235d89f41fb2c29f7248c966a8b69bf1f926915a69,55.29431234567902,47.392703240740744,7.901609104938274
1918,58289cf0925d2495941d3347fe7b2bc6dfd46caf69c2ab83121e989855953cbc,54.56136651234567,47.67540802469136,6.885958487654314
1919,190f9150ec58aaa6142befc6ac76761d7a0bc09112ea3d83f3ac0431437eab00,55.03025848765432,47.54400555555556,7.486252932098765
1920,9e02c9f961f116e5cf5f73f763ab25c1de2f7744bd2ebbae234a952f13d04d96,56.41235092592592,49.783108950617276,6.629241975308645
1921,a007370b8f4fa7981444cf6d09dd4826bf94423c19205062f12db324e9f584d9,56.652613888888894,48.82267654320988,7.829937345679014
1922,e81fc1cb4841454d7710f02caad90b7e36b6cc5144009e7ccdc302ae71fe6e7f,56.69648981481481,49.177448148148144,7.519041666666666
1923,eb4b8d537b1b28eb1cf81e52356c2492827ea42a357ce6a4069d996f33439440,56.95672530864198,49.59788827160494,7.358837037037041
1924,2dd9cd1d95ff2a4a52b8650b3ed3f55e906403789f2a2e3c047a73b82e0805dd,55.80540478395061,47.94000339506172,7.865401388888884
1925,f5c41d57a1058136eb78338b08fa2846c4b152b46698d3bf27f0dc00e34e93a5,56.09332422839506,47.78470277777778,8.30862145061728
1926,d9f4610748a979f67fe6556fd54aa0659ca6f6d153b108ca7f16b47164d7d790,53.69016651234567,47.00142962962963,6.688736882716043
1927,8ce93ad7976483c2826a2c64df84e73ee1cd6b137dc86aa5d158fa79aa948cbd,56.53213055555556,48.60670185185186,7.925428703703702
1928,bc68488b968cfba140072fe5e6ab957a567e67e97901994c3287944e207f3d03,55.613678086419746,48.62163919753087,6.992038888888878
1929,1e7f302400a1605a29eca8286d74cf87f388363ad6c01fadae800141ffce3cf8,56.7213587962963,49.050433024691365,7.670925771604935
1930,6803a328fbdf189087f47bfce97a63ff73f1f03c89b297a51c005e3462cfd46a,56.586050617283945,49.51835956790124,7.067691049382702
1931,06c2951880085eb516d00414128623ee8df90a65b1b6385ef544314e0482dd56,56.89601280864198,49.32614212962964,7.56987067901234
1932,09d762da80bba4c8020bfe8116306ce5d72280e82645b116409d1f2ff7be61da,55.52446049382716,47.72886867283951,7.795591820987653
1933,0d1dce5985fac175946767fe7360dec760ae371fdb6102cf69b7866ea2faf260,55.523684722222214,48.38623719135803,7.137447530864186
1934,2c98eae2b7124e392cea1643267aff01f0145fb74b8b2eb51d0fd2f2177020fb,55.61633703703704,48.63690030864198,6.979436728395065
1935,8103a4c122f194bd71e0b09f2046decee51951faf33581965d892238150db522,56.57881898148149,49.05794799382717,7.52087098765432
1936,8145645a91e989e589b3c586174e02396e351017412d6362beb44b105a60766a,57.590910185185194,49.47017052469136,8.120739660493832
1937,c9cbaf3d5a6a387db7872709dfefca1fc1d612b90d656eb439abd65ba752c605,54.793933641975315,47.63097561728395,7.162958024691363
1938,936b2c9a0f35dc2be2e934511d97a117df37447d7f2ca37e23826443e503bc74,55.92936388888889,48.131978549382715,7.797385339506178
1939,49037aa4ff6bc1db443db3cc65fce1875721af60ef1d74e150fde53f8c471764,56.37169629629629,48.60208688271606,7.769609413580234
1940,8c63a1856d5e27076395764752f39934a848fd836b766e9444f3097088a9db70,55.52002253086418,48.11743271604938,7.402589814814803
1941,a323efa3debf985fc7f7e09349730a93562e78c4899eaad9dce184a25dcaaf1e,54.17040771604938,47.13156929012346,7.038838425925924
1942,bcb2e54b5e32e1e55942c0300c117896a8aea47f96679270b16eb979a25da484,56.24288163580247,48.861028858024696,7.381852777777773
1943,2950886fcdc45b7b62fb8cd2a92e2edae6934039e70bcc6295304629700d252f,54.785263580246905,48.24006095679012,6.545202623456788
1944,6a807779a5b80cb5fe819b1368f75d9cca075d4fd2687c2dfdee7838f1a304ae,56.23965648148147,48.44181419753087,7.797842283950601
1945,4221364b7c1f7cb732665c9a1cd3597b0f7ff331a3d080fbf1690971471567ea,55.967870833333336,48.511570524691365,7.456300308641971
1946,b41e5dfb3f33bd10520dd8b3fec3fe30c49c916dee5da0eff383af74ce1a31d1,54.97487716049382,47.42176574074074,7.55311141975308
1947,a12161f4f8a97a4994c4f38a9b41d37d69a2e5133c2773d00f6ce78ddae7784f,56.7044163580247,49.13623055555556,7.568185802469145
1948,510eaa8efea37a7cbc891fd1ecfc2251cbc9a5cf81fe3cf6c796e75aa9e0cf19,56.07814552469136,48.18711805555556,7.8910274691358
1949,1daad50ce9eb181d20aed07199f1306c138ce9ca0f49472a6cca13b5f1afa212,54.8845550925926,47.94482700617284,6.939728086419763
1950,f70d07c96af941cc4c16c0c573a1f971333b2122e339281a85010152869a7714,57.394931635802465,49.98860354938272,7.406328086419748
1951,71eb6297bf9e9587de082f2cb0adecac03418b259e848cd3162ea289258f22f7,55.17805524691357,47.85621836419753,7.321836882716042
1952,8a0b4bad1f0b9b0862c604a8a9755ed606952874d72a67da39f2d911a8260964,55.49169197530863,48.897028703703704,6.594663271604929
1953,e981628be6a6f4f53a54454182b952ff132e8fc9a1509c54a95311cd2a3753b6,56.68773317901235,49.7309774691358,6.956755709876546
1954,d9f8fbb246004063608979d4e03d49feea26a8ca3f7cf9f34d64bd6552a9d165,54.30784753086421,47.18736944444444,7.120478086419766
1955,62391045290be5d939fede5c3b7deb1235d7b09361fe5df0a92d69bb9ff5fd37,54.86977067901234,47.311163888888885,7.558606790123456
1956,8c32a6341cc91a3177f735c3e3475800064596e9ff480e5d7b9f21ca11b3536f,54.65496435185186,47.13622793209876,7.518736419753097
1957,59853c4d060aa67826765d9220398c02ca94483b7899f2e17a88dc61fdc7e0ce,57.196905092592594,49.4003811728395,7.796523919753092
1958,d258ffa2949c1a6579d8c9d7fc30bda002b6eaa0225762225bf30a39e9e24866,55.66573641975309,48.67043441358025,6.995302006172835
1959,3bae6d16d14800d8a069e3c8afc37e9703fdcd2e8afe415f0262c9b15bee5c29,56.43781512345679,48.688503240740744,7.749311882716043
1960,bd24da29ca51d2041631c630482ed48008b6c63d8975da650617859e5e484a61,56.123585493827164,48.88518996913581,7.238395524691356
1961,8d0da888eb701b2d6ada7eeb833598a6679f720263d9256b263ece0bf220416e,55.70965416666666,48.85862870370371,6.8510254629629515
1962,8eae118f5d0c59d0994cc9c4654e13f2016198914534c6350d8b8e9c0b420b58,54.22186898148149,46.969645370370365,7.252223611111127
1963,e20cd334af9fcb81bdf7a9643f478854abe05e24f369a57079f2b21894fca2ce,55.31012021604938,47.561165895061734,7.748954320987643
1964,4a3ca0bceb4e642ddb33a8154cead40b0e7764f4023119b099fa6c69bc470179,56.7608075617284,49.65610709876543,7.104700462962967
1965,26afce3e1935bbdccc9de2690009f58ba7c088629da49a4bf7f49312f0221879,54.9837563271605,47.795224845679016,7.188531481481483
1966,ceacf04b3cadd35707db62270aefda0a2c3ad5fbbabefba8bf5791ba4793ace5,54.69771141975308,48.24087021604938,6.456841203703696
1967,42fb4a209444870ca8432ab65e3f9925cdf8b4d54b4678238a96dc374cf74187,56.437344135802476,48.78586450617284,7.651479629629634
1968,a5ecfa07bc9492df3522c3c84e6b8f60bc5c9f96f5c6d5d04f35350f58b4331c,55.00794429012346,48.078069753086424,6.929874537037037
1969,07f66749a34aa39fe91e5898c8405c7595b2bbe674409ddf49d11a7fc4526a25,56.45539305555555,48.99193811728395,7.463454938271596
1970,5875a8e0f4ff574c5b174d837546fd3f80b1ee5a1ecfc8b863959968d7b5890d,55.67365061728395,48.541677932098764,7.131972685185183
1971,c9b572a1b3e3de9a315e9fa550bde972731ad16696ff07cb5ac2c395aba13c37,54.57593533950617,47.46185108024691,7.114084259259258
1972,95d027d73f38113ee354dece693849d941b244968fc009febc67d77f2d34e1a8,55.77111543209877,48.082279166666666,7.688836265432101
1973,89b906ce5dcfb919f0c7ca660f53cbe45128dfc836430f54333338644e7a1e42,57.2030388888889,50.14102669753086,7.062012191358036
1974,8408c750d8f64b30f5e493d4284540b360fd1c9526bac7105aef69e0baeb74c1,55.49787345679013,48.18473132716049,7.3131421296296395
1975,bb2df51f85be683eaf85112ba427d83d645a0e1148e7b572fb81c9cf9ff04bb2,55.073340895061726,47.98985925925926,7.083481635802464
1976,0c546c36cb178867733c88412b057d4a9ce41569f8583dfed6a9c1a025d880c1,57.17427901234567,49.84052253086419,7.33375648148148
1977,cd264e5841ab0b05b756930703acf9f0ca932dc9f7152a12474c1243c266536f,54.55742206790124,46.35383888888889,8.203583179012355
1978,1656679920c1c16c6f61842888fd2578468c71f528f093970f4636e5465dca9f,56.22357577160493,48.78356512345679,7.440010648148139
1979,75d166ab03094adc8949df89b3ae851d2ee9525270747737f588d059f7d5daa5,54.48931543209876,48.12729567901234,6.362019753086422
1980,052ae179a548e50118932e10f3c6cdbab43ccf60b84147164100a922fc011a68,54.399401543209876,47.45092422839506,6.9484773148148165
1981,31efd24926fbaa3f4d7d91b6348af65e0daec32330409eed1f58c4e9a2ba5d26,55.797647222222224,48.9347063271605,6.862940895061726
1982,585516cd6b05f2f37cda548fd2a911f464f83cb1cc6ea7df75006b4f60e5b245,54.161441512345675,47.31587669753087,6.845564814814807
1983,592ef0b8244b5c75807b7505697e5d2ee0e4654eb07b586cba85ff9556c22f12,55.236859413580234,48.138725,7.098134413580233
1984,b78ab06a1dd6d54f50b7e2e2424e99b222dd03e29397d55c62b6b8e6da59c27b,55.127726234567895,47.896275771604934,7.231450462962961
1985,90e4c03d57ac1b8cdbe9c60fad42a7c17eadc91d9576cec8f9552387d42261cf,56.64946435185185,48.82836049382716,7.821103858024685
1986,dff83257b5159fd104400cfbda074799b565dd30a3da3c9034de2512d3e6f9bd,55.813183487654314,48.676272839506176,7.136910648148138
1987,6fbed082e725e8d1ad56217b93eca10df2ca42065f955ff631c338f1250e77c6,57.13145432098766,49.05980185185186,8.071652469135799
1988,5dd6357c3ec5e7c1cb55c473468e8f13fbc55e51b8549b3ae6896e4e58994f33,56.331769907407406,48.72995570987654,7.601814197530864
1989,2dee1e48af080b33d2b3e72e0346fc533bc289bdd5ea1a86511d5d6b678b18d1,55.691377314814815,47.81250385802469,7.878873456790124
1990,4267ef5598230ec93d9cc6eb499dfd77954b71a6f0e323e4951750ea243f5df5,57.22830277777778,48.96852608024691,8.259776697530867
1991,b3f1a83f23f5e36875da7db0bf16866cbe22ac034a3ff8b8106472878c99da9b,55.44687793209878,48.02747469135803,7.419403240740749
1992,461021fcf528b119f519e7d7d0c9b3a2d31884f59bb40baa2e3f14d24d6d6dc3,55.50795524691359,47.73349583333334,7.774459413580246
1993,4c5ed0b47ccf789635c642056986986b5177ef3c585f88772827bd0bd7de2fde,56.81830663580247,49.03037638888889,7.787930246913582
1994,e69a989ec7aaf69d7f7db155f236b91bd4957ef93b3a5bd6e04cf409477b2e58,54.93581527777778,47.696278395061725,7.2395368827160524
1995,4b844632b53a7aac8fce0988f853e3baf798a46883a98872c5fb7577d3021a0c,55.72594907407407,48.83263842592593,6.8933106481481445
1996,36e54a469b2af9da8f3a86286d2fbb8a9a34072fa0d5fb79322178844440b4ce,55.85589151234568,48.41769938271605,7.438192129629627
1997,4c46b9bdbb77316798aca31500c0d97a5b5668ff657e8403f6f6b4c256039bea,54.75681496913579,46.91531388888889,7.8415010802469
1998,9886857ff347221f2860550e96f4d38b15c68940227993b71c7e97d5342905d9,56.26641990740741,48.817900308641974,7.4485195987654365
1999,75192fe09122648a5abccefccc64fe9ab230389b9e94f6da8d69706c2965acfa,54.707375617283944,47.436810648148146,7.270564969135798
2000,fe6c205008d14b61de9b6b421ed215f462841e79f4098d9ef931cd7e417933eb,55.24724830246914,47.4964225308642,7.750825771604937
