set,dataset,query_id,source_split,sampling_seed,initial_rank,initial_role,final_selection_basis,final_trajectory_status
allocator-development,2wiki,0027f4be088a11ebbd6eac1f6bf848b6,train,2026080205,449,primary,primary,complete
allocator-development,2wiki,018c9b0f08d311ebbd96ac1f6bf848b6,train,2026080205,27,primary,primary,complete
allocator-development,2wiki,020f25320bdb11eba7f7acde48001122,train,2026080205,559,primary,primary,complete
allocator-development,2wiki,022aa065085711ebbd59ac1f6bf848b6,train,2026080205,288,primary,primary,complete
allocator-development,2wiki,02aae9a008e211ebbda3ac1f6bf848b6,train,2026080205,561,primary,primary,complete
allocator-development,2wiki,02ac9e3f08c511ebbd8eac1f6bf848b6,train,2026080205,259,primary,primary,complete
allocator-development,2wiki,02c235f5084e11ebbd56ac1f6bf848b6,train,2026080205,443,primary,primary,complete
allocator-development,2wiki,03769bed089a11ebbd77ac1f6bf848b6,train,2026080205,306,primary,primary,complete
allocator-development,2wiki,03be1ded086211ebbd5dac1f6bf848b6,train,2026080205,328,primary,primary,complete
allocator-development,2wiki,03bfd8de08b311ebbd85ac1f6bf848b6,train,2026080205,296,primary,primary,complete
allocator-development,2wiki,042d98cc097311ebbdb0ac1f6bf848b6,train,2026080205,289,primary,primary,complete
allocator-development,2wiki,0481ed5408e311ebbda4ac1f6bf848b6,train,2026080205,554,primary,primary,complete
allocator-development,2wiki,04882bcd08f911ebbdaaac1f6bf848b6,train,2026080205,528,primary,primary,complete
allocator-development,2wiki,053ed484085a11ebbd5bac1f6bf848b6,train,2026080205,108,primary,primary,complete
allocator-development,2wiki,0546d7440bdc11eba7f7acde48001122,train,2026080205,131,primary,primary,complete
allocator-development,2wiki,056c641a0bdb11eba7f7acde48001122,train,2026080205,142,primary,primary,complete
allocator-development,2wiki,0572c04a0bda11eba7f7acde48001122,train,2026080205,404,primary,primary,complete
allocator-development,2wiki,0573624a0bdd11eba7f7acde48001122,train,2026080205,499,primary,primary,complete
allocator-development,2wiki,05736c6c087d11ebbd6aac1f6bf848b6,train,2026080205,14,primary,primary,complete
allocator-development,2wiki,05ee713d08a011ebbd78ac1f6bf848b6,train,2026080205,106,primary,primary,complete
allocator-development,2wiki,05f246ca08c011ebbd8aac1f6bf848b6,train,2026080205,347,primary,primary,complete
allocator-development,2wiki,061ddad20bdc11eba7f7acde48001122,train,2026080205,93,primary,primary,complete
allocator-development,2wiki,067a8b2d085f11ebbd5cac1f6bf848b6,train,2026080205,524,primary,primary,complete
allocator-development,2wiki,077f24360bdb11eba7f7acde48001122,train,2026080205,283,primary,primary,complete
allocator-development,2wiki,08dd65300bdc11eba7f7acde48001122,train,2026080205,140,primary,primary,complete
allocator-development,2wiki,08effdfd090311ebbdadac1f6bf848b6,train,2026080205,60,primary,primary,complete
allocator-development,2wiki,08f2ae0a0bdb11eba7f7acde48001122,train,2026080205,412,primary,primary,complete
allocator-development,2wiki,094efed8087c11ebbd69ac1f6bf848b6,train,2026080205,86,primary,primary,complete
allocator-development,2wiki,0985451a08ae11ebbd83ac1f6bf848b6,train,2026080205,34,primary,primary,complete
allocator-development,2wiki,09af1eac08d411ebbd96ac1f6bf848b6,train,2026080205,445,primary,primary,complete
allocator-development,2wiki,0ac6c6400bda11eba7f7acde48001122,train,2026080205,362,primary,primary,complete
allocator-development,2wiki,0add615c089711ebbd76ac1f6bf848b6,train,2026080205,336,primary,primary,complete
allocator-development,2wiki,0ae4662a0bdd11eba7f7acde48001122,train,2026080205,520,primary,primary,complete
allocator-development,2wiki,0bcaa4d00bda11eba7f7acde48001122,train,2026080205,201,primary,primary,complete
allocator-development,2wiki,0c7a53ad090111ebbdadac1f6bf848b6,train,2026080205,54,primary,primary,complete
allocator-development,2wiki,0cb8ac2b08b511ebbd88ac1f6bf848b6,train,2026080205,3,primary,primary,complete
allocator-development,2wiki,0d43644a0bdb11eba7f7acde48001122,train,2026080205,582,primary,primary,complete
allocator-development,2wiki,0e35493c0bda11eba7f7acde48001122,train,2026080205,113,primary,primary,complete
allocator-development,2wiki,0ff645220bdb11eba7f7acde48001122,train,2026080205,242,primary,primary,complete
allocator-development,2wiki,11137b040bdc11eba7f7acde48001122,train,2026080205,168,primary,primary,complete
allocator-development,2wiki,117e59eb098b11ebbdb0ac1f6bf848b6,train,2026080205,90,primary,primary,complete
allocator-development,2wiki,118e6cde0bdb11eba7f7acde48001122,train,2026080205,230,primary,primary,complete
allocator-development,2wiki,11ebaa71091711ebbdaeac1f6bf848b6,train,2026080205,594,primary,primary,complete
allocator-development,2wiki,11efd8820bdd11eba7f7acde48001122,train,2026080205,114,primary,primary,complete
allocator-development,2wiki,1299f7d60bdd11eba7f7acde48001122,train,2026080205,503,primary,primary,complete
allocator-development,2wiki,131575e60bdd11eba7f7acde48001122,train,2026080205,122,primary,primary,complete
allocator-development,2wiki,1397245b08cd11ebbd93ac1f6bf848b6,train,2026080205,22,primary,primary,complete
allocator-development,2wiki,13d7e2be0bda11eba7f7acde48001122,train,2026080205,79,primary,primary,complete
allocator-development,2wiki,13edf75e0bdd11eba7f7acde48001122,train,2026080205,340,primary,primary,complete
allocator-development,2wiki,157f1cd00bdb11eba7f7acde48001122,train,2026080205,353,primary,primary,complete
allocator-development,2wiki,173cbc80087a11ebbd67ac1f6bf848b6,train,2026080205,51,primary,primary,complete
allocator-development,2wiki,17664f220bdc11eba7f7acde48001122,train,2026080205,127,primary,primary,complete
allocator-development,2wiki,177c6b520bde11eba7f7acde48001122,train,2026080205,493,primary,primary,complete
allocator-development,2wiki,1787dab608e411ebbda4ac1f6bf848b6,train,2026080205,165,primary,primary,complete
allocator-development,2wiki,18059409089211ebbd73ac1f6bf848b6,train,2026080205,434,primary,primary,complete
allocator-development,2wiki,1848b3c60bdc11eba7f7acde48001122,train,2026080205,270,primary,primary,complete
allocator-development,2wiki,19244229098711ebbdb0ac1f6bf848b6,train,2026080205,44,primary,primary,complete
allocator-development,2wiki,1961b2520bdd11eba7f7acde48001122,train,2026080205,588,primary,primary,complete
allocator-development,2wiki,197bc88708b311ebbd86ac1f6bf848b6,train,2026080205,134,primary,primary,complete
allocator-development,2wiki,19da0aac0bda11eba7f7acde48001122,train,2026080205,301,primary,primary,complete
allocator-development,2wiki,19f295ca08b711ebbd88ac1f6bf848b6,train,2026080205,119,primary,primary,complete
allocator-development,2wiki,1a4bee2a08b411ebbd87ac1f6bf848b6,train,2026080205,12,primary,primary,complete
allocator-development,2wiki,1a806c8d084a11ebbd55ac1f6bf848b6,train,2026080205,428,primary,primary,complete
allocator-development,2wiki,1b61039b08dc11ebbd9cac1f6bf848b6,train,2026080205,182,primary,primary,complete
allocator-development,2wiki,1bf4b5d708aa11ebbd80ac1f6bf848b6,train,2026080205,198,primary,primary,complete
allocator-development,2wiki,1c1e8d7c0baf11ebab90acde48001122,train,2026080205,295,primary,primary,complete
allocator-development,2wiki,1c20d27c0bdb11eba7f7acde48001122,train,2026080205,571,primary,primary,complete
allocator-development,2wiki,1c4241180bdc11eba7f7acde48001122,train,2026080205,378,primary,primary,complete
allocator-development,2wiki,1c7d35dc098611ebbdb0ac1f6bf848b6,train,2026080205,156,primary,primary,complete
allocator-development,2wiki,1cafe929085011ebbd56ac1f6bf848b6,train,2026080205,155,primary,primary,complete
allocator-development,2wiki,1ccdaa060bdb11eba7f7acde48001122,train,2026080205,463,primary,primary,complete
allocator-development,2wiki,1dc0a1c908f911ebbdaaac1f6bf848b6,train,2026080205,16,primary,primary,complete
allocator-development,2wiki,1e9559d4086711ebbd5eac1f6bf848b6,train,2026080205,581,primary,primary,complete
allocator-development,2wiki,20704cc40bde11eba7f7acde48001122,train,2026080205,35,primary,primary,complete
allocator-development,2wiki,20debdaa098911ebbdb0ac1f6bf848b6,train,2026080205,395,primary,primary,complete
allocator-development,2wiki,21c61a40086e11ebbd62ac1f6bf848b6,train,2026080205,148,primary,primary,complete
allocator-development,2wiki,220b3ccd098d11ebbdb0ac1f6bf848b6,train,2026080205,401,primary,primary,complete
allocator-development,2wiki,2274893f08c011ebbd8aac1f6bf848b6,train,2026080205,45,primary,primary,complete
allocator-development,2wiki,22966e1d08b811ebbd88ac1f6bf848b6,train,2026080205,583,primary,primary,complete
allocator-development,2wiki,22bea0060bda11eba7f7acde48001122,train,2026080205,427,primary,primary,complete
allocator-development,2wiki,22e287a108ba11ebbd88ac1f6bf848b6,train,2026080205,238,primary,primary,complete
allocator-development,2wiki,22f5e05d088811ebbd6eac1f6bf848b6,train,2026080205,174,primary,primary,complete
allocator-development,2wiki,232a4f2a084911ebbd55ac1f6bf848b6,train,2026080205,286,primary,primary,complete
allocator-development,2wiki,235a5462088d11ebbd70ac1f6bf848b6,train,2026080205,26,primary,primary,complete
allocator-development,2wiki,2382aa55090311ebbdadac1f6bf848b6,train,2026080205,402,primary,primary,complete
allocator-development,2wiki,2407bed80bdb11eba7f7acde48001122,train,2026080205,484,primary,primary,complete
allocator-development,2wiki,242326ca0bde11eba7f7acde48001122,train,2026080205,495,primary,primary,complete
allocator-development,2wiki,2441ac220bdd11eba7f7acde48001122,train,2026080205,300,primary,primary,complete
allocator-development,2wiki,248b0b220bda11eba7f7acde48001122,train,2026080205,458,primary,primary,complete
allocator-development,2wiki,257b90560bda11eba7f7acde48001122,train,2026080205,457,primary,primary,complete
allocator-development,2wiki,2585ec51094711ebbdaeac1f6bf848b6,train,2026080205,494,primary,primary,complete
allocator-development,2wiki,25ae6dbd084b11ebbd56ac1f6bf848b6,train,2026080205,284,primary,primary,complete
allocator-development,2wiki,2634cd9e0bdc11eba7f7acde48001122,train,2026080205,369,primary,primary,complete
allocator-development,2wiki,26475a2508a811ebbd7fac1f6bf848b6,train,2026080205,291,primary,primary,complete
allocator-development,2wiki,26c330da095d11ebbdaeac1f6bf848b6,train,2026080205,348,primary,primary,complete
allocator-development,2wiki,26c51958087b11ebbd67ac1f6bf848b6,train,2026080205,320,primary,primary,complete
allocator-development,2wiki,273085b80bdb11eba7f7acde48001122,train,2026080205,203,primary,primary,complete
allocator-development,2wiki,27b0a07a0bdd11eba7f7acde48001122,train,2026080205,576,primary,primary,complete
allocator-development,2wiki,27bfccc9087211ebbd64ac1f6bf848b6,train,2026080205,447,primary,primary,complete
allocator-development,2wiki,283af5b40bdc11eba7f7acde48001122,train,2026080205,371,primary,primary,complete
allocator-development,2wiki,28acd93008c711ebbd91ac1f6bf848b6,train,2026080205,391,primary,primary,complete
allocator-development,2wiki,28efdd860bdb11eba7f7acde48001122,train,2026080205,482,primary,primary,complete
allocator-development,2wiki,2a2190c408e711ebbda5ac1f6bf848b6,train,2026080205,253,primary,primary,complete
allocator-development,2wiki,2a2a65120bdc11eba7f7acde48001122,train,2026080205,424,primary,primary,complete
allocator-development,2wiki,2a5732f60bda11eba7f7acde48001122,train,2026080205,292,primary,primary,complete
allocator-development,2wiki,2b1842cc088611ebbd6dac1f6bf848b6,train,2026080205,537,primary,primary,complete
allocator-development,2wiki,2b3db2a4087011ebbd62ac1f6bf848b6,train,2026080205,357,primary,primary,complete
allocator-development,2wiki,2b8784c6097711ebbdb0ac1f6bf848b6,train,2026080205,279,primary,primary,complete
allocator-development,2wiki,2c6741e108eb11ebbda7ac1f6bf848b6,train,2026080205,516,primary,primary,complete
allocator-development,2wiki,2c6a5f7c08d111ebbd95ac1f6bf848b6,train,2026080205,272,primary,primary,complete
allocator-development,2wiki,2c72555d09c311ebbdb0ac1f6bf848b6,train,2026080205,589,primary,primary,complete
allocator-development,2wiki,2dbf74c208a511ebbd7dac1f6bf848b6,train,2026080205,417,primary,primary,complete
allocator-development,2wiki,2df67d4f08a411ebbd7cac1f6bf848b6,train,2026080205,151,primary,primary,complete
allocator-development,2wiki,2ef435a20bda11eba7f7acde48001122,train,2026080205,224,primary,primary,complete
allocator-development,2wiki,2f77ffc7096c11ebbdafac1f6bf848b6,train,2026080205,197,primary,primary,complete
allocator-development,2wiki,2fb81cc5084911ebbd55ac1f6bf848b6,train,2026080205,416,primary,primary,complete
allocator-development,2wiki,2ff3d8d208cd11ebbd93ac1f6bf848b6,train,2026080205,211,primary,primary,complete
allocator-development,2wiki,307d77680bde11eba7f7acde48001122,train,2026080205,577,primary,primary,complete
allocator-development,2wiki,309490000bda11eba7f7acde48001122,train,2026080205,146,primary,primary,complete
allocator-development,2wiki,309771a208f711ebbdaaac1f6bf848b6,train,2026080205,462,primary,primary,complete
allocator-development,2wiki,30b2239f088e11ebbd70ac1f6bf848b6,train,2026080205,29,primary,primary,complete
allocator-development,2wiki,30fe9801086111ebbd5dac1f6bf848b6,train,2026080205,596,primary,primary,complete
allocator-development,2wiki,31fe859a0bda11eba7f7acde48001122,train,2026080205,469,primary,primary,complete
allocator-development,2wiki,3209ac480baf11ebab90acde48001122,train,2026080205,287,primary,primary,complete
allocator-development,2wiki,3283199c094411ebbdaeac1f6bf848b6,train,2026080205,280,primary,primary,complete
allocator-development,2wiki,328f28c60bde11eba7f7acde48001122,train,2026080205,220,primary,primary,complete
allocator-development,2wiki,34cd162c08b711ebbd88ac1f6bf848b6,train,2026080205,572,primary,primary,complete
allocator-development,2wiki,34e919520bb011ebab90acde48001122,train,2026080205,121,primary,primary,complete
allocator-development,2wiki,355de1ea0bda11eba7f7acde48001122,train,2026080205,240,primary,primary,complete
allocator-development,2wiki,36276e960baf11ebab90acde48001122,train,2026080205,11,primary,primary,complete
allocator-development,2wiki,368843d308c711ebbd91ac1f6bf848b6,train,2026080205,145,primary,primary,complete
allocator-development,2wiki,369cc767097211ebbdb0ac1f6bf848b6,train,2026080205,560,primary,primary,complete
allocator-development,2wiki,36a75f280bde11eba7f7acde48001122,train,2026080205,190,primary,primary,complete
allocator-development,2wiki,37219b360bdd11eba7f7acde48001122,train,2026080205,587,primary,primary,complete
allocator-development,2wiki,38a3bda7098511ebbdb0ac1f6bf848b6,train,2026080205,508,primary,primary,complete
allocator-development,2wiki,3914b4b00bdc11eba7f7acde48001122,train,2026080205,187,primary,primary,complete
allocator-development,2wiki,391eea8a0bdb11eba7f7acde48001122,train,2026080205,261,primary,primary,complete
allocator-development,2wiki,39855f54098011ebbdb0ac1f6bf848b6,train,2026080205,506,primary,primary,complete
allocator-development,2wiki,398762da08da11ebbd9cac1f6bf848b6,train,2026080205,426,primary,primary,complete
allocator-development,2wiki,3a266c22085311ebbd59ac1f6bf848b6,train,2026080205,275,primary,primary,complete
allocator-development,2wiki,3a4ac6a5097611ebbdb0ac1f6bf848b6,train,2026080205,255,primary,primary,complete
allocator-development,2wiki,3a5f5b2c0bdc11eba7f7acde48001122,train,2026080205,78,primary,primary,complete
allocator-development,2wiki,3c044a3a0bde11eba7f7acde48001122,train,2026080205,23,primary,primary,complete
allocator-development,2wiki,3c7adb940bdb11eba7f7acde48001122,train,2026080205,186,primary,primary,complete
allocator-development,2wiki,3cbc050a08cb11ebbd92ac1f6bf848b6,train,2026080205,147,primary,primary,complete
allocator-development,2wiki,3cfece2b099b11ebbdb0ac1f6bf848b6,train,2026080205,486,primary,primary,complete
allocator-development,2wiki,3d03dbb80bdd11eba7f7acde48001122,train,2026080205,498,primary,primary,complete
allocator-development,2wiki,3d34344a08e511ebbda4ac1f6bf848b6,train,2026080205,366,primary,primary,complete
allocator-development,2wiki,3d56992a08c211ebbd8bac1f6bf848b6,train,2026080205,325,primary,primary,complete
allocator-development,2wiki,3da4cdfc0bdd11eba7f7acde48001122,train,2026080205,515,primary,primary,complete
allocator-development,2wiki,3e0dcebc0bdb11eba7f7acde48001122,train,2026080205,152,primary,primary,complete
allocator-development,2wiki,3eb141c00bd911eba7f7acde48001122,train,2026080205,567,primary,primary,complete
allocator-development,2wiki,3efcbf980bdd11eba7f7acde48001122,train,2026080205,294,primary,primary,complete
allocator-development,2wiki,3f1e03a20bdc11eba7f7acde48001122,train,2026080205,244,primary,primary,complete
allocator-development,2wiki,3f360db9097d11ebbdb0ac1f6bf848b6,train,2026080205,307,primary,primary,complete
allocator-development,2wiki,4043098a089411ebbd75ac1f6bf848b6,train,2026080205,374,primary,primary,complete
allocator-development,2wiki,40a026d00bda11eba7f7acde48001122,train,2026080205,66,primary,primary,complete
allocator-development,2wiki,40fc468808b311ebbd86ac1f6bf848b6,train,2026080205,472,primary,primary,complete
allocator-development,2wiki,4196824008b611ebbd88ac1f6bf848b6,train,2026080205,322,primary,primary,complete
allocator-development,2wiki,426c42d00bdc11eba7f7acde48001122,train,2026080205,409,primary,primary,complete
allocator-development,2wiki,433b073a085a11ebbd5cac1f6bf848b6,train,2026080205,229,primary,primary,complete
allocator-development,2wiki,436a9418086011ebbd5dac1f6bf848b6,train,2026080205,535,primary,primary,complete
allocator-development,2wiki,43d5a9720baf11ebab90acde48001122,train,2026080205,507,primary,primary,complete
allocator-development,2wiki,4454cbc408af11ebbd83ac1f6bf848b6,train,2026080205,13,primary,primary,complete
allocator-development,2wiki,44e209ec086611ebbd5eac1f6bf848b6,train,2026080205,73,primary,primary,complete
allocator-development,2wiki,44e9e80508db11ebbd9cac1f6bf848b6,train,2026080205,540,primary,primary,complete
allocator-development,2wiki,45a4a428085411ebbd59ac1f6bf848b6,train,2026080205,135,primary,primary,complete
allocator-development,2wiki,46af75d0089211ebbd73ac1f6bf848b6,train,2026080205,225,primary,primary,complete
allocator-development,2wiki,46de65500bdc11eba7f7acde48001122,train,2026080205,461,primary,primary,complete
allocator-development,2wiki,4733195a08c711ebbd91ac1f6bf848b6,train,2026080205,406,primary,primary,complete
allocator-development,2wiki,47690a1c087f11ebbd6bac1f6bf848b6,train,2026080205,534,primary,primary,complete
allocator-development,2wiki,479b13ce085011ebbd56ac1f6bf848b6,train,2026080205,189,primary,primary,complete
allocator-development,2wiki,47a474f80bdb11eba7f7acde48001122,train,2026080205,91,primary,primary,complete
allocator-development,2wiki,47ed9aca08a711ebbd7fac1f6bf848b6,train,2026080205,195,primary,primary,complete
allocator-development,2wiki,48cd75ba0bda11eba7f7acde48001122,train,2026080205,586,primary,primary,complete
allocator-development,2wiki,4994834e08d311ebbd96ac1f6bf848b6,train,2026080205,392,primary,primary,complete
allocator-development,2wiki,49f5ec9808b611ebbd88ac1f6bf848b6,train,2026080205,501,primary,primary,complete
allocator-development,2wiki,4a2e61c8084f11ebbd56ac1f6bf848b6,train,2026080205,437,primary,primary,complete
allocator-development,2wiki,4aa0d89c0bd911eba7f7acde48001122,train,2026080205,17,primary,primary,complete
allocator-development,2wiki,4b32c9120bdb11eba7f7acde48001122,train,2026080205,311,primary,primary,complete
allocator-development,2wiki,4c3e9766093b11ebbdaeac1f6bf848b6,train,2026080205,368,primary,primary,complete
allocator-development,2wiki,4db14da20bdc11eba7f7acde48001122,train,2026080205,552,primary,primary,complete
allocator-development,2wiki,4df495fa08a111ebbd79ac1f6bf848b6,train,2026080205,246,primary,primary,complete
allocator-development,2wiki,4e5d27b20bdc11eba7f7acde48001122,train,2026080205,110,primary,primary,complete
allocator-development,2wiki,4ecd1a420bda11eba7f7acde48001122,train,2026080205,18,primary,primary,complete
allocator-development,2wiki,4f1e44c6088311ebbd6dac1f6bf848b6,train,2026080205,396,primary,primary,complete
allocator-development,2wiki,4fd1e77108dc11ebbd9cac1f6bf848b6,train,2026080205,115,primary,primary,complete
allocator-development,2wiki,4fee72b60bdc11eba7f7acde48001122,train,2026080205,399,primary,primary,complete
allocator-development,2wiki,50530b6c08bd11ebbd8aac1f6bf848b6,train,2026080205,56,primary,primary,complete
allocator-development,2wiki,506c39da088011ebbd6cac1f6bf848b6,train,2026080205,254,primary,primary,complete
allocator-development,2wiki,5070dc000bdd11eba7f7acde48001122,train,2026080205,477,primary,primary,complete
allocator-development,2wiki,51b007d6085511ebbd59ac1f6bf848b6,train,2026080205,408,primary,primary,complete
allocator-development,2wiki,530341c7088911ebbd6eac1f6bf848b6,train,2026080205,228,primary,primary,complete
allocator-development,2wiki,534b18160bdb11eba7f7acde48001122,train,2026080205,7,primary,primary,complete
allocator-development,2wiki,534f67e8095811ebbdaeac1f6bf848b6,train,2026080205,330,primary,primary,complete
allocator-development,2wiki,53a18c520bde11eba7f7acde48001122,train,2026080205,8,primary,primary,complete
allocator-development,2wiki,53ce4b740bda11eba7f7acde48001122,train,2026080205,414,primary,primary,complete
allocator-development,2wiki,5438e74e0bdb11eba7f7acde48001122,train,2026080205,565,primary,primary,complete
allocator-development,2wiki,550b807e0bda11eba7f7acde48001122,train,2026080205,592,primary,primary,complete
allocator-development,2wiki,551e4fb40bdb11eba7f7acde48001122,train,2026080205,388,primary,primary,complete
allocator-development,2wiki,556cfaf00baf11ebab90acde48001122,train,2026080205,188,primary,primary,complete
allocator-development,2wiki,556e5e7e09be11ebbdb0ac1f6bf848b6,train,2026080205,564,primary,primary,complete
allocator-development,2wiki,55702f3a0bdd11eba7f7acde48001122,train,2026080205,249,primary,primary,complete
allocator-development,2wiki,55c9008f097a11ebbdb0ac1f6bf848b6,train,2026080205,511,primary,primary,complete
allocator-development,2wiki,562a2eea097411ebbdb0ac1f6bf848b6,train,2026080205,549,primary,primary,complete
allocator-development,2wiki,570ccb140bdd11eba7f7acde48001122,train,2026080205,305,primary,primary,complete
allocator-development,2wiki,57ea5b660bdb11eba7f7acde48001122,train,2026080205,98,primary,primary,complete
allocator-development,2wiki,582fc49e0bdb11eba7f7acde48001122,train,2026080205,101,primary,primary,complete
allocator-development,2wiki,5933cbd40bda11eba7f7acde48001122,train,2026080205,132,primary,primary,complete
allocator-development,2wiki,5a367ab80bda11eba7f7acde48001122,train,2026080205,2,primary,primary,complete
allocator-development,2wiki,5a8b8cb20bb011ebab90acde48001122,train,2026080205,521,primary,primary,complete
allocator-development,2wiki,5aebb9ae08c511ebbd8eac1f6bf848b6,train,2026080205,363,primary,primary,complete
allocator-development,2wiki,5b1caba2084a11ebbd56ac1f6bf848b6,train,2026080205,169,primary,primary,complete
allocator-development,2wiki,5b6a3cc60bda11eba7f7acde48001122,train,2026080205,598,primary,primary,complete
allocator-development,2wiki,5c2b0e4f099611ebbdb0ac1f6bf848b6,train,2026080205,49,primary,primary,complete
allocator-development,2wiki,5caad90c088711ebbd6dac1f6bf848b6,train,2026080205,367,primary,primary,complete
allocator-development,2wiki,5cb7e5ba0bda11eba7f7acde48001122,train,2026080205,438,primary,primary,complete
allocator-development,2wiki,5d1d48d508f511ebbdaaac1f6bf848b6,train,2026080205,52,primary,primary,complete
allocator-development,2wiki,5d923ba00bdc11eba7f7acde48001122,train,2026080205,500,primary,primary,complete
allocator-development,2wiki,5f13fdd00bda11eba7f7acde48001122,train,2026080205,343,primary,primary,complete
allocator-development,2wiki,5f159856089311ebbd74ac1f6bf848b6,train,2026080205,218,primary,primary,complete
allocator-development,2wiki,5f2064bc0bda11eba7f7acde48001122,train,2026080205,245,primary,primary,complete
allocator-development,2wiki,5f4b77e8086911ebbd5eac1f6bf848b6,train,2026080205,327,primary,primary,complete
allocator-development,2wiki,5f7371d40bda11eba7f7acde48001122,train,2026080205,467,primary,primary,complete
allocator-development,2wiki,60b8ee9e099111ebbdb0ac1f6bf848b6,train,2026080205,423,primary,primary,complete
allocator-development,2wiki,60cc753f086b11ebbd5fac1f6bf848b6,train,2026080205,217,primary,primary,complete
allocator-development,2wiki,60e15b980bdb11eba7f7acde48001122,train,2026080205,72,primary,primary,complete
allocator-development,2wiki,614c7be4089511ebbd75ac1f6bf848b6,train,2026080205,421,primary,primary,complete
allocator-development,2wiki,617403340bdc11eba7f7acde48001122,train,2026080205,590,primary,primary,complete
allocator-development,2wiki,61cd1b10098111ebbdb0ac1f6bf848b6,train,2026080205,376,primary,primary,complete
allocator-development,2wiki,6375752008a111ebbd79ac1f6bf848b6,train,2026080205,466,primary,primary,complete
allocator-development,2wiki,63f129a80bdb11eba7f7acde48001122,train,2026080205,318,primary,primary,complete
allocator-development,2wiki,63f985600bdd11eba7f7acde48001122,train,2026080205,451,primary,primary,complete
allocator-development,2wiki,647f6b6a0bda11eba7f7acde48001122,train,2026080205,204,primary,primary,complete
allocator-development,2wiki,651590920bdd11eba7f7acde48001122,train,2026080205,308,primary,primary,complete
allocator-development,2wiki,653a27fe0bdd11eba7f7acde48001122,train,2026080205,256,primary,primary,complete
allocator-development,2wiki,6568874a087511ebbd67ac1f6bf848b6,train,2026080205,326,primary,primary,complete
allocator-development,2wiki,66027665089011ebbd72ac1f6bf848b6,train,2026080205,550,primary,primary,complete
allocator-development,2wiki,672d7f1e089711ebbd77ac1f6bf848b6,train,2026080205,570,primary,primary,complete
allocator-development,2wiki,674e7ef20bdb11eba7f7acde48001122,train,2026080205,585,primary,primary,complete
allocator-development,2wiki,676edb8808d011ebbd95ac1f6bf848b6,train,2026080205,38,primary,primary,complete
allocator-development,2wiki,67de96fc0bdd11eba7f7acde48001122,train,2026080205,334,primary,primary,complete
allocator-development,2wiki,682fe77008ca11ebbd92ac1f6bf848b6,train,2026080205,263,primary,primary,complete
allocator-development,2wiki,689ee34208a611ebbd7fac1f6bf848b6,train,2026080205,170,primary,primary,complete
allocator-development,2wiki,69d2097208b711ebbd88ac1f6bf848b6,train,2026080205,178,primary,primary,complete
allocator-development,2wiki,6a93e26d08c711ebbd91ac1f6bf848b6,train,2026080205,124,primary,primary,complete
allocator-development,2wiki,6aa54d7b08bf11ebbd8aac1f6bf848b6,train,2026080205,599,primary,primary,complete
allocator-development,2wiki,6ad84b240bdc11eba7f7acde48001122,train,2026080205,293,primary,primary,complete
allocator-development,2wiki,6b8be01a0bd911eba7f7acde48001122,train,2026080205,546,primary,primary,complete
allocator-development,2wiki,6c40fa0f097e11ebbdb0ac1f6bf848b6,train,2026080205,419,primary,primary,complete
allocator-development,2wiki,6c5911620bdd11eba7f7acde48001122,train,2026080205,33,primary,primary,complete
allocator-development,2wiki,6cac0c8d088611ebbd6dac1f6bf848b6,train,2026080205,191,primary,primary,complete
allocator-development,2wiki,6f8101e00bda11eba7f7acde48001122,train,2026080205,243,primary,primary,complete
allocator-development,2wiki,6fe428360bdc11eba7f7acde48001122,train,2026080205,83,primary,primary,complete
allocator-development,2wiki,70b3d2af085611ebbd59ac1f6bf848b6,train,2026080205,282,primary,primary,complete
allocator-development,2wiki,70cf7611087111ebbd63ac1f6bf848b6,train,2026080205,331,primary,primary,complete
allocator-development,2wiki,70d9f46e08a811ebbd7fac1f6bf848b6,train,2026080205,95,primary,primary,complete
allocator-development,2wiki,71bbd87c0bda11eba7f7acde48001122,train,2026080205,382,primary,primary,complete
allocator-development,2wiki,71e5e8a00bdb11eba7f7acde48001122,train,2026080205,205,primary,primary,complete
allocator-development,2wiki,72c422820bdb11eba7f7acde48001122,train,2026080205,372,primary,primary,complete
allocator-development,2wiki,73508b180bdc11eba7f7acde48001122,train,2026080205,290,primary,primary,complete
allocator-development,2wiki,737f52b00bda11eba7f7acde48001122,train,2026080205,341,primary,primary,complete
allocator-development,2wiki,744ccdfa0bdd11eba7f7acde48001122,train,2026080205,248,primary,primary,complete
allocator-development,2wiki,7662d2a80bdb11eba7f7acde48001122,train,2026080205,250,primary,primary,complete
allocator-development,2wiki,76e0d9d6097611ebbdb0ac1f6bf848b6,train,2026080205,460,primary,primary,complete
allocator-development,2wiki,770c71940bdd11eba7f7acde48001122,train,2026080205,453,primary,primary,complete
allocator-development,2wiki,77860c6f098211ebbdb0ac1f6bf848b6,train,2026080205,82,primary,primary,complete
allocator-development,2wiki,77c96a800bdb11eba7f7acde48001122,train,2026080205,338,primary,primary,complete
allocator-development,2wiki,78fd91e509c411ebbdb0ac1f6bf848b6,train,2026080205,222,primary,primary,complete
allocator-development,2wiki,7964c8780bd911eba7f7acde48001122,train,2026080205,77,primary,primary,complete
allocator-development,2wiki,79dbdc89097411ebbdb0ac1f6bf848b6,train,2026080205,432,primary,primary,complete
allocator-development,2wiki,7a0958560bda11eba7f7acde48001122,train,2026080205,333,primary,primary,complete
allocator-development,2wiki,7a38a0c0084c11ebbd56ac1f6bf848b6,train,2026080205,285,primary,primary,complete
allocator-development,2wiki,7a9435100bdb11eba7f7acde48001122,train,2026080205,337,primary,primary,complete
allocator-development,2wiki,7aa51c0808e411ebbda4ac1f6bf848b6,train,2026080205,315,primary,primary,complete
allocator-development,2wiki,7b014e740bdc11eba7f7acde48001122,train,2026080205,522,primary,primary,complete
allocator-development,2wiki,7ba100b4087711ebbd67ac1f6bf848b6,train,2026080205,89,primary,primary,complete
allocator-development,2wiki,7bc4ab1e084c11ebbd56ac1f6bf848b6,train,2026080205,176,primary,primary,complete
allocator-development,2wiki,7bf6a8de0bdb11eba7f7acde48001122,train,2026080205,164,primary,primary,complete
allocator-development,2wiki,7c512d8c08ce11ebbd94ac1f6bf848b6,train,2026080205,48,primary,primary,complete
allocator-development,2wiki,7ca25e1b087311ebbd66ac1f6bf848b6,train,2026080205,128,primary,primary,complete
allocator-development,2wiki,7d05e4440bd911eba7f7acde48001122,train,2026080205,32,primary,primary,complete
allocator-development,2wiki,7d6b5be80bda11eba7f7acde48001122,train,2026080205,206,primary,primary,complete
allocator-development,2wiki,7d8f9bf7085411ebbd59ac1f6bf848b6,train,2026080205,42,primary,primary,complete
allocator-development,2wiki,7df4b29c08b711ebbd88ac1f6bf848b6,train,2026080205,153,primary,primary,complete
allocator-development,2wiki,7dfd7fe60bda11eba7f7acde48001122,train,2026080205,386,primary,primary,complete
allocator-development,2wiki,7e1f2e4e0bd911eba7f7acde48001122,train,2026080205,273,primary,primary,complete
allocator-development,2wiki,7e36d59e0bd911eba7f7acde48001122,train,2026080205,389,primary,primary,complete
allocator-development,2wiki,7e5e605c089411ebbd75ac1f6bf848b6,train,2026080205,69,primary,primary,complete
allocator-development,2wiki,7e7cafac0bdd11eba7f7acde48001122,train,2026080205,235,primary,primary,complete
allocator-development,2wiki,7f2c0dde089d11ebbd78ac1f6bf848b6,train,2026080205,58,primary,primary,complete
allocator-development,2wiki,7f4403b40bdc11eba7f7acde48001122,train,2026080205,485,primary,primary,complete
allocator-development,2wiki,7f4baf0c0bdb11eba7f7acde48001122,train,2026080205,383,primary,primary,complete
allocator-development,2wiki,7f849ffb09c211ebbdb0ac1f6bf848b6,train,2026080205,539,primary,primary,complete
allocator-development,2wiki,8061598a088611ebbd6dac1f6bf848b6,train,2026080205,355,primary,primary,complete
allocator-development,2wiki,80abac72088d11ebbd70ac1f6bf848b6,train,2026080205,252,primary,primary,complete
allocator-development,2wiki,80c0df480bda11eba7f7acde48001122,train,2026080205,39,primary,primary,complete
allocator-development,2wiki,80e480320bdb11eba7f7acde48001122,train,2026080205,75,primary,primary,complete
allocator-development,2wiki,8308df9c08a311ebbd7bac1f6bf848b6,train,2026080205,526,primary,primary,complete
allocator-development,2wiki,83330d420bd911eba7f7acde48001122,train,2026080205,267,primary,primary,complete
allocator-development,2wiki,83a107940bdd11eba7f7acde48001122,train,2026080205,450,primary,primary,complete
allocator-development,2wiki,83d2a5e20bdd11eba7f7acde48001122,train,2026080205,227,primary,primary,complete
allocator-development,2wiki,83d97f400bdb11eba7f7acde48001122,train,2026080205,213,primary,primary,complete
allocator-development,2wiki,83f328520bd911eba7f7acde48001122,train,2026080205,177,primary,primary,complete
allocator-development,2wiki,8497d4f20bdd11eba7f7acde48001122,train,2026080205,162,primary,primary,complete
allocator-development,2wiki,849ad71a0bdd11eba7f7acde48001122,train,2026080205,478,primary,primary,complete
allocator-development,2wiki,84ab9319099211ebbdb0ac1f6bf848b6,train,2026080205,504,primary,primary,complete
allocator-development,2wiki,84b455fc0bdb11eba7f7acde48001122,train,2026080205,180,primary,primary,complete
allocator-development,2wiki,86bf6ed608b611ebbd88ac1f6bf848b6,train,2026080205,251,primary,primary,complete
allocator-development,2wiki,8734c50c085011ebbd57ac1f6bf848b6,train,2026080205,551,primary,primary,complete
allocator-development,2wiki,876e578c0bdd11eba7f7acde48001122,train,2026080205,221,primary,primary,complete
allocator-development,2wiki,8777c50e0bda11eba7f7acde48001122,train,2026080205,483,primary,primary,complete
allocator-development,2wiki,8836ade2086111ebbd5dac1f6bf848b6,train,2026080205,150,primary,primary,complete
allocator-development,2wiki,89b974be0bdc11eba7f7acde48001122,train,2026080205,88,primary,primary,complete
allocator-development,2wiki,8a0f94140bd911eba7f7acde48001122,train,2026080205,269,primary,primary,complete
allocator-development,2wiki,8b16668408c911ebbd92ac1f6bf848b6,train,2026080205,4,primary,primary,complete
allocator-development,2wiki,8bd91e79099211ebbdb0ac1f6bf848b6,train,2026080205,459,primary,primary,complete
allocator-development,2wiki,8c1928d00bdc11eba7f7acde48001122,train,2026080205,563,primary,primary,complete
allocator-development,2wiki,8c2cd8780bda11eba7f7acde48001122,train,2026080205,36,primary,primary,complete
allocator-development,2wiki,8c66b89e0bdb11eba7f7acde48001122,train,2026080205,298,primary,primary,complete
allocator-development,2wiki,8d4352a6089111ebbd73ac1f6bf848b6,train,2026080205,547,primary,primary,complete
allocator-development,2wiki,8d5a19840baf11ebab90acde48001122,train,2026080205,276,primary,primary,complete
allocator-development,2wiki,8e905b900bd911eba7f7acde48001122,train,2026080205,393,primary,primary,complete
allocator-development,2wiki,8f3c71540bda11eba7f7acde48001122,train,2026080205,568,primary,primary,complete
allocator-development,2wiki,8f757060089411ebbd75ac1f6bf848b6,train,2026080205,194,primary,primary,complete
allocator-development,2wiki,8f7d2e2f099011ebbdb0ac1f6bf848b6,train,2026080205,418,primary,primary,complete
allocator-development,2wiki,900744f208a511ebbd7dac1f6bf848b6,train,2026080205,212,primary,primary,complete
allocator-development,2wiki,907d45840bda11eba7f7acde48001122,train,2026080205,479,primary,primary,complete
allocator-development,2wiki,9088c1e60baf11ebab90acde48001122,train,2026080205,375,primary,primary,complete
allocator-development,2wiki,9094dd4b098a11ebbdb0ac1f6bf848b6,train,2026080205,107,primary,primary,complete
allocator-development,2wiki,910acfd60bd911eba7f7acde48001122,train,2026080205,196,primary,primary,complete
allocator-development,2wiki,9117c8e308b611ebbd88ac1f6bf848b6,train,2026080205,25,primary,primary,complete
allocator-development,2wiki,914380b80bdb11eba7f7acde48001122,train,2026080205,413,primary,primary,complete
allocator-development,2wiki,91e7b2340bd911eba7f7acde48001122,train,2026080205,349,primary,primary,complete
allocator-development,2wiki,91eb38160bdc11eba7f7acde48001122,train,2026080205,144,primary,primary,complete
allocator-development,2wiki,92377c2c0bdb11eba7f7acde48001122,train,2026080205,591,primary,primary,complete
allocator-development,2wiki,926dc67008f111ebbda8ac1f6bf848b6,train,2026080205,67,primary,primary,complete
allocator-development,2wiki,92740c7a093811ebbdaeac1f6bf848b6,train,2026080205,80,primary,primary,complete
allocator-development,2wiki,9282b31808d911ebbd9cac1f6bf848b6,train,2026080205,24,primary,primary,complete
allocator-development,2wiki,933865140bdb11eba7f7acde48001122,train,2026080205,354,primary,primary,complete
allocator-development,2wiki,93b6a9e20bdb11eba7f7acde48001122,train,2026080205,490,primary,primary,complete
allocator-development,2wiki,93f96475084a11ebbd56ac1f6bf848b6,train,2026080205,64,primary,primary,complete
allocator-development,2wiki,94716f8b098711ebbdb0ac1f6bf848b6,train,2026080205,544,primary,primary,complete
allocator-development,2wiki,94a2e572088f11ebbd72ac1f6bf848b6,train,2026080205,316,primary,primary,complete
allocator-development,2wiki,94a47fa1086b11ebbd5fac1f6bf848b6,train,2026080205,62,primary,primary,complete
allocator-development,2wiki,959da1d0087411ebbd67ac1f6bf848b6,train,2026080205,497,primary,primary,complete
allocator-development,2wiki,96902f9208b811ebbd88ac1f6bf848b6,train,2026080205,116,primary,primary,complete
allocator-development,2wiki,96ab66da0bd911eba7f7acde48001122,train,2026080205,519,primary,primary,complete
allocator-development,2wiki,96cc1e040bdc11eba7f7acde48001122,train,2026080205,321,primary,primary,complete
allocator-development,2wiki,97d1491a0bdb11eba7f7acde48001122,train,2026080205,530,primary,primary,complete
allocator-development,2wiki,982146320bda11eba7f7acde48001122,train,2026080205,207,primary,primary,complete
allocator-development,2wiki,9828d8f5088b11ebbd6fac1f6bf848b6,train,2026080205,491,primary,primary,complete
allocator-development,2wiki,9951a1520bdd11eba7f7acde48001122,train,2026080205,492,primary,primary,complete
allocator-development,2wiki,998f221e0bda11eba7f7acde48001122,train,2026080205,1,primary,primary,complete
allocator-development,2wiki,99abec8a085d11ebbd5cac1f6bf848b6,train,2026080205,545,primary,primary,complete
allocator-development,2wiki,9a509cc008db11ebbd9cac1f6bf848b6,train,2026080205,163,primary,primary,complete
allocator-development,2wiki,9a88a52b089f11ebbd78ac1f6bf848b6,train,2026080205,92,primary,primary,complete
allocator-development,2wiki,9b2d55e2089611ebbd76ac1f6bf848b6,train,2026080205,431,primary,primary,complete
allocator-development,2wiki,9b68bbc908d211ebbd96ac1f6bf848b6,train,2026080205,436,primary,primary,complete
allocator-development,2wiki,9bf40aee08e011ebbda2ac1f6bf848b6,train,2026080205,523,primary,primary,complete
allocator-development,2wiki,9c7e910c097011ebbdb0ac1f6bf848b6,train,2026080205,380,primary,primary,complete
allocator-development,2wiki,9cae95b00bda11eba7f7acde48001122,train,2026080205,184,primary,primary,complete
allocator-development,2wiki,9cdf9a8c0bdc11eba7f7acde48001122,train,2026080205,481,primary,primary,complete
allocator-development,2wiki,9d2b53ca087411ebbd67ac1f6bf848b6,train,2026080205,214,primary,primary,complete
allocator-development,2wiki,9d82dabc0bdc11eba7f7acde48001122,train,2026080205,394,primary,primary,complete
allocator-development,2wiki,9e23c9b40bdb11eba7f7acde48001122,train,2026080205,465,primary,primary,complete
allocator-development,2wiki,9f5138d00bdb11eba7f7acde48001122,train,2026080205,71,primary,primary,complete
allocator-development,2wiki,a00925b60bdc11eba7f7acde48001122,train,2026080205,130,primary,primary,complete
allocator-development,2wiki,a01b983d096e11ebbdb0ac1f6bf848b6,train,2026080205,597,primary,primary,complete
allocator-development,2wiki,a036ffd60bdc11eba7f7acde48001122,train,2026080205,43,primary,primary,complete
allocator-development,2wiki,a098c0ec0bda11eba7f7acde48001122,train,2026080205,271,primary,primary,complete
allocator-development,2wiki,a0aaa36708d311ebbd96ac1f6bf848b6,train,2026080205,6,primary,primary,complete
allocator-development,2wiki,a0f10ce4085f11ebbd5dac1f6bf848b6,train,2026080205,185,primary,primary,complete
allocator-development,2wiki,a0f135740bda11eba7f7acde48001122,train,2026080205,403,primary,primary,complete
allocator-development,2wiki,a0f5f4c5098b11ebbdb0ac1f6bf848b6,train,2026080205,237,primary,primary,complete
allocator-development,2wiki,a131d446097b11ebbdb0ac1f6bf848b6,train,2026080205,99,primary,primary,complete
allocator-development,2wiki,a2b8213e087311ebbd66ac1f6bf848b6,train,2026080205,55,primary,primary,complete
allocator-development,2wiki,a35605d00bdd11eba7f7acde48001122,train,2026080205,199,primary,primary,complete
allocator-development,2wiki,a357cd300bdc11eba7f7acde48001122,train,2026080205,154,primary,primary,complete
allocator-development,2wiki,a36033b40bda11eba7f7acde48001122,train,2026080205,15,primary,primary,complete
allocator-development,2wiki,a377835c098b11ebbdb0ac1f6bf848b6,train,2026080205,433,primary,primary,complete
allocator-development,2wiki,a4b3a9ea0bd911eba7f7acde48001122,train,2026080205,578,primary,primary,complete
allocator-development,2wiki,a5758bfb099411ebbdb0ac1f6bf848b6,train,2026080205,517,primary,primary,complete
allocator-development,2wiki,a5c1b31f08d111ebbd95ac1f6bf848b6,train,2026080205,46,primary,primary,complete
allocator-development,2wiki,a6518d7e089311ebbd75ac1f6bf848b6,train,2026080205,344,primary,primary,complete
allocator-development,2wiki,a66b4e540bda11eba7f7acde48001122,train,2026080205,172,primary,primary,complete
allocator-development,2wiki,a750e86408ac11ebbd83ac1f6bf848b6,train,2026080205,471,primary,primary,complete
allocator-development,2wiki,a7b05890086a11ebbd5fac1f6bf848b6,train,2026080205,112,primary,primary,complete
allocator-development,2wiki,a804fd7a08ba11ebbd88ac1f6bf848b6,train,2026080205,442,primary,primary,complete
allocator-development,2wiki,a818e833088e11ebbd70ac1f6bf848b6,train,2026080205,542,primary,primary,complete
allocator-development,2wiki,a8643efe08c511ebbd8fac1f6bf848b6,train,2026080205,257,primary,primary,complete
allocator-development,2wiki,a969c1b5097f11ebbdb0ac1f6bf848b6,train,2026080205,525,primary,primary,complete
allocator-development,2wiki,a9a7b5b2087411ebbd67ac1f6bf848b6,train,2026080205,487,primary,primary,complete
allocator-development,2wiki,a9e744c80bdc11eba7f7acde48001122,train,2026080205,538,primary,primary,complete
allocator-development,2wiki,aaa7106e0baf11ebab90acde48001122,train,2026080205,579,primary,primary,complete
allocator-development,2wiki,ab5dc40a0bda11eba7f7acde48001122,train,2026080205,527,primary,primary,complete
allocator-development,2wiki,ab5dec140bda11eba7f7acde48001122,train,2026080205,50,primary,primary,complete
allocator-development,2wiki,ab6dff800bdc11eba7f7acde48001122,train,2026080205,239,primary,primary,complete
allocator-development,2wiki,abfb5a5c098a11ebbdb0ac1f6bf848b6,train,2026080205,510,primary,primary,complete
allocator-development,2wiki,ac2df2780bdb11eba7f7acde48001122,train,2026080205,496,primary,primary,complete
allocator-development,2wiki,ae73e4a208bb11ebbd88ac1f6bf848b6,train,2026080205,532,primary,primary,complete
allocator-development,2wiki,aebdabb00bda11eba7f7acde48001122,train,2026080205,266,primary,primary,complete
allocator-development,2wiki,af441c33098111ebbdb0ac1f6bf848b6,train,2026080205,446,primary,primary,complete
allocator-development,2wiki,af46c2e80bd911eba7f7acde48001122,train,2026080205,313,primary,primary,complete
allocator-development,2wiki,af82b0c80bd911eba7f7acde48001122,train,2026080205,529,primary,primary,complete
allocator-development,2wiki,afe6215f08b311ebbd86ac1f6bf848b6,train,2026080205,111,primary,primary,complete
allocator-development,2wiki,b104eac108c711ebbd91ac1f6bf848b6,train,2026080205,136,primary,primary,complete
allocator-development,2wiki,b124e328089711ebbd77ac1f6bf848b6,train,2026080205,223,primary,primary,complete
allocator-development,2wiki,b19ce1b6088311ebbd6dac1f6bf848b6,train,2026080205,209,primary,primary,complete
allocator-development,2wiki,b2287ade089f11ebbd78ac1f6bf848b6,train,2026080205,319,primary,primary,complete
allocator-development,2wiki,b233120f08be11ebbd8aac1f6bf848b6,train,2026080205,278,primary,primary,complete
allocator-development,2wiki,b23f68a80baf11ebab90acde48001122,train,2026080205,536,primary,primary,complete
allocator-development,2wiki,b2410134086911ebbd5eac1f6bf848b6,train,2026080205,173,primary,primary,complete
allocator-development,2wiki,b24d649c0bd911eba7f7acde48001122,train,2026080205,358,primary,primary,complete
allocator-development,2wiki,b345dc69084f11ebbd56ac1f6bf848b6,train,2026080205,28,primary,primary,complete
allocator-development,2wiki,b359c90a087511ebbd67ac1f6bf848b6,train,2026080205,556,primary,primary,complete
allocator-development,2wiki,b390ad4a0bda11eba7f7acde48001122,train,2026080205,304,primary,primary,complete
allocator-development,2wiki,b4590257097611ebbdb0ac1f6bf848b6,train,2026080205,513,primary,primary,complete
allocator-development,2wiki,b510a9ec08e511ebbda4ac1f6bf848b6,train,2026080205,183,primary,primary,complete
allocator-development,2wiki,b51bc7ec09c011ebbdb0ac1f6bf848b6,train,2026080205,192,primary,primary,complete
allocator-development,2wiki,b58b647f08d911ebbd9cac1f6bf848b6,train,2026080205,595,primary,primary,complete
allocator-development,2wiki,b5ca4d820bda11eba7f7acde48001122,train,2026080205,193,primary,primary,complete
allocator-development,2wiki,b5ee5676088011ebbd6dac1f6bf848b6,train,2026080205,37,primary,primary,complete
allocator-development,2wiki,b67d824e08ce11ebbd94ac1f6bf848b6,train,2026080205,543,primary,primary,complete
allocator-development,2wiki,b70b39cc085111ebbd58ac1f6bf848b6,train,2026080205,133,primary,primary,complete
allocator-development,2wiki,b76d23ae0bd911eba7f7acde48001122,train,2026080205,61,primary,primary,complete
allocator-development,2wiki,b7762afc086011ebbd5dac1f6bf848b6,train,2026080205,126,primary,primary,complete
allocator-development,2wiki,b7d861aa08af11ebbd83ac1f6bf848b6,train,2026080205,21,primary,primary,complete
allocator-development,2wiki,b898bb35089211ebbd74ac1f6bf848b6,train,2026080205,31,primary,primary,complete
allocator-development,2wiki,b901a6b40bdd11eba7f7acde48001122,train,2026080205,400,primary,primary,complete
allocator-development,2wiki,ba4390940bda11eba7f7acde48001122,train,2026080205,473,primary,primary,complete
allocator-development,2wiki,bbc59a620bd911eba7f7acde48001122,train,2026080205,329,primary,primary,complete
allocator-development,2wiki,bbde2e59085311ebbd59ac1f6bf848b6,train,2026080205,439,primary,primary,complete
allocator-development,2wiki,bc2cd1fc08ad11ebbd83ac1f6bf848b6,train,2026080205,410,primary,primary,complete
allocator-development,2wiki,bc60ea6c084b11ebbd56ac1f6bf848b6,train,2026080205,553,primary,primary,complete
allocator-development,2wiki,bdc3487c0bda11eba7f7acde48001122,train,2026080205,332,primary,primary,complete
allocator-development,2wiki,be1154ee0bdb11eba7f7acde48001122,train,2026080205,97,primary,primary,complete
allocator-development,2wiki,be23193a08f511ebbdaaac1f6bf848b6,train,2026080205,139,primary,primary,complete
allocator-development,2wiki,be661d5d08a311ebbd7cac1f6bf848b6,train,2026080205,415,primary,primary,complete
allocator-development,2wiki,be9e50140bdc11eba7f7acde48001122,train,2026080205,85,primary,primary,complete
allocator-development,2wiki,beb1f79e0bdd11eba7f7acde48001122,train,2026080205,476,primary,primary,complete
allocator-development,2wiki,c0eaf15e0bd911eba7f7acde48001122,train,2026080205,258,primary,primary,complete
allocator-development,2wiki,c21796f1089f11ebbd78ac1f6bf848b6,train,2026080205,260,primary,primary,complete
allocator-development,2wiki,c2647ad3084b11ebbd56ac1f6bf848b6,train,2026080205,346,primary,primary,complete
allocator-development,2wiki,c483d59a0bdb11eba7f7acde48001122,train,2026080205,509,primary,primary,complete
allocator-development,2wiki,c4a9a1f509c011ebbdb0ac1f6bf848b6,train,2026080205,181,primary,primary,complete
allocator-development,2wiki,c4dd790e0bdd11eba7f7acde48001122,train,2026080205,531,primary,primary,complete
allocator-development,2wiki,c51074380bda11eba7f7acde48001122,train,2026080205,573,primary,primary,complete
allocator-development,2wiki,c5c57e7a08e511ebbda4ac1f6bf848b6,train,2026080205,210,primary,primary,complete
allocator-development,2wiki,c5cd4d5608ba11ebbd88ac1f6bf848b6,train,2026080205,352,primary,primary,complete
allocator-development,2wiki,c620e5920bda11eba7f7acde48001122,train,2026080205,68,primary,primary,complete
allocator-development,2wiki,c6a09b6c08d711ebbd9aac1f6bf848b6,train,2026080205,359,primary,primary,complete
allocator-development,2wiki,c78abb160bd911eba7f7acde48001122,train,2026080205,226,primary,primary,complete
allocator-development,2wiki,c79673060bda11eba7f7acde48001122,train,2026080205,109,primary,primary,complete
allocator-development,2wiki,c797402a084b11ebbd56ac1f6bf848b6,train,2026080205,160,primary,primary,complete
allocator-development,2wiki,c8752db808e111ebbda3ac1f6bf848b6,train,2026080205,141,primary,primary,complete
allocator-development,2wiki,c8abe05608e311ebbda4ac1f6bf848b6,train,2026080205,455,primary,primary,complete
allocator-development,2wiki,c8fbc398085d11ebbd5cac1f6bf848b6,train,2026080205,262,primary,primary,complete
allocator-development,2wiki,c958867e0bdb11eba7f7acde48001122,train,2026080205,475,primary,primary,complete
allocator-development,2wiki,c97acb2b089e11ebbd78ac1f6bf848b6,train,2026080205,47,primary,primary,complete
allocator-development,2wiki,c992c60c088b11ebbd6fac1f6bf848b6,train,2026080205,440,primary,primary,complete
allocator-development,2wiki,c9aca4120bda11eba7f7acde48001122,train,2026080205,41,primary,primary,complete
allocator-development,2wiki,c9e497c80bda11eba7f7acde48001122,train,2026080205,120,primary,primary,complete
allocator-development,2wiki,ca323f56088211ebbd6dac1f6bf848b6,train,2026080205,390,primary,primary,complete
allocator-development,2wiki,cad35875088611ebbd6dac1f6bf848b6,train,2026080205,175,primary,primary,complete
allocator-development,2wiki,cb1604cc0bdc11eba7f7acde48001122,train,2026080205,566,primary,primary,complete
allocator-development,2wiki,cb1ef9c008b611ebbd88ac1f6bf848b6,train,2026080205,377,primary,primary,complete
allocator-development,2wiki,cb47f25708f411ebbdaaac1f6bf848b6,train,2026080205,555,primary,primary,complete
allocator-development,2wiki,cbdce17d097d11ebbdb0ac1f6bf848b6,train,2026080205,241,primary,primary,complete
allocator-development,2wiki,cbe07f5b095111ebbdaeac1f6bf848b6,train,2026080205,105,primary,primary,complete
allocator-development,2wiki,cc2ee28a0bdb11eba7f7acde48001122,train,2026080205,398,primary,primary,complete
allocator-development,2wiki,ccbd3c8d094811ebbdaeac1f6bf848b6,train,2026080205,274,primary,primary,complete
allocator-development,2wiki,ccfe0fd20bdc11eba7f7acde48001122,train,2026080205,171,primary,primary,complete
allocator-development,2wiki,cd8bb28d089f11ebbd78ac1f6bf848b6,train,2026080205,65,primary,primary,complete
allocator-development,2wiki,cd9565620bdc11eba7f7acde48001122,train,2026080205,159,primary,primary,complete
allocator-development,2wiki,cdb295240baf11ebab90acde48001122,train,2026080205,20,primary,primary,complete
allocator-development,2wiki,cdb9e4ac0bda11eba7f7acde48001122,train,2026080205,448,primary,primary,complete
allocator-development,2wiki,ce123fe4087411ebbd67ac1f6bf848b6,train,2026080205,117,primary,primary,complete
allocator-development,2wiki,ce33fbce088411ebbd6dac1f6bf848b6,train,2026080205,420,primary,primary,complete
allocator-development,2wiki,ce373b3c0bda11eba7f7acde48001122,train,2026080205,63,primary,primary,complete
allocator-development,2wiki,ce55bf260bda11eba7f7acde48001122,train,2026080205,5,primary,primary,complete
allocator-development,2wiki,cea6a3ea0bdb11eba7f7acde48001122,train,2026080205,149,primary,primary,complete
allocator-development,2wiki,cef25a020bda11eba7f7acde48001122,train,2026080205,373,primary,primary,complete
allocator-development,2wiki,cf62e9880bdb11eba7f7acde48001122,train,2026080205,76,primary,primary,complete
allocator-development,2wiki,cfb230460bdc11eba7f7acde48001122,train,2026080205,356,primary,primary,complete
allocator-development,2wiki,cfc06e4c08c911ebbd92ac1f6bf848b6,train,2026080205,512,primary,primary,complete
allocator-development,2wiki,d00175dc0bd911eba7f7acde48001122,train,2026080205,104,primary,primary,complete
allocator-development,2wiki,d19472980bdc11eba7f7acde48001122,train,2026080205,387,primary,primary,complete
allocator-development,2wiki,d1d411c4099111ebbdb0ac1f6bf848b6,train,2026080205,584,primary,primary,complete
allocator-development,2wiki,d250f7bc0bda11eba7f7acde48001122,train,2026080205,302,primary,primary,complete
allocator-development,2wiki,d26b1058085a11ebbd5cac1f6bf848b6,train,2026080205,430,primary,primary,complete
allocator-development,2wiki,d27752b7088011ebbd6dac1f6bf848b6,train,2026080205,456,primary,primary,complete
allocator-development,2wiki,d2f5db5208a211ebbd7bac1f6bf848b6,train,2026080205,350,primary,primary,complete
allocator-development,2wiki,d34ffa400bdb11eba7f7acde48001122,train,2026080205,59,primary,primary,complete
allocator-development,2wiki,d352f182086611ebbd5eac1f6bf848b6,train,2026080205,425,primary,primary,complete
allocator-development,2wiki,d35635fa088811ebbd6eac1f6bf848b6,train,2026080205,216,primary,primary,complete
allocator-development,2wiki,d3586cc6090711ebbdadac1f6bf848b6,train,2026080205,299,primary,primary,complete
allocator-development,2wiki,d393e8bc08b211ebbd85ac1f6bf848b6,train,2026080205,202,primary,primary,complete
allocator-development,2wiki,d481219a0bdc11eba7f7acde48001122,train,2026080205,397,primary,primary,complete
allocator-development,2wiki,d4c0fdfb089211ebbd74ac1f6bf848b6,train,2026080205,94,primary,primary,complete
allocator-development,2wiki,d558e1d708fb11ebbdacac1f6bf848b6,train,2026080205,215,primary,primary,complete
allocator-development,2wiki,d5da0fb5089111ebbd73ac1f6bf848b6,train,2026080205,488,primary,primary,complete
allocator-development,2wiki,d678e250085111ebbd58ac1f6bf848b6,train,2026080205,161,primary,primary,complete
allocator-development,2wiki,d6fddce6098a11ebbdb0ac1f6bf848b6,train,2026080205,317,primary,primary,complete
allocator-development,2wiki,d73268960bdb11eba7f7acde48001122,train,2026080205,345,primary,primary,complete
allocator-development,2wiki,d81efb1a0bdc11eba7f7acde48001122,train,2026080205,364,primary,primary,complete
allocator-development,2wiki,d886dee4086a11ebbd5fac1f6bf848b6,train,2026080205,232,primary,primary,complete
allocator-development,2wiki,d8d9b63a0bdc11eba7f7acde48001122,train,2026080205,351,primary,primary,complete
allocator-development,2wiki,d8dacafe0bda11eba7f7acde48001122,train,2026080205,125,primary,primary,complete
allocator-development,2wiki,d9d9b69e0bdb11eba7f7acde48001122,train,2026080205,118,primary,primary,complete
allocator-development,2wiki,d9fe5cac0bda11eba7f7acde48001122,train,2026080205,84,primary,primary,complete
allocator-development,2wiki,da48c3a40bdb11eba7f7acde48001122,train,2026080205,179,primary,primary,complete
allocator-development,2wiki,da5e60f80bd911eba7f7acde48001122,train,2026080205,138,primary,primary,complete
allocator-development,2wiki,da7fd0fc0bda11eba7f7acde48001122,train,2026080205,100,primary,primary,complete
allocator-development,2wiki,dad7b56e0bdb11eba7f7acde48001122,train,2026080205,505,primary,primary,complete
allocator-development,2wiki,db67b09b088611ebbd6dac1f6bf848b6,train,2026080205,264,primary,primary,complete
allocator-development,2wiki,db7244360bda11eba7f7acde48001122,train,2026080205,236,primary,primary,complete
allocator-development,2wiki,dba328ce0baf11ebab90acde48001122,train,2026080205,9,primary,primary,complete
allocator-development,2wiki,dbd665d6084e11ebbd56ac1f6bf848b6,train,2026080205,158,primary,primary,complete
allocator-development,2wiki,dbeac87a0bda11eba7f7acde48001122,train,2026080205,452,primary,primary,complete
allocator-development,2wiki,dbf54fde0bda11eba7f7acde48001122,train,2026080205,360,primary,primary,complete
allocator-development,2wiki,dd203edf085911ebbd5bac1f6bf848b6,train,2026080205,480,primary,primary,complete
allocator-development,2wiki,dd8665b5089b11ebbd78ac1f6bf848b6,train,2026080205,405,primary,primary,complete
allocator-development,2wiki,dee0fa540bda11eba7f7acde48001122,train,2026080205,342,primary,primary,complete
allocator-development,2wiki,df1aec820bda11eba7f7acde48001122,train,2026080205,247,primary,primary,complete
allocator-development,2wiki,e00ba39d08c011ebbd8aac1f6bf848b6,train,2026080205,379,primary,primary,complete
allocator-development,2wiki,e0d30c760bda11eba7f7acde48001122,train,2026080205,370,primary,primary,complete
allocator-development,2wiki,e0ecff3c088d11ebbd70ac1f6bf848b6,train,2026080205,129,primary,primary,complete
allocator-development,2wiki,e12575aa0bdb11eba7f7acde48001122,train,2026080205,268,primary,primary,complete
allocator-development,2wiki,e1668705097b11ebbdb0ac1f6bf848b6,train,2026080205,464,primary,primary,complete
allocator-development,2wiki,e2160538087511ebbd67ac1f6bf848b6,train,2026080205,580,primary,primary,complete
allocator-development,2wiki,e236886008b311ebbd86ac1f6bf848b6,train,2026080205,314,primary,primary,complete
allocator-development,2wiki,e27622ed08a211ebbd7bac1f6bf848b6,train,2026080205,361,primary,primary,complete
allocator-development,2wiki,e407b029085211ebbd58ac1f6bf848b6,train,2026080205,297,primary,primary,complete
allocator-development,2wiki,e40f73f2093411ebbdaeac1f6bf848b6,train,2026080205,19,primary,primary,complete
allocator-development,2wiki,e51798aa0bdb11eba7f7acde48001122,train,2026080205,312,primary,primary,complete
allocator-development,2wiki,e51b35d20bdb11eba7f7acde48001122,train,2026080205,557,primary,primary,complete
allocator-development,2wiki,e552fa82086911ebbd5fac1f6bf848b6,train,2026080205,281,primary,primary,complete
allocator-development,2wiki,e5d3ba2c096e11ebbdb0ac1f6bf848b6,train,2026080205,143,primary,primary,complete
allocator-development,2wiki,e637bdef08f911ebbdaaac1f6bf848b6,train,2026080205,53,primary,primary,complete
allocator-development,2wiki,e642636c0bdc11eba7f7acde48001122,train,2026080205,518,primary,primary,complete
allocator-development,2wiki,e694279e0bda11eba7f7acde48001122,train,2026080205,533,primary,primary,complete
allocator-development,2wiki,e6c62e17098511ebbdb0ac1f6bf848b6,train,2026080205,470,primary,primary,complete
allocator-development,2wiki,e6cb7a9c0bd911eba7f7acde48001122,train,2026080205,441,primary,primary,complete
allocator-development,2wiki,e6e9b89008f011ebbda8ac1f6bf848b6,train,2026080205,265,primary,primary,complete
allocator-development,2wiki,e732c5480bda11eba7f7acde48001122,train,2026080205,310,primary,primary,complete
allocator-development,2wiki,e73d34d608c111ebbd8bac1f6bf848b6,train,2026080205,57,primary,primary,complete
allocator-development,2wiki,e73dd273086411ebbd5eac1f6bf848b6,train,2026080205,474,primary,primary,complete
allocator-development,2wiki,e770151b085611ebbd59ac1f6bf848b6,train,2026080205,575,primary,primary,complete
allocator-development,2wiki,e8a144ab08c311ebbd8dac1f6bf848b6,train,2026080205,435,primary,primary,complete
allocator-development,2wiki,e96572a2085111ebbd58ac1f6bf848b6,train,2026080205,558,primary,primary,complete
allocator-development,2wiki,e9ad87b40bd911eba7f7acde48001122,train,2026080205,593,primary,primary,complete
allocator-development,2wiki,ea31fac708aa11ebbd80ac1f6bf848b6,train,2026080205,157,primary,primary,complete
allocator-development,2wiki,ea8f23c40baf11ebab90acde48001122,train,2026080205,323,primary,primary,complete
allocator-development,2wiki,eb216ef00bdc11eba7f7acde48001122,train,2026080205,74,primary,primary,complete
allocator-development,2wiki,eb2b627b084911ebbd55ac1f6bf848b6,train,2026080205,303,primary,primary,complete
allocator-development,2wiki,eb95cd0c098d11ebbdb0ac1f6bf848b6,train,2026080205,40,primary,primary,complete
allocator-development,2wiki,ebad0b680bdc11eba7f7acde48001122,train,2026080205,123,primary,primary,complete
allocator-development,2wiki,ebd5a9380bdc11eba7f7acde48001122,train,2026080205,208,primary,primary,complete
allocator-development,2wiki,ec6f99440bdc11eba7f7acde48001122,train,2026080205,137,primary,primary,complete
allocator-development,2wiki,ecc0afe80bda11eba7f7acde48001122,train,2026080205,514,primary,primary,complete
allocator-development,2wiki,ecdf501e08f211ebbdaaac1f6bf848b6,train,2026080205,309,primary,primary,complete
allocator-development,2wiki,ecfc0f240bdb11eba7f7acde48001122,train,2026080205,166,primary,primary,complete
allocator-development,2wiki,ed0a670a0bda11eba7f7acde48001122,train,2026080205,548,primary,primary,complete
allocator-development,2wiki,ef09bb0c085911ebbd5bac1f6bf848b6,train,2026080205,70,primary,primary,complete
allocator-development,2wiki,ef5b4cf008a511ebbd7dac1f6bf848b6,train,2026080205,541,primary,primary,complete
allocator-development,2wiki,eff45d5e08a111ebbd7aac1f6bf848b6,train,2026080205,600,primary,primary,complete
allocator-development,2wiki,effbb9e2089111ebbd73ac1f6bf848b6,train,2026080205,10,primary,primary,complete
allocator-development,2wiki,f117640a0bdb11eba7f7acde48001122,train,2026080205,233,primary,primary,complete
allocator-development,2wiki,f117a818089611ebbd76ac1f6bf848b6,train,2026080205,562,primary,primary,complete
allocator-development,2wiki,f15beb0a08c211ebbd8dac1f6bf848b6,train,2026080205,454,primary,primary,complete
allocator-development,2wiki,f26b67e20bdc11eba7f7acde48001122,train,2026080205,574,primary,primary,complete
allocator-development,2wiki,f272ebe5098811ebbdb0ac1f6bf848b6,train,2026080205,468,primary,primary,complete
allocator-development,2wiki,f2ae4b0e0bda11eba7f7acde48001122,train,2026080205,365,primary,primary,complete
allocator-development,2wiki,f354c082098511ebbdb0ac1f6bf848b6,train,2026080205,277,primary,primary,complete
allocator-development,2wiki,f4068b8808c111ebbd8bac1f6bf848b6,train,2026080205,231,primary,primary,complete
allocator-development,2wiki,f5886b30085211ebbd58ac1f6bf848b6,train,2026080205,489,primary,primary,complete
allocator-development,2wiki,f5963322098911ebbdb0ac1f6bf848b6,train,2026080205,444,primary,primary,complete
allocator-development,2wiki,f604b909087a11ebbd67ac1f6bf848b6,train,2026080205,102,primary,primary,complete
allocator-development,2wiki,f623f826097311ebbdb0ac1f6bf848b6,train,2026080205,384,primary,primary,complete
allocator-development,2wiki,f644d6f8099511ebbdb0ac1f6bf848b6,train,2026080205,502,primary,primary,complete
allocator-development,2wiki,f65ec2420bda11eba7f7acde48001122,train,2026080205,30,primary,primary,complete
allocator-development,2wiki,f6cdca140bdc11eba7f7acde48001122,train,2026080205,87,primary,primary,complete
allocator-development,2wiki,f6da608e0bdd11eba7f7acde48001122,train,2026080205,385,primary,primary,complete
allocator-development,2wiki,f7c5aa240bda11eba7f7acde48001122,train,2026080205,81,primary,primary,complete
allocator-development,2wiki,f87e140808d111ebbd95ac1f6bf848b6,train,2026080205,407,primary,primary,complete
allocator-development,2wiki,f97ad18a089911ebbd77ac1f6bf848b6,train,2026080205,167,primary,primary,complete
allocator-development,2wiki,f9e3ea620bdc11eba7f7acde48001122,train,2026080205,339,primary,primary,complete
allocator-development,2wiki,fae3343608b711ebbd88ac1f6bf848b6,train,2026080205,103,primary,primary,complete
allocator-development,2wiki,fb68dc140bda11eba7f7acde48001122,train,2026080205,335,primary,primary,complete
allocator-development,2wiki,fc54c35c0bdc11eba7f7acde48001122,train,2026080205,219,primary,primary,complete
allocator-development,2wiki,fc5d87f40bdb11eba7f7acde48001122,train,2026080205,234,primary,primary,complete
allocator-development,2wiki,fc631641089711ebbd77ac1f6bf848b6,train,2026080205,200,primary,primary,complete
allocator-development,2wiki,fc856ada0bdb11eba7f7acde48001122,train,2026080205,422,primary,primary,complete
allocator-development,2wiki,fe35a8820bda11eba7f7acde48001122,train,2026080205,96,primary,primary,complete
allocator-development,2wiki,fe36c0ac0bdd11eba7f7acde48001122,train,2026080205,569,primary,primary,complete
allocator-development,2wiki,feeda7ec0bdb11eba7f7acde48001122,train,2026080205,429,primary,primary,complete
allocator-development,2wiki,ff115d2c0bdb11eba7f7acde48001122,train,2026080205,324,primary,primary,complete
allocator-development,2wiki,ff68c94b097611ebbdb0ac1f6bf848b6,train,2026080205,381,primary,primary,complete
allocator-development,2wiki,ff75b126086811ebbd5eac1f6bf848b6,train,2026080205,411,primary,primary,complete
allocator-development,hotpotqa,5a70fc235542994082a3e487,train,2026080205,506,primary,primary,complete
allocator-development,hotpotqa,5a710e855542994082a3e534,train,2026080205,11,primary,primary,complete
allocator-development,hotpotqa,5a71427a5542994082a3e716,train,2026080205,496,primary,primary,complete
allocator-development,hotpotqa,5a7144d65542994082a3e72d,train,2026080205,8,primary,primary,complete
allocator-development,hotpotqa,5a7148ac5542994082a3e762,train,2026080205,143,primary,primary,complete
allocator-development,hotpotqa,5a714fed5542994082a3e7b6,train,2026080205,285,primary,primary,complete
allocator-development,hotpotqa,5a71520a5542994082a3e7ca,train,2026080205,518,primary,primary,complete
allocator-development,hotpotqa,5a7152a15542994082a3e7d2,train,2026080205,263,primary,primary,complete
allocator-development,hotpotqa,5a7154e35542994082a3e7e4,train,2026080205,409,primary,primary,complete
allocator-development,hotpotqa,5a716e6f5542994082a3e82c,train,2026080205,374,primary,primary,complete
allocator-development,hotpotqa,5a726d175542997f827839c4,train,2026080205,309,primary,primary,complete
allocator-development,hotpotqa,5a7290af5542991f9a20c4ef,train,2026080205,66,primary,primary,complete
allocator-development,hotpotqa,5a72a1ec5542992359bc3147,train,2026080205,74,primary,primary,complete
allocator-development,hotpotqa,5a7320535542991f29ee2d02,train,2026080205,153,primary,primary,complete
allocator-development,hotpotqa,5a732d725542992359bc3261,train,2026080205,37,primary,primary,complete
allocator-development,hotpotqa,5a732e8c5542994cef4bc495,train,2026080205,175,primary,primary,complete
allocator-development,hotpotqa,5a7333ee5542994cef4bc4b9,train,2026080205,415,primary,primary,complete
allocator-development,hotpotqa,5a73583e55429901807dafd0,train,2026080205,522,primary,primary,complete
allocator-development,hotpotqa,5a738281554299623ed4abc4,train,2026080205,132,primary,primary,complete
allocator-development,hotpotqa,5a7387ee55429908901be2e7,train,2026080205,475,primary,primary,complete
allocator-development,hotpotqa,5a738fe45542992d56e7e369,train,2026080205,326,primary,primary,complete
allocator-development,hotpotqa,5a73972e55429908901be305,train,2026080205,46,primary,primary,complete
allocator-development,hotpotqa,5a73aafd554299623ed4ac0f,train,2026080205,342,primary,primary,complete
allocator-development,hotpotqa,5a73ab6555429978a71e9076,train,2026080205,103,primary,primary,complete
allocator-development,hotpotqa,5a73bc3e55429978a71e909a,train,2026080205,361,primary,primary,complete
allocator-development,hotpotqa,5a74064455429974ef308ba1,train,2026080205,538,primary,primary,complete
allocator-development,hotpotqa,5a74cac055429974ef308c67,train,2026080205,385,primary,primary,complete
allocator-development,hotpotqa,5a74cd3a5542996c70cfadf8,train,2026080205,350,primary,primary,complete
allocator-development,hotpotqa,5a75006c5542993748c8978b,train,2026080205,30,primary,primary,complete
allocator-development,hotpotqa,5a7518b855429916b0164258,train,2026080205,488,primary,primary,complete
allocator-development,hotpotqa,5a7541da5542996c70cfaecb,train,2026080205,284,primary,primary,complete
allocator-development,hotpotqa,5a756b675542992d0ec05f8c,train,2026080205,56,primary,primary,complete
allocator-development,hotpotqa,5a756fde5542992db9473666,train,2026080205,306,primary,primary,complete
allocator-development,hotpotqa,5a7599865542992d0ec05fc2,train,2026080205,43,primary,primary,complete
allocator-development,hotpotqa,5a75a9905542992db947369b,train,2026080205,229,primary,primary,complete
allocator-development,hotpotqa,5a75ebe3554299109176e5d1,train,2026080205,214,primary,primary,complete
allocator-development,hotpotqa,5a75ef30554299109176e5d8,train,2026080205,154,primary,primary,complete
allocator-development,hotpotqa,5a75f3b755429976ec32bcb9,train,2026080205,274,primary,primary,complete
allocator-development,hotpotqa,5a764b8c55429976ec32bd88,train,2026080205,587,primary,primary,complete
allocator-development,hotpotqa,5a76dc5f55429972597f13ec,train,2026080205,174,primary,primary,complete
allocator-development,hotpotqa,5a772ef5554299373536020c,train,2026080205,440,primary,primary,complete
allocator-development,hotpotqa,5a77374e55429972597f14a8,train,2026080205,238,primary,primary,complete
allocator-development,hotpotqa,5a77416d55429972597f14d9,train,2026080205,432,primary,primary,complete
allocator-development,hotpotqa,5a775b535542994aec3b72a6,train,2026080205,507,primary,primary,complete
allocator-development,hotpotqa,5a7776ff5542997042120a6a,train,2026080205,92,primary,primary,complete
allocator-development,hotpotqa,5a77829955429949eeb29eaf,train,2026080205,167,primary,primary,complete
allocator-development,hotpotqa,5a77841e55429949eeb29eb7,train,2026080205,162,primary,primary,complete
allocator-development,hotpotqa,5a7784905542992a6e59deac,train,2026080205,225,primary,primary,complete
allocator-development,hotpotqa,5a778f155542992a6e59deef,train,2026080205,255,primary,primary,complete
allocator-development,hotpotqa,5a77a5f45542992a6e59df54,train,2026080205,553,primary,primary,complete
allocator-development,hotpotqa,5a77b9795542992a6e59df9e,train,2026080205,404,primary,primary,complete
allocator-development,hotpotqa,5a78a8a6554299148911f8ff,train,2026080205,123,primary,primary,complete
allocator-development,hotpotqa,5a78b84f554299148911f969,train,2026080205,159,primary,primary,complete
allocator-development,hotpotqa,5a78dbb555429974737f78dc,train,2026080205,412,primary,primary,complete
allocator-development,hotpotqa,5a78ec69554299148911f9a2,train,2026080205,89,primary,primary,complete
allocator-development,hotpotqa,5a7901f8554299029c4b5ee4,train,2026080205,121,primary,primary,complete
allocator-development,hotpotqa,5a7904a65542990784727789,train,2026080205,41,primary,primary,complete
allocator-development,hotpotqa,5a792ce655429907847277d7,train,2026080205,253,primary,primary,complete
allocator-development,hotpotqa,5a792e4155429907847277d9,train,2026080205,596,primary,primary,complete
allocator-development,hotpotqa,5a79d9ed554299029c4b5f73,train,2026080205,94,primary,primary,complete
allocator-development,hotpotqa,5a7a0cf55542996a35c170ab,train,2026080205,429,primary,primary,complete
allocator-development,hotpotqa,5a7a1ec55542990783324e6a,train,2026080205,228,primary,primary,complete
allocator-development,hotpotqa,5a7a2e315542996a35c1711e,train,2026080205,97,primary,primary,complete
allocator-development,hotpotqa,5a7a3bf25542994f819ef17c,train,2026080205,104,primary,primary,complete
allocator-development,hotpotqa,5a7a48025542990783324eea,train,2026080205,126,primary,primary,complete
allocator-development,hotpotqa,5a7a65295542994f819ef1d1,train,2026080205,380,primary,primary,complete
allocator-development,hotpotqa,5a7a69ee5542996c55b2dda0,train,2026080205,577,primary,primary,complete
allocator-development,hotpotqa,5a7a75225542994f819ef1e1,train,2026080205,368,primary,primary,complete
allocator-development,hotpotqa,5a7a89e455429927d897bebc,train,2026080205,566,primary,primary,complete
allocator-development,hotpotqa,5a7aaa825542992d025e66e9,train,2026080205,68,primary,primary,complete
allocator-development,hotpotqa,5a7ad7d75542995eb53be8a8,train,2026080205,365,primary,primary,complete
allocator-development,hotpotqa,5a7af1f455429931da12c992,train,2026080205,583,primary,primary,complete
allocator-development,hotpotqa,5a7b1d3a554299042af8f6dd,train,2026080205,127,primary,primary,complete
allocator-development,hotpotqa,5a7b223a55429931da12c9e6,train,2026080205,35,primary,primary,complete
allocator-development,hotpotqa,5a7b32cc5542995eb53be8c8,train,2026080205,57,primary,primary,complete
allocator-development,hotpotqa,5a7b3b5c5542992d025e67ad,train,2026080205,557,primary,primary,complete
allocator-development,hotpotqa,5a7b7af15542997c3ec971b7,train,2026080205,434,primary,primary,complete
allocator-development,hotpotqa,5a7ba9bc554299294a54aa77,train,2026080205,267,primary,primary,complete
allocator-development,hotpotqa,5a7bb554554299042af8f7a8,train,2026080205,561,primary,primary,complete
allocator-development,hotpotqa,5a7bf0f95542996dd594b85d,train,2026080205,389,primary,primary,complete
allocator-development,hotpotqa,5a7bf8b75542996dd594b876,train,2026080205,360,primary,primary,complete
allocator-development,hotpotqa,5a7c53ca5542990527d55490,train,2026080205,77,primary,primary,complete
allocator-development,hotpotqa,5a7c6ffa5542996dd594b936,train,2026080205,403,primary,primary,complete
allocator-development,hotpotqa,5a7ca4ee5542990527d554f2,train,2026080205,433,primary,primary,complete
allocator-development,hotpotqa,5a7caf1455429935c91b529d,train,2026080205,279,primary,primary,complete
allocator-development,hotpotqa,5a7cb0ca55429935c91b52a4,train,2026080205,297,primary,primary,complete
allocator-development,hotpotqa,5a7cb26d5542996dd594b990,train,2026080205,216,primary,primary,complete
allocator-development,hotpotqa,5a7cb84e554299452d57b9bb,train,2026080205,191,primary,primary,complete
allocator-development,hotpotqa,5a7cd337554299683c1c638f,train,2026080205,207,primary,primary,complete
allocator-development,hotpotqa,5a7ce498554299683c1c63c4,train,2026080205,353,primary,primary,complete
allocator-development,hotpotqa,5a7cec5a554299452d57baa4,train,2026080205,107,primary,primary,complete
allocator-development,hotpotqa,5a7cee9655429909bec768a7,train,2026080205,454,primary,primary,complete
allocator-development,hotpotqa,5a7cf9ac55429909bec768d6,train,2026080205,310,primary,primary,complete
allocator-development,hotpotqa,5a7cfe1055429907fabef097,train,2026080205,352,primary,primary,complete
allocator-development,hotpotqa,5a7d1a4f5542990527d5554b,train,2026080205,233,primary,primary,complete
allocator-development,hotpotqa,5a7d20b055429909bec76973,train,2026080205,448,primary,primary,complete
allocator-development,hotpotqa,5a7d26ca55429907fabef0ba,train,2026080205,4,primary,primary,complete
allocator-development,hotpotqa,5a7d46ad5542990b8f503974,train,2026080205,516,primary,primary,complete
allocator-development,hotpotqa,5a7d4a765542990b8f503977,train,2026080205,217,primary,primary,complete
allocator-development,hotpotqa,5a7d56405542990b8f50397f,train,2026080205,502,primary,primary,complete
allocator-development,hotpotqa,5a7da0835542995f4f402298,train,2026080205,408,primary,primary,complete
allocator-development,hotpotqa,5a7da3175542990b8f5039df,train,2026080205,422,primary,primary,complete
allocator-development,hotpotqa,5a7db5c55542997cc2c47479,train,2026080205,156,primary,primary,complete
allocator-development,hotpotqa,5a7dbced5542990b8f503a56,train,2026080205,392,primary,primary,complete
allocator-development,hotpotqa,5a7dcb5d5542990b8f503ab1,train,2026080205,15,primary,primary,complete
allocator-development,hotpotqa,5a7debc85542995f4f402309,train,2026080205,16,primary,primary,complete
allocator-development,hotpotqa,5a7df79a5542991319bc941a,train,2026080205,362,primary,primary,complete
allocator-development,hotpotqa,5a7dfd8d5542997cc2c474e5,train,2026080205,312,primary,primary,complete
allocator-development,hotpotqa,5a7e09665542995f4f4023b7,train,2026080205,375,primary,primary,complete
allocator-development,hotpotqa,5a7e196c5542995ed0d16694,train,2026080205,3,primary,primary,complete
allocator-development,hotpotqa,5a7e41cc554299495941994f,train,2026080205,64,primary,primary,complete
allocator-development,hotpotqa,5a7e5b265542991319bc9473,train,2026080205,472,primary,primary,complete
allocator-development,hotpotqa,5a7e6be75542991319bc94a0,train,2026080205,161,primary,primary,complete
allocator-development,hotpotqa,5a7e942d5542994959419a11,train,2026080205,212,primary,primary,complete
allocator-development,hotpotqa,5a7ee88355429934daa2fc72,train,2026080205,25,primary,primary,complete
allocator-development,hotpotqa,5a7ef7085542994959419a95,train,2026080205,505,primary,primary,complete
allocator-development,hotpotqa,5a7f110055429934daa2fcbd,train,2026080205,164,primary,primary,complete
allocator-development,hotpotqa,5a7f27a755429934daa2fd04,train,2026080205,81,primary,primary,complete
allocator-development,hotpotqa,5a7f39bc5542992e7d278c9f,train,2026080205,5,primary,primary,complete
allocator-development,hotpotqa,5a7f4ef85542992e7d278ceb,train,2026080205,260,primary,primary,complete
allocator-development,hotpotqa,5a7f64bc5542994857a76724,train,2026080205,288,primary,primary,complete
allocator-development,hotpotqa,5a7f7ac95542995d8a8dde88,train,2026080205,36,primary,primary,complete
allocator-development,hotpotqa,5a7f7ce855429969796c1a72,train,2026080205,320,primary,primary,complete
allocator-development,hotpotqa,5a7f83275542995d8a8dde93,train,2026080205,541,primary,primary,complete
allocator-development,hotpotqa,5a7f9fe75542995d8a8dded1,train,2026080205,444,primary,primary,complete
allocator-development,hotpotqa,5a7fa13b55429969796c1afa,train,2026080205,555,primary,primary,complete
allocator-development,hotpotqa,5a7fb0ce5542995d8a8ddef4,train,2026080205,575,primary,primary,complete
allocator-development,hotpotqa,5a7fb0ed5542994857a767ba,train,2026080205,530,primary,primary,complete
allocator-development,hotpotqa,5a7fc8275542992e7d278d7e,train,2026080205,176,primary,primary,complete
allocator-development,hotpotqa,5a8004c85542992e7d278ddd,train,2026080205,545,primary,primary,complete
allocator-development,hotpotqa,5a802fae5542992bc0c4a6d0,train,2026080205,251,primary,primary,complete
allocator-development,hotpotqa,5a8095035542996402f6a577,train,2026080205,573,primary,primary,complete
allocator-development,hotpotqa,5a8097b45542992097ad2fff,train,2026080205,80,primary,primary,complete
allocator-development,hotpotqa,5a80a2b05542992bc0c4a790,train,2026080205,331,primary,primary,complete
allocator-development,hotpotqa,5a80a756554299485f59867d,train,2026080205,291,primary,primary,complete
allocator-development,hotpotqa,5a80b1d05542992bc0c4a7b0,train,2026080205,537,primary,primary,complete
allocator-development,hotpotqa,5a80b6e35542992bc0c4a7ca,train,2026080205,13,primary,primary,complete
allocator-development,hotpotqa,5a80b79e554299260e20a13c,train,2026080205,324,primary,primary,complete
allocator-development,hotpotqa,5a80be4655429938b61421b4,train,2026080205,224,primary,primary,complete
allocator-development,hotpotqa,5a80d6c555429938b6142207,train,2026080205,60,primary,primary,complete
allocator-development,hotpotqa,5a80ea1d554299260e20a1bc,train,2026080205,396,primary,primary,complete
allocator-development,hotpotqa,5a81180255429938b61422ba,train,2026080205,298,primary,primary,complete
allocator-development,hotpotqa,5a8187d055429938b6142352,train,2026080205,254,primary,primary,complete
allocator-development,hotpotqa,5a81aeca55429926c1cdad60,train,2026080205,134,primary,primary,complete
allocator-development,hotpotqa,5a81d95b5542995ce29dcc66,train,2026080205,290,primary,primary,complete
allocator-development,hotpotqa,5a81daf1554299676cceb103,train,2026080205,222,primary,primary,complete
allocator-development,hotpotqa,5a82140b5542995ce29dcca6,train,2026080205,262,primary,primary,complete
allocator-development,hotpotqa,5a8214ee554299676cceb20a,train,2026080205,447,primary,primary,complete
allocator-development,hotpotqa,5a82548f554299676cceb26a,train,2026080205,574,primary,primary,complete
allocator-development,hotpotqa,5a825a0b55429940e5e1a86d,train,2026080205,325,primary,primary,complete
allocator-development,hotpotqa,5a826bde55429966c78a6a18,train,2026080205,128,primary,primary,complete
allocator-development,hotpotqa,5a827de355429940e5e1a8da,train,2026080205,317,primary,primary,complete
allocator-development,hotpotqa,5a82ab9355429954d2e2eba4,train,2026080205,245,primary,primary,complete
allocator-development,hotpotqa,5a82c0df55429940e5e1a92d,train,2026080205,145,primary,primary,complete
allocator-development,hotpotqa,5a83158a55429966c78a6b2c,train,2026080205,237,primary,primary,complete
allocator-development,hotpotqa,5a8326525542990548d0b193,train,2026080205,437,primary,primary,complete
allocator-development,hotpotqa,5a8357fb5542996488c2e41d,train,2026080205,370,primary,primary,complete
allocator-development,hotpotqa,5a835c685542996488c2e429,train,2026080205,435,primary,primary,complete
allocator-development,hotpotqa,5a835cae554299123d8c2104,train,2026080205,205,primary,primary,complete
allocator-development,hotpotqa,5a836e6d5542992ef85e22c0,train,2026080205,201,primary,primary,complete
allocator-development,hotpotqa,5a83a39e5542993344746068,train,2026080205,213,primary,primary,complete
allocator-development,hotpotqa,5a840ff35542992ef85e23a2,train,2026080205,579,primary,primary,complete
allocator-development,hotpotqa,5a845bb65542996488c2e523,train,2026080205,491,primary,primary,complete
allocator-development,hotpotqa,5a84a4d85542997b5ce3fef6,train,2026080205,372,primary,primary,complete
allocator-development,hotpotqa,5a84b9615542997b5ce3ff31,train,2026080205,200,primary,primary,complete
allocator-development,hotpotqa,5a84d3445542992a431d1aaa,train,2026080205,402,primary,primary,complete
allocator-development,hotpotqa,5a84fa8b5542991dd0999e38,train,2026080205,302,primary,primary,complete
allocator-development,hotpotqa,5a850df85542994c784ddaea,train,2026080205,386,primary,primary,complete
allocator-development,hotpotqa,5a853a305542997175ce1f9b,train,2026080205,129,primary,primary,complete
allocator-development,hotpotqa,5a8591b15542992a431d1b24,train,2026080205,150,primary,primary,complete
allocator-development,hotpotqa,5a85a4c45542997175ce1fe8,train,2026080205,280,primary,primary,complete
allocator-development,hotpotqa,5a85a8c85542997175ce1fec,train,2026080205,82,primary,primary,complete
allocator-development,hotpotqa,5a85b71c5542994c784ddb5d,train,2026080205,436,primary,primary,complete
allocator-development,hotpotqa,5a85da695542991dd0999eb8,train,2026080205,93,primary,primary,complete
allocator-development,hotpotqa,5a85f8fc5542996432c5714e,train,2026080205,67,primary,primary,complete
allocator-development,hotpotqa,5a85fb045542994775f606dd,train,2026080205,452,primary,primary,complete
allocator-development,hotpotqa,5a8632c35542991e771815b6,train,2026080205,158,primary,primary,complete
allocator-development,hotpotqa,5a8635f25542994775f6071b,train,2026080205,548,primary,primary,complete
allocator-development,hotpotqa,5a86544d55429960ec39b65f,train,2026080205,182,primary,primary,complete
allocator-development,hotpotqa,5a8655a5554299211dda2af7,train,2026080205,364,primary,primary,complete
allocator-development,hotpotqa,5a86711d5542991e7718165c,train,2026080205,426,primary,primary,complete
allocator-development,hotpotqa,5a8713b255429960ec39b72a,train,2026080205,209,primary,primary,complete
allocator-development,hotpotqa,5a873cd15542994846c1cd29,train,2026080205,524,primary,primary,complete
allocator-development,hotpotqa,5a8750a4554299211dda2be2,train,2026080205,578,primary,primary,complete
allocator-development,hotpotqa,5a8751cf5542996432c57266,train,2026080205,343,primary,primary,complete
allocator-development,hotpotqa,5a8765ac5542996e4f3087ce,train,2026080205,232,primary,primary,complete
allocator-development,hotpotqa,5a877c535542993e715abf6e,train,2026080205,47,primary,primary,complete
allocator-development,hotpotqa,5a87a4045542994846c1cdbc,train,2026080205,381,primary,primary,complete
allocator-development,hotpotqa,5a887a38554299206df2b2b0,train,2026080205,535,primary,primary,complete
allocator-development,hotpotqa,5a887b63554299206df2b2b3,train,2026080205,569,primary,primary,complete
allocator-development,hotpotqa,5a889c1b5542997e5c09a631,train,2026080205,556,primary,primary,complete
allocator-development,hotpotqa,5a88a2ff5542997e5c09a65d,train,2026080205,323,primary,primary,complete
allocator-development,hotpotqa,5a88a3525542997e5c09a660,train,2026080205,514,primary,primary,complete
allocator-development,hotpotqa,5a88a6445542997e5c09a686,train,2026080205,124,primary,primary,complete
allocator-development,hotpotqa,5a8904085542993b751ca8ec,train,2026080205,221,primary,primary,complete
allocator-development,hotpotqa,5a890a0e55429946c8d6e8f7,train,2026080205,369,primary,primary,complete
allocator-development,hotpotqa,5a890c8855429946c8d6e8fa,train,2026080205,135,primary,primary,complete
allocator-development,hotpotqa,5a894d3d55429946c8d6e913,train,2026080205,234,primary,primary,complete
allocator-development,hotpotqa,5a899cca5542993b751ca960,train,2026080205,497,primary,primary,complete
allocator-development,hotpotqa,5a89a9e855429946c8d6e991,train,2026080205,296,primary,primary,complete
allocator-development,hotpotqa,5a89c09b5542993b751ca986,train,2026080205,51,primary,primary,complete
allocator-development,hotpotqa,5a89c82e554299669944a599,train,2026080205,10,primary,primary,complete
allocator-development,hotpotqa,5a89d7fc554299669944a5c3,train,2026080205,276,primary,primary,complete
allocator-development,hotpotqa,5a89dc2a55429946c8d6e9e7,train,2026080205,358,primary,primary,complete
allocator-development,hotpotqa,5a89fcd755429946c8d6ea30,train,2026080205,168,primary,primary,complete
allocator-development,hotpotqa,5a8a07d35542992e4fca84dd,train,2026080205,411,primary,primary,complete
allocator-development,hotpotqa,5a8a17e55542992d82986eab,train,2026080205,199,primary,primary,complete
allocator-development,hotpotqa,5a8a22615542996c9b8d5e07,train,2026080205,243,primary,primary,complete
allocator-development,hotpotqa,5a8a28565542992d82986ed1,train,2026080205,148,primary,primary,complete
allocator-development,hotpotqa,5a8a8afd5542996c9b8d5f23,train,2026080205,597,primary,primary,complete
allocator-development,hotpotqa,5a8abffd55429930ff3c0e0c,train,2026080205,383,primary,primary,complete
allocator-development,hotpotqa,5a8adeea5542992d82986fbf,train,2026080205,481,primary,primary,complete
allocator-development,hotpotqa,5a8b05da55429971feec4615,train,2026080205,335,primary,primary,complete
allocator-development,hotpotqa,5a8b300d55429949d91db4d8,train,2026080205,321,primary,primary,complete
allocator-development,hotpotqa,5a8b302e55429950cd6afc65,train,2026080205,98,primary,primary,complete
allocator-development,hotpotqa,5a8b478b5542995d1e6f1343,train,2026080205,598,primary,primary,complete
allocator-development,hotpotqa,5a8b6b3755429950cd6afcea,train,2026080205,22,primary,primary,complete
allocator-development,hotpotqa,5a8b79dd55429971feec471e,train,2026080205,482,primary,primary,complete
allocator-development,hotpotqa,5a8b7fba5542997f31a41d50,train,2026080205,287,primary,primary,complete
allocator-development,hotpotqa,5a8b8ae655429971feec4735,train,2026080205,294,primary,primary,complete
allocator-development,hotpotqa,5a8bb6475542996e8ac889f6,train,2026080205,463,primary,primary,complete
allocator-development,hotpotqa,5a8c44ce5542995e66a47589,train,2026080205,570,primary,primary,complete
allocator-development,hotpotqa,5a8c589b5542996e8ac88a65,train,2026080205,79,primary,primary,complete
allocator-development,hotpotqa,5a8c5d2f5542995e66a475d3,train,2026080205,479,primary,primary,complete
allocator-development,hotpotqa,5a8c6bac554299653c1aa05f,train,2026080205,550,primary,primary,complete
allocator-development,hotpotqa,5a8c8580554299585d9e36d1,train,2026080205,289,primary,primary,complete
allocator-development,hotpotqa,5a8ca5935542996e8ac88aff,train,2026080205,31,primary,primary,complete
allocator-development,hotpotqa,5a8d00c255429941ae14df60,train,2026080205,120,primary,primary,complete
allocator-development,hotpotqa,5a8d085055429941ae14df6f,train,2026080205,109,primary,primary,complete
allocator-development,hotpotqa,5a8d1c7555429941ae14df7f,train,2026080205,376,primary,primary,complete
allocator-development,hotpotqa,5a8d87da554299441c6b9ff7,train,2026080205,493,primary,primary,complete
allocator-development,hotpotqa,5a8db30b554299068b959dc0,train,2026080205,439,primary,primary,complete
allocator-development,hotpotqa,5a8db32a554299068b959dc1,train,2026080205,571,primary,primary,complete
allocator-development,hotpotqa,5a8ddb47554299653c1aa158,train,2026080205,483,primary,primary,complete
allocator-development,hotpotqa,5a8ddc235542995a26add42b,train,2026080205,330,primary,primary,complete
allocator-development,hotpotqa,5a8de6c95542995a26add44a,train,2026080205,500,primary,primary,complete
allocator-development,hotpotqa,5a8e09365542995085b37399,train,2026080205,349,primary,primary,complete
allocator-development,hotpotqa,5a8e2e0e5542995085b373c6,train,2026080205,54,primary,primary,complete
allocator-development,hotpotqa,5a8e396d5542995085b373f2,train,2026080205,457,primary,primary,complete
allocator-development,hotpotqa,5a8e48aa5542995a26add4c6,train,2026080205,266,primary,primary,complete
allocator-development,hotpotqa,5a8e4e3f55429917b4a5bd90,train,2026080205,242,primary,primary,complete
allocator-development,hotpotqa,5a8e5d465542990e94052ae9,train,2026080205,84,primary,primary,complete
allocator-development,hotpotqa,5a8e74bd5542995085b37430,train,2026080205,492,primary,primary,complete
allocator-development,hotpotqa,5a8e8e2c5542990e94052b52,train,2026080205,397,primary,primary,complete
allocator-development,hotpotqa,5a8ec8045542990e94052b89,train,2026080205,377,primary,primary,complete
allocator-development,hotpotqa,5a8ee43155429917b4a5be05,train,2026080205,197,primary,primary,complete
allocator-development,hotpotqa,5a8ee8d75542990e94052bb3,train,2026080205,32,primary,primary,complete
allocator-development,hotpotqa,5a8eff8f5542997ba9cb317e,train,2026080205,63,primary,primary,complete
allocator-development,hotpotqa,5a8f0ba35542995085b374e9,train,2026080205,307,primary,primary,complete
allocator-development,hotpotqa,5a8f1db955429924144829cd,train,2026080205,122,primary,primary,complete
allocator-development,hotpotqa,5a8f260355429918e830d1a9,train,2026080205,226,primary,primary,complete
allocator-development,hotpotqa,5a8f26955542997ba9cb31f3,train,2026080205,151,primary,primary,complete
allocator-development,hotpotqa,5a8f4837554299458435d599,train,2026080205,339,primary,primary,complete
allocator-development,hotpotqa,5a8f516b5542997ba9cb3233,train,2026080205,418,primary,primary,complete
allocator-development,hotpotqa,5a8f658b5542992414482aaf,train,2026080205,442,primary,primary,complete
allocator-development,hotpotqa,5a8f6645554299458435d60e,train,2026080205,173,primary,primary,complete
allocator-development,hotpotqa,5a8f6f025542997ba9cb325b,train,2026080205,44,primary,primary,complete
allocator-development,hotpotqa,5a8f81f25542992414482aeb,train,2026080205,155,primary,primary,complete
allocator-development,hotpotqa,5a8f91355542995b44242067,train,2026080205,355,primary,primary,complete
allocator-development,hotpotqa,5a8fb0645542992414482b40,train,2026080205,445,primary,primary,complete
allocator-development,hotpotqa,5a8fde275542990a98493576,train,2026080205,322,primary,primary,complete
allocator-development,hotpotqa,5a8ffd2955429916514e73ff,train,2026080205,76,primary,primary,complete
allocator-development,hotpotqa,5a90228455429933b8a20484,train,2026080205,160,primary,primary,complete
allocator-development,hotpotqa,5a90382755429933b8a204a3,train,2026080205,241,primary,primary,complete
allocator-development,hotpotqa,5a903ff15542990a984935bf,train,2026080205,582,primary,primary,complete
allocator-development,hotpotqa,5a9042c25542990a984935d9,train,2026080205,589,primary,primary,complete
allocator-development,hotpotqa,5a9069c45542995b442420aa,train,2026080205,48,primary,primary,complete
allocator-development,hotpotqa,5a906d865542990a9849364c,train,2026080205,363,primary,primary,complete
allocator-development,hotpotqa,5a908d1f55429916514e74f1,train,2026080205,113,primary,primary,complete
allocator-development,hotpotqa,5a90b8c055429933b8a205bb,train,2026080205,564,primary,primary,complete
allocator-development,hotpotqa,5ab1c359554299722f9b4c57,train,2026080205,563,primary,primary,complete
allocator-development,hotpotqa,5ab1fffb554299340b525463,train,2026080205,551,primary,primary,complete
allocator-development,hotpotqa,5ab2580d554299340b5254a2,train,2026080205,469,primary,primary,complete
allocator-development,hotpotqa,5ab27618554299722f9b4d3a,train,2026080205,142,primary,primary,complete
allocator-development,hotpotqa,5ab288bf554299340b525501,train,2026080205,461,primary,primary,complete
allocator-development,hotpotqa,5ab291d25542993be8fa9957,train,2026080205,536,primary,primary,complete
allocator-development,hotpotqa,5ab29500554299194fa93410,train,2026080205,398,primary,primary,complete
allocator-development,hotpotqa,5ab29b18554299545a2cf9ce,train,2026080205,478,primary,primary,complete
allocator-development,hotpotqa,5ab2a4a7554299295394678b,train,2026080205,40,primary,primary,complete
allocator-development,hotpotqa,5ab2b83d554299545a2cfa26,train,2026080205,427,primary,primary,complete
allocator-development,hotpotqa,5ab2bc7c554299166977407e,train,2026080205,359,primary,primary,complete
allocator-development,hotpotqa,5ab305245542991669774183,train,2026080205,249,primary,primary,complete
allocator-development,hotpotqa,5ab30851554299753aec590d,train,2026080205,295,primary,primary,complete
allocator-development,hotpotqa,5ab3309855429969a97a80ff,train,2026080205,356,primary,primary,complete
allocator-development,hotpotqa,5ab3ad64554299753aec598a,train,2026080205,542,primary,primary,complete
allocator-development,hotpotqa,5ab3aede554299753aec5996,train,2026080205,14,primary,primary,complete
allocator-development,hotpotqa,5ab3ccde5542992ade7c6ea2,train,2026080205,33,primary,primary,complete
allocator-development,hotpotqa,5ab3e8b3554299753aec59e4,train,2026080205,485,primary,primary,complete
allocator-development,hotpotqa,5ab409c65542996a3a969ef2,train,2026080205,100,primary,primary,complete
allocator-development,hotpotqa,5ab41d2f5542991751b4d667,train,2026080205,414,primary,primary,complete
allocator-development,hotpotqa,5ab42c30554299753aec5a46,train,2026080205,273,primary,primary,complete
allocator-development,hotpotqa,5ab488665542990594ba9c52,train,2026080205,20,primary,primary,complete
allocator-development,hotpotqa,5ab492e85542991779162ce8,train,2026080205,468,primary,primary,complete
allocator-development,hotpotqa,5ab507bf5542990594ba9ce0,train,2026080205,165,primary,primary,complete
allocator-development,hotpotqa,5ab539b05542997d4ad1f0d8,train,2026080205,193,primary,primary,complete
allocator-development,hotpotqa,5ab53ac6554299637185c51f,train,2026080205,399,primary,primary,complete
allocator-development,hotpotqa,5ab562e65542992aa134a303,train,2026080205,357,primary,primary,complete
allocator-development,hotpotqa,5ab56d22554299488d4d9979,train,2026080205,416,primary,primary,complete
allocator-development,hotpotqa,5ab582b45542992aa134a33b,train,2026080205,299,primary,primary,complete
allocator-development,hotpotqa,5ab59f7b554299488d4d9a00,train,2026080205,85,primary,primary,complete
allocator-development,hotpotqa,5ab5df60554299494045f096,train,2026080205,393,primary,primary,complete
allocator-development,hotpotqa,5ab63c725542995eadeeff8d,train,2026080205,196,primary,primary,complete
allocator-development,hotpotqa,5ab63e25554299110f2199ea,train,2026080205,543,primary,primary,complete
allocator-development,hotpotqa,5ab67a5b55429954757d32e2,train,2026080205,184,primary,primary,complete
allocator-development,hotpotqa,5ab69a17554299710c8d1ee0,train,2026080205,531,primary,primary,complete
allocator-development,hotpotqa,5ab69bd8554299710c8d1ee7,train,2026080205,580,primary,primary,complete
allocator-development,hotpotqa,5ab6d5e455429954757d338e,train,2026080205,527,primary,primary,complete
allocator-development,hotpotqa,5ab6e8695542991d322236c9,train,2026080205,595,primary,primary,complete
allocator-development,hotpotqa,5ab723f75542991d32223784,train,2026080205,198,primary,primary,complete
allocator-development,hotpotqa,5ab72ac75542992aa3b8c7b9,train,2026080205,547,primary,primary,complete
allocator-development,hotpotqa,5ab72b715542992aa3b8c7bb,train,2026080205,466,primary,primary,complete
allocator-development,hotpotqa,5ab72db355429928e1fe3834,train,2026080205,487,primary,primary,complete
allocator-development,hotpotqa,5ab7409f55429928e1fe3843,train,2026080205,490,primary,primary,complete
allocator-development,hotpotqa,5ab7aea255429928e1fe388e,train,2026080205,525,primary,primary,complete
allocator-development,hotpotqa,5ab7b37155429928e1fe3892,train,2026080205,431,primary,primary,complete
allocator-development,hotpotqa,5ab7dc5755429928e1fe392d,train,2026080205,430,primary,primary,complete
allocator-development,hotpotqa,5ab806785542991d3222380a,train,2026080205,558,primary,primary,complete
allocator-development,hotpotqa,5ab813fd55429916710eafde,train,2026080205,382,primary,primary,complete
allocator-development,hotpotqa,5ab82f5255429916710eb00f,train,2026080205,559,primary,primary,complete
allocator-development,hotpotqa,5ab840d455429934fafe6d3a,train,2026080205,136,primary,primary,complete
allocator-development,hotpotqa,5ab8432a55429934fafe6d42,train,2026080205,269,primary,primary,complete
allocator-development,hotpotqa,5ab8507155429916710eb034,train,2026080205,114,primary,primary,complete
allocator-development,hotpotqa,5ab852f655429934fafe6d5f,train,2026080205,387,primary,primary,complete
allocator-development,hotpotqa,5ab86f4155429916710eb04e,train,2026080205,311,primary,primary,complete
allocator-development,hotpotqa,5ab878185542990e739ec911,train,2026080205,268,primary,primary,complete
allocator-development,hotpotqa,5ab8831c55429919ba4e2311,train,2026080205,52,primary,primary,complete
allocator-development,hotpotqa,5ab8f05b5542991b5579f064,train,2026080205,327,primary,primary,complete
allocator-development,hotpotqa,5ab8fcae5542991b5579f0b7,train,2026080205,334,primary,primary,complete
allocator-development,hotpotqa,5ab901df55429934fafe6e43,train,2026080205,140,primary,primary,complete
allocator-development,hotpotqa,5ab9203d55429919ba4e23bf,train,2026080205,456,primary,primary,complete
allocator-development,hotpotqa,5ab9278d554299131ca4228a,train,2026080205,261,primary,primary,complete
allocator-development,hotpotqa,5ab954aa5542996be2020482,train,2026080205,529,primary,primary,complete
allocator-development,hotpotqa,5ab96bd555429970cfb8ead5,train,2026080205,407,primary,primary,complete
allocator-development,hotpotqa,5ab9757855429970cfb8eb0e,train,2026080205,18,primary,primary,complete
allocator-development,hotpotqa,5ab979d655429970cfb8eb1c,train,2026080205,144,primary,primary,complete
allocator-development,hotpotqa,5ab9ac27554299131ca423c1,train,2026080205,585,primary,primary,complete
allocator-development,hotpotqa,5ab9bbbf55429970cfb8eb8c,train,2026080205,281,primary,primary,complete
allocator-development,hotpotqa,5ab9c319554299753720f84f,train,2026080205,256,primary,primary,complete
allocator-development,hotpotqa,5ab9c491554299131ca423fd,train,2026080205,519,primary,primary,complete
allocator-development,hotpotqa,5ab9d2bb55429901930fa72b,train,2026080205,305,primary,primary,complete
allocator-development,hotpotqa,5ab9d85155429901930fa731,train,2026080205,139,primary,primary,complete
allocator-development,hotpotqa,5ab9d8f95542994dbf01985f,train,2026080205,428,primary,primary,complete
allocator-development,hotpotqa,5ab9faac55429901930fa75d,train,2026080205,477,primary,primary,complete
allocator-development,hotpotqa,5aba3f1a55429901930fa78d,train,2026080205,528,primary,primary,complete
allocator-development,hotpotqa,5abaa40555429901930fa86e,train,2026080205,586,primary,primary,complete
allocator-development,hotpotqa,5abacc785542996606241619,train,2026080205,65,primary,primary,complete
allocator-development,hotpotqa,5abad4fa55429939ce03dd57,train,2026080205,480,primary,primary,complete
allocator-development,hotpotqa,5abada425542996cc5e49eac,train,2026080205,562,primary,primary,complete
allocator-development,hotpotqa,5abadf605542996606241652,train,2026080205,286,primary,primary,complete
allocator-development,hotpotqa,5abae46a5542996606241665,train,2026080205,105,primary,primary,complete
allocator-development,hotpotqa,5abaed905542992ccd8e7e5c,train,2026080205,471,primary,primary,complete
allocator-development,hotpotqa,5abaf14a55429966062416a7,train,2026080205,186,primary,primary,complete
allocator-development,hotpotqa,5abaf5dc5542992ccd8e7e7a,train,2026080205,180,primary,primary,complete
allocator-development,hotpotqa,5abb28ce55429939ce03dd9d,train,2026080205,75,primary,primary,complete
allocator-development,hotpotqa,5abb29d75542996cc5e49fc9,train,2026080205,157,primary,primary,complete
allocator-development,hotpotqa,5abb2a265542992ccd8e7f31,train,2026080205,534,primary,primary,complete
allocator-development,hotpotqa,5abb302d55429966062416e2,train,2026080205,474,primary,primary,complete
allocator-development,hotpotqa,5abb7f1b5542993f40c73b13,train,2026080205,179,primary,primary,complete
allocator-development,hotpotqa,5abba4a5554299642a094af2,train,2026080205,401,primary,primary,complete
allocator-development,hotpotqa,5abbd0da5542993f40c73bb0,train,2026080205,86,primary,primary,complete
allocator-development,hotpotqa,5abbfb7f554299114383a0d1,train,2026080205,206,primary,primary,complete
allocator-development,hotpotqa,5abc1b65554299700f9d77dd,train,2026080205,19,primary,primary,complete
allocator-development,hotpotqa,5abc2bf3554299700f9d7805,train,2026080205,441,primary,primary,complete
allocator-development,hotpotqa,5abc4f8055429959677d6a81,train,2026080205,95,primary,primary,complete
allocator-development,hotpotqa,5abc5b84554299700f9d7888,train,2026080205,272,primary,primary,complete
allocator-development,hotpotqa,5abc67d9554299700f9d78af,train,2026080205,420,primary,primary,complete
allocator-development,hotpotqa,5abc72a855429959677d6ac0,train,2026080205,512,primary,primary,complete
allocator-development,hotpotqa,5abd0d065542996e802b46c4,train,2026080205,203,primary,primary,complete
allocator-development,hotpotqa,5abd118055429933744ab6f7,train,2026080205,405,primary,primary,complete
allocator-development,hotpotqa,5abd286c55429924427fcf25,train,2026080205,494,primary,primary,complete
allocator-development,hotpotqa,5abd6b9255429924427fcfd4,train,2026080205,28,primary,primary,complete
allocator-development,hotpotqa,5abd6f6b5542993062266c92,train,2026080205,486,primary,primary,complete
allocator-development,hotpotqa,5abd79ab55429924427fcfe1,train,2026080205,163,primary,primary,complete
allocator-development,hotpotqa,5abd7b2255429924427fcff4,train,2026080205,460,primary,primary,complete
allocator-development,hotpotqa,5abd8a5055429924427fd049,train,2026080205,257,primary,primary,complete
allocator-development,hotpotqa,5abd93b15542992ac4f382d0,train,2026080205,87,primary,primary,complete
allocator-development,hotpotqa,5abd9feb5542992ac4f382e0,train,2026080205,21,primary,primary,complete
allocator-development,hotpotqa,5abdbe455542993f32c2a044,train,2026080205,172,primary,primary,complete
allocator-development,hotpotqa,5abdbf885542993f32c2a04a,train,2026080205,117,primary,primary,complete
allocator-development,hotpotqa,5abe33a55542991f661060ff,train,2026080205,17,primary,primary,complete
allocator-development,hotpotqa,5abe68ba5542991f66106173,train,2026080205,188,primary,primary,complete
allocator-development,hotpotqa,5abe74d855429976d4830b1c,train,2026080205,462,primary,primary,complete
allocator-development,hotpotqa,5abe966f5542991f661061a5,train,2026080205,501,primary,primary,complete
allocator-development,hotpotqa,5abeaea95542997ec76fd345,train,2026080205,55,primary,primary,complete
allocator-development,hotpotqa,5abebb9d5542997719eab59c,train,2026080205,236,primary,primary,complete
allocator-development,hotpotqa,5abee2315542994516f45466,train,2026080205,410,primary,primary,complete
allocator-development,hotpotqa,5abeea815542997719eab5f9,train,2026080205,584,primary,primary,complete
allocator-development,hotpotqa,5abeee275542993fe9a41da2,train,2026080205,546,primary,primary,complete
allocator-development,hotpotqa,5abf63025542997ec76fd3e8,train,2026080205,115,primary,primary,complete
allocator-development,hotpotqa,5abfa1935542997ec76fd40d,train,2026080205,388,primary,primary,complete
allocator-development,hotpotqa,5abfc0715542997ec76fd44b,train,2026080205,72,primary,primary,complete
allocator-development,hotpotqa,5abfe8395542997d64295933,train,2026080205,470,primary,primary,complete
allocator-development,hotpotqa,5abfebdd5542997d64295944,train,2026080205,247,primary,primary,complete
allocator-development,hotpotqa,5abfee2d5542997ec76fd470,train,2026080205,99,primary,primary,complete
allocator-development,hotpotqa,5abff0075542994516f45536,train,2026080205,53,primary,primary,complete
allocator-development,hotpotqa,5abff8c95542994516f4555c,train,2026080205,549,primary,primary,complete
allocator-development,hotpotqa,5ac02abe5542996f0d89cb47,train,2026080205,338,primary,primary,complete
allocator-development,hotpotqa,5ac0c68d554299012d1db630,train,2026080205,116,primary,primary,complete
allocator-development,hotpotqa,5ac0dbff5542996f0d89cc2b,train,2026080205,70,primary,primary,complete
allocator-development,hotpotqa,5ac0e663554299294b21904b,train,2026080205,378,primary,primary,complete
allocator-development,hotpotqa,5ac0f0b95542996f0d89cc3b,train,2026080205,303,primary,primary,complete
allocator-development,hotpotqa,5ac15cbf5542994ab5c67cf9,train,2026080205,390,primary,primary,complete
allocator-development,hotpotqa,5ac1917b55429964131be22d,train,2026080205,554,primary,primary,complete
allocator-development,hotpotqa,5ac19f5f5542994ab5c67da6,train,2026080205,38,primary,primary,complete
allocator-development,hotpotqa,5ac1a24d55429963665198c7,train,2026080205,227,primary,primary,complete
allocator-development,hotpotqa,5ac1b06655429963665198ee,train,2026080205,419,primary,primary,complete
allocator-development,hotpotqa,5ac1cbd455429964131be295,train,2026080205,83,primary,primary,complete
allocator-development,hotpotqa,5ac24d7255429951e9e6853d,train,2026080205,91,primary,primary,complete
allocator-development,hotpotqa,5ac25ef35542992f1f2b3885,train,2026080205,351,primary,primary,complete
allocator-development,hotpotqa,5ac262545542992f1f2b389d,train,2026080205,373,primary,primary,complete
allocator-development,hotpotqa,5ac263a4554299636651999c,train,2026080205,133,primary,primary,complete
allocator-development,hotpotqa,5ac264d15542992f1f2b38a8,train,2026080205,112,primary,primary,complete
allocator-development,hotpotqa,5ac28e2e5542992f1f2b38fe,train,2026080205,332,primary,primary,complete
allocator-development,hotpotqa,5ac290555542990b17b153f5,train,2026080205,576,primary,primary,complete
allocator-development,hotpotqa,5ac295f15542990b17b1541a,train,2026080205,567,primary,primary,complete
allocator-development,hotpotqa,5ac29731554299657fa28fc4,train,2026080205,130,primary,primary,complete
allocator-development,hotpotqa,5ac29efd55429967731025c1,train,2026080205,400,primary,primary,complete
allocator-development,hotpotqa,5ac29fd955429967731025c3,train,2026080205,208,primary,primary,complete
allocator-development,hotpotqa,5ac2c466554299657fa2903d,train,2026080205,337,primary,primary,complete
allocator-development,hotpotqa,5ac2c8785542990b17b15498,train,2026080205,42,primary,primary,complete
allocator-development,hotpotqa,5ac2db1f554299218029db87,train,2026080205,9,primary,primary,complete
allocator-development,hotpotqa,5ac2f859554299218029dbad,train,2026080205,379,primary,primary,complete
allocator-development,hotpotqa,5ac325f7554299657fa290e9,train,2026080205,391,primary,primary,complete
allocator-development,hotpotqa,5ac326af554299657fa290ea,train,2026080205,568,primary,primary,complete
allocator-development,hotpotqa,5ac38cab554299657fa290ec,train,2026080205,166,primary,primary,complete
allocator-development,hotpotqa,5ac396b4554299741d48a2a8,train,2026080205,594,primary,primary,complete
allocator-development,hotpotqa,5ac39eb9554299657fa29101,train,2026080205,2,primary,primary,complete
allocator-development,hotpotqa,5ac39fed5542995ef918c1c0,train,2026080205,204,primary,primary,complete
allocator-development,hotpotqa,5ac3a5445542995ef918c1ca,train,2026080205,59,primary,primary,complete
allocator-development,hotpotqa,5ac3a6ab554299218029dbf1,train,2026080205,39,primary,primary,complete
allocator-development,hotpotqa,5ac3cd8c554299204fd21e6e,train,2026080205,533,primary,primary,complete
allocator-development,hotpotqa,5ac3d3495542995ef918c24b,train,2026080205,328,primary,primary,complete
allocator-development,hotpotqa,5ac421dc554299204fd21ef8,train,2026080205,231,primary,primary,complete
allocator-development,hotpotqa,5ac4396f5542995c82c4acfb,train,2026080205,424,primary,primary,complete
allocator-development,hotpotqa,5ac45850554299204fd21f29,train,2026080205,192,primary,primary,complete
allocator-development,hotpotqa,5ac48e665542996feb3fe8c6,train,2026080205,218,primary,primary,complete
allocator-development,hotpotqa,5ac49a8e5542996feb3fe908,train,2026080205,572,primary,primary,complete
allocator-development,hotpotqa,5ac4ac525542996feb3fe930,train,2026080205,319,primary,primary,complete
allocator-development,hotpotqa,5ac4cfb85542996feb3fe946,train,2026080205,523,primary,primary,complete
allocator-development,hotpotqa,5ac4d9125542996feb3fe94d,train,2026080205,270,primary,primary,complete
allocator-development,hotpotqa,5ac4f65d5542995c82c4ad88,train,2026080205,314,primary,primary,complete
allocator-development,hotpotqa,5ac4fe035542995c82c4ad96,train,2026080205,464,primary,primary,complete
allocator-development,hotpotqa,5ac51a495542994611c8b392,train,2026080205,449,primary,primary,complete
allocator-development,hotpotqa,5ac52eaf5542994611c8b3fc,train,2026080205,178,primary,primary,complete
allocator-development,hotpotqa,5ac530905542994611c8b40a,train,2026080205,347,primary,primary,complete
allocator-development,hotpotqa,5ac533025542994611c8b425,train,2026080205,69,primary,primary,complete
allocator-development,hotpotqa,5ac53a3c5542993e66e82235,train,2026080205,600,primary,primary,complete
allocator-development,hotpotqa,5ac53eb65542994611c8b46a,train,2026080205,413,primary,primary,complete
allocator-development,hotpotqa,5adbdab855429944faac2387,train,2026080205,544,primary,primary,complete
allocator-development,hotpotqa,5adbe0125542996e6852526d,train,2026080205,195,primary,primary,complete
allocator-development,hotpotqa,5adbfb4d55429947ff17388c,train,2026080205,354,primary,primary,complete
allocator-development,hotpotqa,5adbfcb155429947ff173899,train,2026080205,171,primary,primary,complete
allocator-development,hotpotqa,5adc0a5e554299438c868d12,train,2026080205,219,primary,primary,complete
allocator-development,hotpotqa,5adc117955429944faac2410,train,2026080205,108,primary,primary,complete
allocator-development,hotpotqa,5adc166155429944faac2414,train,2026080205,592,primary,primary,complete
allocator-development,hotpotqa,5adc319c5542996e685252d6,train,2026080205,239,primary,primary,complete
allocator-development,hotpotqa,5adc744e55429947ff17396f,train,2026080205,137,primary,primary,complete
allocator-development,hotpotqa,5adc8a2b554299438c868de7,train,2026080205,473,primary,primary,complete
allocator-development,hotpotqa,5adcdfe45542992c1e3a2449,train,2026080205,240,primary,primary,complete
allocator-development,hotpotqa,5adcea155542994d58a2f713,train,2026080205,453,primary,primary,complete
allocator-development,hotpotqa,5adcea865542992c1e3a24b1,train,2026080205,187,primary,primary,complete
allocator-development,hotpotqa,5adcf7515542992c1e3a24dd,train,2026080205,308,primary,primary,complete
allocator-development,hotpotqa,5adcffa05542992c1e3a24fd,train,2026080205,489,primary,primary,complete
allocator-development,hotpotqa,5add27325542994734353880,train,2026080205,78,primary,primary,complete
allocator-development,hotpotqa,5add280c5542992ae4cec4b9,train,2026080205,315,primary,primary,complete
allocator-development,hotpotqa,5add3ade5542990dbb2f7ddd,train,2026080205,12,primary,primary,complete
allocator-development,hotpotqa,5add65585542992200553aeb,train,2026080205,190,primary,primary,complete
allocator-development,hotpotqa,5add69255542992200553b01,train,2026080205,451,primary,primary,complete
allocator-development,hotpotqa,5add6a115542992200553b06,train,2026080205,455,primary,primary,complete
allocator-development,hotpotqa,5add6f0e5542992200553b17,train,2026080205,406,primary,primary,complete
allocator-development,hotpotqa,5addca545542997dc790702b,train,2026080205,125,primary,primary,complete
allocator-development,hotpotqa,5addd7ae5542990dbb2f7eb4,train,2026080205,235,primary,primary,complete
allocator-development,hotpotqa,5addd8325542990dbb2f7eba,train,2026080205,277,primary,primary,complete
allocator-development,hotpotqa,5adde5595542990dbb2f7ef0,train,2026080205,73,primary,primary,complete
allocator-development,hotpotqa,5addebbe5542995b365fab88,train,2026080205,526,primary,primary,complete
allocator-development,hotpotqa,5addfd155542997dc7907106,train,2026080205,511,primary,primary,complete
allocator-development,hotpotqa,5ade02505542997545bbbe07,train,2026080205,503,primary,primary,complete
allocator-development,hotpotqa,5ade03585542997545bbbe13,train,2026080205,34,primary,primary,complete
allocator-development,hotpotqa,5ade134955429939a52fe7ef,train,2026080205,367,primary,primary,complete
allocator-development,hotpotqa,5ade1a7555429975fa854e49,train,2026080205,590,primary,primary,complete
allocator-development,hotpotqa,5ade3f7c554299728e26c68f,train,2026080205,88,primary,primary,complete
allocator-development,hotpotqa,5ade680e55429975fa854ec0,train,2026080205,23,primary,primary,complete
allocator-development,hotpotqa,5ade8ca055429939a52fe8f0,train,2026080205,484,primary,primary,complete
allocator-development,hotpotqa,5adeb09955429939a52fe95b,train,2026080205,194,primary,primary,complete
allocator-development,hotpotqa,5adeb5345542995534e8c6df,train,2026080205,508,primary,primary,complete
allocator-development,hotpotqa,5adee0375542995ec70e8f3c,train,2026080205,341,primary,primary,complete
allocator-development,hotpotqa,5adf25635542993344016bfa,train,2026080205,467,primary,primary,complete
allocator-development,hotpotqa,5adf2a3e5542993344016c0a,train,2026080205,532,primary,primary,complete
allocator-development,hotpotqa,5adf4a7a5542993a75d2649d,train,2026080205,185,primary,primary,complete
allocator-development,hotpotqa,5adf66555542993344016c6c,train,2026080205,189,primary,primary,complete
allocator-development,hotpotqa,5adf73255542993344016c94,train,2026080205,170,primary,primary,complete
allocator-development,hotpotqa,5adf767b5542992d7e9f9384,train,2026080205,169,primary,primary,complete
allocator-development,hotpotqa,5adf857d5542993344016cb8,train,2026080205,210,primary,primary,complete
allocator-development,hotpotqa,5adfa72b554299025d62a328,train,2026080205,102,primary,primary,complete
allocator-development,hotpotqa,5adfb0595542995ec70e9072,train,2026080205,384,primary,primary,complete
allocator-development,hotpotqa,5adfd17755429942ec259b4f,train,2026080205,118,primary,primary,complete
allocator-development,hotpotqa,5adfd8cc55429906c02daa6c,train,2026080205,181,primary,primary,complete
allocator-development,hotpotqa,5adffabd55429942ec259bb4,train,2026080205,517,primary,primary,complete
allocator-development,hotpotqa,5ae000ab55429906c02daaa2,train,2026080205,230,primary,primary,complete
allocator-development,hotpotqa,5ae002b655429942ec259bdc,train,2026080205,591,primary,primary,complete
allocator-development,hotpotqa,5ae0128355429925eb1afbfe,train,2026080205,110,primary,primary,complete
allocator-development,hotpotqa,5ae03743554299603e4183f5,train,2026080205,521,primary,primary,complete
allocator-development,hotpotqa,5ae04ac255429924de1b7093,train,2026080205,395,primary,primary,complete
allocator-development,hotpotqa,5ae0529155429925eb1afc33,train,2026080205,283,primary,primary,complete
allocator-development,hotpotqa,5ae089cf55429945ae9593a5,train,2026080205,560,primary,primary,complete
allocator-development,hotpotqa,5ae0aa4b55429945ae9593f9,train,2026080205,366,primary,primary,complete
allocator-development,hotpotqa,5ae0ada755429906c02daaf3,train,2026080205,282,primary,primary,complete
allocator-development,hotpotqa,5ae1025b55429920d5234274,train,2026080205,45,primary,primary,complete
allocator-development,hotpotqa,5ae1086655429920d5234297,train,2026080205,223,primary,primary,complete
allocator-development,hotpotqa,5ae10d9a55429901ffe4ad2d,train,2026080205,149,primary,primary,complete
allocator-development,hotpotqa,5ae11b3955429901ffe4ad91,train,2026080205,101,primary,primary,complete
allocator-development,hotpotqa,5ae1398b55429901ffe4ae0b,train,2026080205,318,primary,primary,complete
allocator-development,hotpotqa,5ae13d615542997b2ef7d154,train,2026080205,346,primary,primary,complete
allocator-development,hotpotqa,5ae14d9e55429920d52343c5,train,2026080205,316,primary,primary,complete
allocator-development,hotpotqa,5ae160505542997b2ef7d1b5,train,2026080205,71,primary,primary,complete
allocator-development,hotpotqa,5ae1be98554299234fd042e4,train,2026080205,258,primary,primary,complete
allocator-development,hotpotqa,5ae1ce54554299492dc91b90,train,2026080205,465,primary,primary,complete
allocator-development,hotpotqa,5ae1f4f0554299234fd0436f,train,2026080205,344,primary,primary,complete
allocator-development,hotpotqa,5ae1f617554299234fd04373,train,2026080205,252,primary,primary,complete
allocator-development,hotpotqa,5ae1f61f5542997f29b3c1bc,train,2026080205,6,primary,primary,complete
allocator-development,hotpotqa,5ae206d7554299234fd043b4,train,2026080205,599,primary,primary,complete
allocator-development,hotpotqa,5ae209b45542994d89d5b31f,train,2026080205,50,primary,primary,complete
allocator-development,hotpotqa,5ae20ce55542997283cd2378,train,2026080205,504,primary,primary,complete
allocator-development,hotpotqa,5ae20d1b554299492dc91bbf,train,2026080205,275,primary,primary,complete
allocator-development,hotpotqa,5ae2257e554299234fd043f3,train,2026080205,333,primary,primary,complete
allocator-development,hotpotqa,5ae25f64554299495565da4c,train,2026080205,371,primary,primary,complete
allocator-development,hotpotqa,5ae265045542992decbdcce8,train,2026080205,62,primary,primary,complete
allocator-development,hotpotqa,5ae26de85542992decbdccff,train,2026080205,329,primary,primary,complete
allocator-development,hotpotqa,5ae2a9ab5542996483e64a20,train,2026080205,177,primary,primary,complete
allocator-development,hotpotqa,5ae2b77e5542992decbdcd7e,train,2026080205,593,primary,primary,complete
allocator-development,hotpotqa,5ae2bf6e5542992decbdcd91,train,2026080205,61,primary,primary,complete
allocator-development,hotpotqa,5ae2c93d5542992decbdcda0,train,2026080205,220,primary,primary,complete
allocator-development,hotpotqa,5ae317c955429928c42395e4,train,2026080205,345,primary,primary,complete
allocator-development,hotpotqa,5ae31c3455429928c4239601,train,2026080205,259,primary,primary,complete
allocator-development,hotpotqa,5ae332f25542990afbd1e0d9,train,2026080205,300,primary,primary,complete
allocator-development,hotpotqa,5ae3336a55429928c423967e,train,2026080205,202,primary,primary,complete
allocator-development,hotpotqa,5ae336685542994393b9e651,train,2026080205,552,primary,primary,complete
allocator-development,hotpotqa,5ae33e5f5542990afbd1e0ee,train,2026080205,183,primary,primary,complete
allocator-development,hotpotqa,5ae341295542994393b9e669,train,2026080205,146,primary,primary,complete
allocator-development,hotpotqa,5ae352d55542994393b9e68a,train,2026080205,510,primary,primary,complete
allocator-development,hotpotqa,5ae376d45542994393b9e6d7,train,2026080205,264,primary,primary,complete
allocator-development,hotpotqa,5ae3ab725542994393b9e73d,train,2026080205,425,primary,primary,complete
allocator-development,hotpotqa,5ae3aece5542994393b9e747,train,2026080205,498,primary,primary,complete
allocator-development,hotpotqa,5ae3b38a5542992e3233c44e,train,2026080205,49,primary,primary,complete
allocator-development,hotpotqa,5ae3d3115542992e3233c47f,train,2026080205,111,primary,primary,complete
allocator-development,hotpotqa,5ae3e6055542994393b9e7a1,train,2026080205,458,primary,primary,complete
allocator-development,hotpotqa,5ae3f7895542995ad6573cf9,train,2026080205,520,primary,primary,complete
allocator-development,hotpotqa,5ae4045755429970de88d84d,train,2026080205,499,primary,primary,complete
allocator-development,hotpotqa,5ae4056255429970de88d857,train,2026080205,313,primary,primary,complete
allocator-development,hotpotqa,5ae4059d55429970de88d85b,train,2026080205,459,primary,primary,complete
allocator-development,hotpotqa,5ae410db55429970de88d8da,train,2026080205,248,primary,primary,complete
allocator-development,hotpotqa,5ae441185542996836b02c5f,train,2026080205,443,primary,primary,complete
allocator-development,hotpotqa,5ae48ef45542995ad6573d8a,train,2026080205,336,primary,primary,complete
allocator-development,hotpotqa,5ae48fc05542995ad6573d92,train,2026080205,348,primary,primary,complete
allocator-development,hotpotqa,5ae4a1a85542995ad6573dd3,train,2026080205,58,primary,primary,complete
allocator-development,hotpotqa,5ae4a50055429970de88d9ef,train,2026080205,246,primary,primary,complete
allocator-development,hotpotqa,5ae4a81f5542995ad6573e00,train,2026080205,147,primary,primary,complete
allocator-development,hotpotqa,5ae4d38d55429908b6326487,train,2026080205,292,primary,primary,complete
allocator-development,hotpotqa,5ae4dbdc5542990ba0bbb17c,train,2026080205,27,primary,primary,complete
allocator-development,hotpotqa,5ae4e4275542990ba0bbb18d,train,2026080205,96,primary,primary,complete
allocator-development,hotpotqa,5ae50b2655429908b63264f3,train,2026080205,211,primary,primary,complete
allocator-development,hotpotqa,5ae516fa55429913cc20458a,train,2026080205,244,primary,primary,complete
allocator-development,hotpotqa,5ae52ad755429908b6326534,train,2026080205,540,primary,primary,complete
allocator-development,hotpotqa,5ae52eb555429908b6326551,train,2026080205,581,primary,primary,complete
allocator-development,hotpotqa,5ae52fd255429908b6326559,train,2026080205,131,primary,primary,complete
allocator-development,hotpotqa,5ae5421d5542990ba0bbb243,train,2026080205,29,primary,primary,complete
allocator-development,hotpotqa,5ae56900554299546bf82ed4,train,2026080205,265,primary,primary,complete
allocator-development,hotpotqa,5ae56bb0554299546bf82ed5,train,2026080205,450,primary,primary,complete
allocator-development,hotpotqa,5ae5c4035542992663a4f21c,train,2026080205,417,primary,primary,complete
allocator-development,hotpotqa,5ae5d5df554299546bf82f94,train,2026080205,446,primary,primary,complete
allocator-development,hotpotqa,5ae5d710554299546bf82f95,train,2026080205,423,primary,primary,complete
allocator-development,hotpotqa,5ae5e0b055429929b08079e3,train,2026080205,394,primary,primary,complete
allocator-development,hotpotqa,5ae5ebe15542996de7b71a6f,train,2026080205,7,primary,primary,complete
allocator-development,hotpotqa,5ae5fe995542996de7b71ac4,train,2026080205,26,primary,primary,complete
allocator-development,hotpotqa,5ae6071355429929b0807a6d,train,2026080205,438,primary,primary,complete
allocator-development,hotpotqa,5ae610095542996de7b71b17,train,2026080205,90,primary,primary,complete
allocator-development,hotpotqa,5ae611905542996de7b71b20,train,2026080205,215,primary,primary,complete
allocator-development,hotpotqa,5ae63e8a55429908198fa53f,train,2026080205,250,primary,primary,complete
allocator-development,hotpotqa,5ae6542e5542995703ce8b52,train,2026080205,601,reserve,same-benchmark availability reserve,complete
allocator-development,hotpotqa,5ae6568555429929b0807b39,train,2026080205,539,primary,primary,complete
allocator-development,hotpotqa,5ae65e985542996d980e7b1e,train,2026080205,152,primary,primary,complete
allocator-development,hotpotqa,5ae66d6c5542991bbc9760d4,train,2026080205,1,primary,primary,complete
allocator-development,hotpotqa,5ae6868b5542996d980e7bdf,train,2026080205,476,primary,primary,complete
allocator-development,hotpotqa,5ae68e1955429908198fa608,train,2026080205,141,primary,primary,complete
allocator-development,hotpotqa,5ae6dd0a5542996d980e7c9f,train,2026080205,513,primary,primary,complete
allocator-development,hotpotqa,5ae6e8a0554299572ea54644,train,2026080205,278,primary,primary,complete
allocator-development,hotpotqa,5ae70cf5554299572ea54696,train,2026080205,106,primary,primary,complete
allocator-development,hotpotqa,5ae72b325542991e8301cb7c,train,2026080205,515,primary,primary,complete
allocator-development,hotpotqa,5ae72c4c5542991e8301cb8e,train,2026080205,304,primary,primary,complete
allocator-development,hotpotqa,5ae74c645542991e8301cc53,train,2026080205,421,primary,primary,complete
allocator-development,hotpotqa,5ae773565542997b22f6a774,train,2026080205,293,primary,primary,complete
allocator-development,hotpotqa,5ae78aff554299540e5a55df,train,2026080205,271,primary,primary,complete
allocator-development,hotpotqa,5ae78eb95542994a481bbda0,train,2026080205,565,primary,primary,complete
allocator-development,hotpotqa,5ae7a4195542993210983ec4,train,2026080205,301,primary,primary,complete
allocator-development,hotpotqa,5ae7a65f5542993210983ed1,train,2026080205,138,primary,primary,complete
allocator-development,hotpotqa,5ae7bfb75542997ec27276df,train,2026080205,119,primary,primary,complete
allocator-development,hotpotqa,5ae7c292554299540e5a5656,train,2026080205,24,primary,primary,complete
allocator-development,hotpotqa,5ae8172455429952e35eaa0a,train,2026080205,588,primary,primary,complete
allocator-development,hotpotqa,5ae818bc5542994a481bbec0,train,2026080205,495,primary,primary,complete
allocator-development,hotpotqa,5ae82be55542997ec2727740,train,2026080205,509,primary,primary,complete
allocator-development,musique,2hop__10001_72062,train,2026080205,505,primary,primary,complete
allocator-development,musique,2hop__102217_52230,train,2026080205,21,primary,primary,complete
allocator-development,musique,2hop__10253_64699,train,2026080205,379,primary,primary,complete
allocator-development,musique,2hop__10253_88461,train,2026080205,222,primary,primary,complete
allocator-development,musique,2hop__102782_4632,train,2026080205,543,primary,primary,complete
allocator-development,musique,2hop__102960_36388,train,2026080205,310,primary,primary,complete
allocator-development,musique,2hop__103007_79404,train,2026080205,382,primary,primary,complete
allocator-development,musique,2hop__103097_10690,train,2026080205,311,primary,primary,complete
allocator-development,musique,2hop__103546_74309,train,2026080205,10,primary,primary,complete
allocator-development,musique,2hop__103659_58400,train,2026080205,376,primary,primary,complete
allocator-development,musique,2hop__103696_85890,train,2026080205,368,primary,primary,complete
allocator-development,musique,2hop__103706_44224,train,2026080205,424,primary,primary,complete
allocator-development,musique,2hop__103809_36388,train,2026080205,63,primary,primary,complete
allocator-development,musique,2hop__104416_44852,train,2026080205,588,primary,primary,complete
allocator-development,musique,2hop__105068_91469,train,2026080205,452,primary,primary,complete
allocator-development,musique,2hop__105143_62309,train,2026080205,349,primary,primary,complete
allocator-development,musique,2hop__105152_80243,train,2026080205,266,primary,primary,complete
allocator-development,musique,2hop__105411_90561,train,2026080205,171,primary,primary,complete
allocator-development,musique,2hop__106204_80243,train,2026080205,194,primary,primary,complete
allocator-development,musique,2hop__106237_44852,train,2026080205,509,primary,primary,complete
allocator-development,musique,2hop__106326_21115,train,2026080205,549,primary,primary,complete
allocator-development,musique,2hop__106334_38855,train,2026080205,552,primary,primary,complete
allocator-development,musique,2hop__106852_123863,train,2026080205,431,primary,primary,complete
allocator-development,musique,2hop__107338_57695,train,2026080205,42,primary,primary,complete
allocator-development,musique,2hop__107516_80674,train,2026080205,213,primary,primary,complete
allocator-development,musique,2hop__107913_62766,train,2026080205,226,primary,primary,complete
allocator-development,musique,2hop__108529_598257,train,2026080205,243,primary,primary,complete
allocator-development,musique,2hop__108843_159045,train,2026080205,419,primary,primary,complete
allocator-development,musique,2hop__109254_821686,train,2026080205,363,primary,primary,complete
allocator-development,musique,2hop__11092_11117,train,2026080205,502,primary,primary,complete
allocator-development,musique,2hop__11167_11125,train,2026080205,72,primary,primary,complete
allocator-development,musique,2hop__11167_11179,train,2026080205,428,primary,primary,complete
allocator-development,musique,2hop__11230_3752,train,2026080205,464,primary,primary,complete
allocator-development,musique,2hop__118108_661666,train,2026080205,384,primary,primary,complete
allocator-development,musique,2hop__125595_74218,train,2026080205,92,primary,primary,complete
allocator-development,musique,2hop__125959_720752,train,2026080205,482,primary,primary,complete
allocator-development,musique,2hop__128429_74242,train,2026080205,206,primary,primary,complete
allocator-development,musique,2hop__128785_49870,train,2026080205,228,primary,primary,complete
allocator-development,musique,2hop__128895_11427,train,2026080205,508,primary,primary,complete
allocator-development,musique,2hop__129187_73786,train,2026080205,126,primary,primary,complete
allocator-development,musique,2hop__129270_776856,train,2026080205,313,primary,primary,complete
allocator-development,musique,2hop__129363_69489,train,2026080205,241,primary,primary,complete
allocator-development,musique,2hop__129478_607800,train,2026080205,563,primary,primary,complete
allocator-development,musique,2hop__129571_599261,train,2026080205,351,primary,primary,complete
allocator-development,musique,2hop__129680_84128,train,2026080205,403,primary,primary,complete
allocator-development,musique,2hop__129687_90450,train,2026080205,67,primary,primary,complete
allocator-development,musique,2hop__130490_69489,train,2026080205,230,primary,primary,complete
allocator-development,musique,2hop__130571_208796,train,2026080205,366,primary,primary,complete
allocator-development,musique,2hop__13065_87168,train,2026080205,143,primary,primary,complete
allocator-development,musique,2hop__130788_55098,train,2026080205,83,primary,primary,complete
allocator-development,musique,2hop__130857_68117,train,2026080205,116,primary,primary,complete
allocator-development,musique,2hop__131206_69301,train,2026080205,558,primary,primary,complete
allocator-development,musique,2hop__131243_701819,train,2026080205,276,primary,primary,complete
allocator-development,musique,2hop__131270_83815,train,2026080205,396,primary,primary,complete
allocator-development,musique,2hop__131280_578368,train,2026080205,321,primary,primary,complete
allocator-development,musique,2hop__131286_81842,train,2026080205,48,primary,primary,complete
allocator-development,musique,2hop__131358_45439,train,2026080205,555,primary,primary,complete
allocator-development,musique,2hop__131398_160300,train,2026080205,352,primary,primary,complete
allocator-development,musique,2hop__131406_83815,train,2026080205,262,primary,primary,complete
allocator-development,musique,2hop__131572_160300,train,2026080205,244,primary,primary,complete
allocator-development,musique,2hop__131772_51268,train,2026080205,303,primary,primary,complete
allocator-development,musique,2hop__131772_609442,train,2026080205,84,primary,primary,complete
allocator-development,musique,2hop__131781_55578,train,2026080205,414,primary,primary,complete
allocator-development,musique,2hop__131821_68117,train,2026080205,471,primary,primary,complete
allocator-development,musique,2hop__136294_84128,train,2026080205,374,primary,primary,complete
allocator-development,musique,2hop__136763_79233,train,2026080205,43,primary,primary,complete
allocator-development,musique,2hop__136763_92216,train,2026080205,38,primary,primary,complete
allocator-development,musique,2hop__136780_92216,train,2026080205,59,primary,primary,complete
allocator-development,musique,2hop__139947_140916,train,2026080205,147,primary,primary,complete
allocator-development,musique,2hop__143912_392890,train,2026080205,167,primary,primary,complete
allocator-development,musique,2hop__143945_536676,train,2026080205,156,primary,primary,complete
allocator-development,musique,2hop__144404_73786,train,2026080205,413,primary,primary,complete
allocator-development,musique,2hop__144949_430,train,2026080205,106,primary,primary,complete
allocator-development,musique,2hop__145041_675013,train,2026080205,383,primary,primary,complete
allocator-development,musique,2hop__145073_708910,train,2026080205,514,primary,primary,complete
allocator-development,musique,2hop__145311_686699,train,2026080205,571,primary,primary,complete
allocator-development,musique,2hop__145728_21587,train,2026080205,317,primary,primary,complete
allocator-development,musique,2hop__145795_59330,train,2026080205,257,primary,primary,complete
allocator-development,musique,2hop__145916_54206,train,2026080205,372,primary,primary,complete
allocator-development,musique,2hop__146082_84859,train,2026080205,421,primary,primary,complete
allocator-development,musique,2hop__146161_21587,train,2026080205,74,primary,primary,complete
allocator-development,musique,2hop__146644_516766,train,2026080205,250,primary,primary,complete
allocator-development,musique,2hop__147356_45731,train,2026080205,56,primary,primary,complete
allocator-development,musique,2hop__149713_140497,train,2026080205,252,primary,primary,complete
allocator-development,musique,2hop__149754_432788,train,2026080205,217,primary,primary,complete
allocator-development,musique,2hop__150015_140497,train,2026080205,337,primary,primary,complete
allocator-development,musique,2hop__152940_49870,train,2026080205,472,primary,primary,complete
allocator-development,musique,2hop__152990_63766,train,2026080205,454,primary,primary,complete
allocator-development,musique,2hop__153048_84128,train,2026080205,60,primary,primary,complete
allocator-development,musique,2hop__155319_609442,train,2026080205,534,primary,primary,complete
allocator-development,musique,2hop__157028_60943,train,2026080205,430,primary,primary,complete
allocator-development,musique,2hop__158735_29229,train,2026080205,481,primary,primary,complete
allocator-development,musique,2hop__160291_3004,train,2026080205,394,primary,primary,complete
allocator-development,musique,2hop__160945_2170,train,2026080205,567,primary,primary,complete
allocator-development,musique,2hop__161709_69825,train,2026080205,153,primary,primary,complete
allocator-development,musique,2hop__161977_55578,train,2026080205,447,primary,primary,complete
allocator-development,musique,2hop__167567_78497,train,2026080205,418,primary,primary,complete
allocator-development,musique,2hop__167674_776856,train,2026080205,507,primary,primary,complete
allocator-development,musique,2hop__168174_53573,train,2026080205,504,primary,primary,complete
allocator-development,musique,2hop__171605_78529,train,2026080205,187,primary,primary,complete
allocator-development,musique,2hop__171605_93434,train,2026080205,81,primary,primary,complete
allocator-development,musique,2hop__171886_131886,train,2026080205,477,primary,primary,complete
allocator-development,musique,2hop__171922_90536,train,2026080205,134,primary,primary,complete
allocator-development,musique,2hop__175116_119986,train,2026080205,345,primary,primary,complete
allocator-development,musique,2hop__18267_50751,train,2026080205,535,primary,primary,complete
allocator-development,musique,2hop__182811_127916,train,2026080205,61,primary,primary,complete
allocator-development,musique,2hop__185637_92217,train,2026080205,357,primary,primary,complete
allocator-development,musique,2hop__187930_55607,train,2026080205,300,primary,primary,complete
allocator-development,musique,2hop__190941_75878,train,2026080205,3,primary,primary,complete
allocator-development,musique,2hop__201062_49333,train,2026080205,202,primary,primary,complete
allocator-development,musique,2hop__20152_51677,train,2026080205,239,primary,primary,complete
allocator-development,musique,2hop__205401_127375,train,2026080205,76,primary,primary,complete
allocator-development,musique,2hop__20890_20779,train,2026080205,599,primary,primary,complete
allocator-development,musique,2hop__209634_56335,train,2026080205,33,primary,primary,complete
allocator-development,musique,2hop__213604_36388,train,2026080205,128,primary,primary,complete
allocator-development,musique,2hop__214490_63979,train,2026080205,522,primary,primary,complete
allocator-development,musique,2hop__215214_2702,train,2026080205,269,primary,primary,complete
allocator-development,musique,2hop__215474_44191,train,2026080205,49,primary,primary,complete
allocator-development,musique,2hop__215486_269657,train,2026080205,320,primary,primary,complete
allocator-development,musique,2hop__219197_13728,train,2026080205,566,primary,primary,complete
allocator-development,musique,2hop__219811_853000,train,2026080205,6,primary,primary,complete
allocator-development,musique,2hop__22236_22229,train,2026080205,62,primary,primary,complete
allocator-development,musique,2hop__223423_37939,train,2026080205,408,primary,primary,complete
allocator-development,musique,2hop__22368_22384,train,2026080205,378,primary,primary,complete
allocator-development,musique,2hop__224187_160300,train,2026080205,582,primary,primary,complete
allocator-development,musique,2hop__225230_702969,train,2026080205,169,primary,primary,complete
allocator-development,musique,2hop__229285_639206,train,2026080205,446,primary,primary,complete
allocator-development,musique,2hop__23139_23183,train,2026080205,556,primary,primary,complete
allocator-development,musique,2hop__23139_23249,train,2026080205,96,primary,primary,complete
allocator-development,musique,2hop__23139_68379,train,2026080205,328,primary,primary,complete
allocator-development,musique,2hop__232926_561343,train,2026080205,245,primary,primary,complete
allocator-development,musique,2hop__234525_37261,train,2026080205,361,primary,primary,complete
allocator-development,musique,2hop__236674_11125,train,2026080205,308,primary,primary,complete
allocator-development,musique,2hop__237224_69931,train,2026080205,518,primary,primary,complete
allocator-development,musique,2hop__24892_430,train,2026080205,489,primary,primary,complete
allocator-development,musique,2hop__2545_64008,train,2026080205,249,primary,primary,complete
allocator-development,musique,2hop__26407_74218,train,2026080205,515,primary,primary,complete
allocator-development,musique,2hop__26571_919,train,2026080205,306,primary,primary,complete
allocator-development,musique,2hop__27032_5370,train,2026080205,168,primary,primary,complete
allocator-development,musique,2hop__2737_2913,train,2026080205,550,primary,primary,complete
allocator-development,musique,2hop__275524_64214,train,2026080205,80,primary,primary,complete
allocator-development,musique,2hop__278619_126070,train,2026080205,527,primary,primary,complete
allocator-development,musique,2hop__279845_37261,train,2026080205,546,primary,primary,complete
allocator-development,musique,2hop__280453_159106,train,2026080205,287,primary,primary,complete
allocator-development,musique,2hop__283320_333219,train,2026080205,292,primary,primary,complete
allocator-development,musique,2hop__284106_618308,train,2026080205,581,primary,primary,complete
allocator-development,musique,2hop__28974_21326,train,2026080205,520,primary,primary,complete
allocator-development,musique,2hop__28974_63835,train,2026080205,369,primary,primary,complete
allocator-development,musique,2hop__29278_533073,train,2026080205,197,primary,primary,complete
allocator-development,musique,2hop__297833_13701,train,2026080205,212,primary,primary,complete
allocator-development,musique,2hop__300036_677577,train,2026080205,495,primary,primary,complete
allocator-development,musique,2hop__302164_62851,train,2026080205,184,primary,primary,complete
allocator-development,musique,2hop__304893_377891,train,2026080205,75,primary,primary,complete
allocator-development,musique,2hop__305461_60943,train,2026080205,466,primary,primary,complete
allocator-development,musique,2hop__309057_21587,train,2026080205,151,primary,primary,complete
allocator-development,musique,2hop__315951_1094,train,2026080205,293,primary,primary,complete
allocator-development,musique,2hop__32375_37774,train,2026080205,149,primary,primary,complete
allocator-development,musique,2hop__324938_579740,train,2026080205,248,primary,primary,complete
allocator-development,musique,2hop__326087_58009,train,2026080205,487,primary,primary,complete
allocator-development,musique,2hop__327570_37364,train,2026080205,133,primary,primary,complete
allocator-development,musique,2hop__336943_27057,train,2026080205,432,primary,primary,complete
allocator-development,musique,2hop__337205_677577,train,2026080205,246,primary,primary,complete
allocator-development,musique,2hop__337289_14960,train,2026080205,510,primary,primary,complete
allocator-development,musique,2hop__339005_37939,train,2026080205,297,primary,primary,complete
allocator-development,musique,2hop__347657_18221,train,2026080205,104,primary,primary,complete
allocator-development,musique,2hop__347685_22796,train,2026080205,137,primary,primary,complete
allocator-development,musique,2hop__353907_3315,train,2026080205,341,primary,primary,complete
allocator-development,musique,2hop__35440_35465,train,2026080205,201,primary,primary,complete
allocator-development,musique,2hop__359664_60047,train,2026080205,176,primary,primary,complete
allocator-development,musique,2hop__3656_736907,train,2026080205,20,primary,primary,complete
allocator-development,musique,2hop__36651_18657,train,2026080205,564,primary,primary,complete
allocator-development,musique,2hop__37046_4632,train,2026080205,132,primary,primary,complete
allocator-development,musique,2hop__371454_34197,train,2026080205,100,primary,primary,complete
allocator-development,musique,2hop__37497_58953,train,2026080205,183,primary,primary,complete
allocator-development,musique,2hop__37715_36167,train,2026080205,314,primary,primary,complete
allocator-development,musique,2hop__379803_759679,train,2026080205,94,primary,primary,complete
allocator-development,musique,2hop__379986_79175,train,2026080205,548,primary,primary,complete
allocator-development,musique,2hop__380151_73460,train,2026080205,362,primary,primary,complete
allocator-development,musique,2hop__38148_92585,train,2026080205,70,primary,primary,complete
allocator-development,musique,2hop__38555_442521,train,2026080205,188,primary,primary,complete
allocator-development,musique,2hop__389828_44191,train,2026080205,442,primary,primary,complete
allocator-development,musique,2hop__390016_126070,train,2026080205,19,primary,primary,complete
allocator-development,musique,2hop__391652_52448,train,2026080205,58,primary,primary,complete
allocator-development,musique,2hop__394537_514685,train,2026080205,572,primary,primary,complete
allocator-development,musique,2hop__398262_3814,train,2026080205,182,primary,primary,complete
allocator-development,musique,2hop__401835_332063,train,2026080205,238,primary,primary,complete
allocator-development,musique,2hop__403177_44191,train,2026080205,385,primary,primary,complete
allocator-development,musique,2hop__405912_224276,train,2026080205,400,primary,primary,complete
allocator-development,musique,2hop__411050_829081,train,2026080205,412,primary,primary,complete
allocator-development,musique,2hop__411745_686699,train,2026080205,449,primary,primary,complete
allocator-development,musique,2hop__412164_80674,train,2026080205,210,primary,primary,complete
allocator-development,musique,2hop__41219_61968,train,2026080205,596,primary,primary,complete
allocator-development,musique,2hop__419688_3001,train,2026080205,91,primary,primary,complete
allocator-development,musique,2hop__42321_42221,train,2026080205,461,primary,primary,complete
allocator-development,musique,2hop__425440_80674,train,2026080205,347,primary,primary,complete
allocator-development,musique,2hop__429252_185893,train,2026080205,541,primary,primary,complete
allocator-development,musique,2hop__434299_191233,train,2026080205,64,primary,primary,complete
allocator-development,musique,2hop__439267_61424,train,2026080205,540,primary,primary,complete
allocator-development,musique,2hop__442180_4037,train,2026080205,319,primary,primary,complete
allocator-development,musique,2hop__442337_826724,train,2026080205,316,primary,primary,complete
allocator-development,musique,2hop__443753_26382,train,2026080205,285,primary,primary,complete
allocator-development,musique,2hop__446352_60600,train,2026080205,234,primary,primary,complete
allocator-development,musique,2hop__446834_377891,train,2026080205,86,primary,primary,complete
allocator-development,musique,2hop__44814_4697,train,2026080205,31,primary,primary,complete
allocator-development,musique,2hop__448957_99606,train,2026080205,150,primary,primary,complete
allocator-development,musique,2hop__452247_135703,train,2026080205,109,primary,primary,complete
allocator-development,musique,2hop__452695_10369,train,2026080205,312,primary,primary,complete
allocator-development,musique,2hop__461080_68172,train,2026080205,214,primary,primary,complete
allocator-development,musique,2hop__465124_99606,train,2026080205,358,primary,primary,complete
allocator-development,musique,2hop__465507_3004,train,2026080205,283,primary,primary,complete
allocator-development,musique,2hop__468578_66879,train,2026080205,39,primary,primary,complete
allocator-development,musique,2hop__469799_699691,train,2026080205,499,primary,primary,complete
allocator-development,musique,2hop__476225_18120,train,2026080205,398,primary,primary,complete
allocator-development,musique,2hop__476911_19809,train,2026080205,513,primary,primary,complete
allocator-development,musique,2hop__478311_434,train,2026080205,272,primary,primary,complete
allocator-development,musique,2hop__48264_25017,train,2026080205,189,primary,primary,complete
allocator-development,musique,2hop__483989_160851,train,2026080205,406,primary,primary,complete
allocator-development,musique,2hop__484484_70625,train,2026080205,280,primary,primary,complete
allocator-development,musique,2hop__485481_79705,train,2026080205,233,primary,primary,complete
allocator-development,musique,2hop__48703_92014,train,2026080205,438,primary,primary,complete
allocator-development,musique,2hop__487591_7643,train,2026080205,229,primary,primary,complete
allocator-development,musique,2hop__490937_14904,train,2026080205,479,primary,primary,complete
allocator-development,musique,2hop__49355_20655,train,2026080205,236,primary,primary,complete
allocator-development,musique,2hop__504256_159106,train,2026080205,327,primary,primary,complete
allocator-development,musique,2hop__50509_69931,train,2026080205,289,primary,primary,complete
allocator-development,musique,2hop__50525_23354,train,2026080205,405,primary,primary,complete
allocator-development,musique,2hop__507864_368521,train,2026080205,108,primary,primary,complete
allocator-development,musique,2hop__51239_92444,train,2026080205,131,primary,primary,complete
allocator-development,musique,2hop__512807_69291,train,2026080205,1,primary,primary,complete
allocator-development,musique,2hop__51290_63979,train,2026080205,483,primary,primary,complete
allocator-development,musique,2hop__514526_159045,train,2026080205,204,primary,primary,complete
allocator-development,musique,2hop__515126_44537,train,2026080205,354,primary,primary,complete
allocator-development,musique,2hop__516281_90450,train,2026080205,166,primary,primary,complete
allocator-development,musique,2hop__518585_32467,train,2026080205,512,primary,primary,complete
allocator-development,musique,2hop__518925_48335,train,2026080205,539,primary,primary,complete
allocator-development,musique,2hop__524587_13640,train,2026080205,322,primary,primary,complete
allocator-development,musique,2hop__525298_20661,train,2026080205,199,primary,primary,complete
allocator-development,musique,2hop__52622_67783,train,2026080205,355,primary,primary,complete
allocator-development,musique,2hop__526520_39199,train,2026080205,371,primary,primary,complete
allocator-development,musique,2hop__526670_737459,train,2026080205,114,primary,primary,complete
allocator-development,musique,2hop__528906_53910,train,2026080205,231,primary,primary,complete
allocator-development,musique,2hop__532353_58115,train,2026080205,584,primary,primary,complete
allocator-development,musique,2hop__533027_69489,train,2026080205,223,primary,primary,complete
allocator-development,musique,2hop__5330_5400,train,2026080205,578,primary,primary,complete
allocator-development,musique,2hop__544987_737459,train,2026080205,221,primary,primary,complete
allocator-development,musique,2hop__545550_53519,train,2026080205,40,primary,primary,complete
allocator-development,musique,2hop__54562_770460,train,2026080205,344,primary,primary,complete
allocator-development,musique,2hop__54600_34563,train,2026080205,44,primary,primary,complete
allocator-development,musique,2hop__54638_5365,train,2026080205,343,primary,primary,complete
allocator-development,musique,2hop__546978_467995,train,2026080205,395,primary,primary,complete
allocator-development,musique,2hop__548287_43057,train,2026080205,179,primary,primary,complete
allocator-development,musique,2hop__549013_759679,train,2026080205,242,primary,primary,complete
allocator-development,musique,2hop__55054_63489,train,2026080205,295,primary,primary,complete
allocator-development,musique,2hop__555940_332063,train,2026080205,326,primary,primary,complete
allocator-development,musique,2hop__557376_158069,train,2026080205,13,primary,primary,complete
allocator-development,musique,2hop__56220_176951,train,2026080205,309,primary,primary,complete
allocator-development,musique,2hop__566746_777968,train,2026080205,440,primary,primary,complete
allocator-development,musique,2hop__568389_161223,train,2026080205,125,primary,primary,complete
allocator-development,musique,2hop__568759_49661,train,2026080205,144,primary,primary,complete
allocator-development,musique,2hop__56962_86951,train,2026080205,529,primary,primary,complete
allocator-development,musique,2hop__569777_62016,train,2026080205,141,primary,primary,complete
allocator-development,musique,2hop__572802_37261,train,2026080205,450,primary,primary,complete
allocator-development,musique,2hop__57473_64214,train,2026080205,443,primary,primary,complete
allocator-development,musique,2hop__58123_196273,train,2026080205,425,primary,primary,complete
allocator-development,musique,2hop__581549_539716,train,2026080205,445,primary,primary,complete
allocator-development,musique,2hop__582051_55257,train,2026080205,16,primary,primary,complete
allocator-development,musique,2hop__58256_96305,train,2026080205,237,primary,primary,complete
allocator-development,musique,2hop__59004_21639,train,2026080205,177,primary,primary,complete
allocator-development,musique,2hop__594846_49333,train,2026080205,105,primary,primary,complete
allocator-development,musique,2hop__596706_62776,train,2026080205,594,primary,primary,complete
allocator-development,musique,2hop__598512_47465,train,2026080205,423,primary,primary,complete
allocator-development,musique,2hop__599956_61232,train,2026080205,364,primary,primary,complete
allocator-development,musique,2hop__60060_13735,train,2026080205,426,primary,primary,complete
allocator-development,musique,2hop__602786_3814,train,2026080205,562,primary,primary,complete
allocator-development,musique,2hop__603368_58115,train,2026080205,29,primary,primary,complete
allocator-development,musique,2hop__60386_51957,train,2026080205,437,primary,primary,complete
allocator-development,musique,2hop__607439_756650,train,2026080205,465,primary,primary,complete
allocator-development,musique,2hop__61054_832457,train,2026080205,493,primary,primary,complete
allocator-development,musique,2hop__61204_71972,train,2026080205,359,primary,primary,complete
allocator-development,musique,2hop__612552_58057,train,2026080205,480,primary,primary,complete
allocator-development,musique,2hop__61258_43178,train,2026080205,7,primary,primary,complete
allocator-development,musique,2hop__613542_3752,train,2026080205,350,primary,primary,complete
allocator-development,musique,2hop__615355_559402,train,2026080205,146,primary,primary,complete
allocator-development,musique,2hop__616131_126102,train,2026080205,118,primary,primary,complete
allocator-development,musique,2hop__616806_85098,train,2026080205,551,primary,primary,complete
allocator-development,musique,2hop__618332_161223,train,2026080205,255,primary,primary,complete
allocator-development,musique,2hop__620104_278127,train,2026080205,240,primary,primary,complete
allocator-development,musique,2hop__627322_89360,train,2026080205,282,primary,primary,complete
allocator-development,musique,2hop__628302_853000,train,2026080205,193,primary,primary,complete
allocator-development,musique,2hop__62996_299942,train,2026080205,575,primary,primary,complete
allocator-development,musique,2hop__630124_62302,train,2026080205,68,primary,primary,complete
allocator-development,musique,2hop__63119_153058,train,2026080205,270,primary,primary,complete
allocator-development,musique,2hop__631761_539716,train,2026080205,55,primary,primary,complete
allocator-development,musique,2hop__636562_73460,train,2026080205,135,primary,primary,complete
allocator-development,musique,2hop__637219_51888,train,2026080205,435,primary,primary,complete
allocator-development,musique,2hop__637508_269657,train,2026080205,14,primary,primary,complete
allocator-development,musique,2hop__638235_119986,train,2026080205,37,primary,primary,complete
allocator-development,musique,2hop__639232_1094,train,2026080205,491,primary,primary,complete
allocator-development,musique,2hop__64396_93263,train,2026080205,484,primary,primary,complete
allocator-development,musique,2hop__6458_14183,train,2026080205,232,primary,primary,complete
allocator-development,musique,2hop__64602_13735,train,2026080205,517,primary,primary,complete
allocator-development,musique,2hop__64602_68700,train,2026080205,469,primary,primary,complete
allocator-development,musique,2hop__647078_90677,train,2026080205,23,primary,primary,complete
allocator-development,musique,2hop__648582_673383,train,2026080205,525,primary,primary,complete
allocator-development,musique,2hop__650240_59201,train,2026080205,595,primary,primary,complete
allocator-development,musique,2hop__650716_582680,train,2026080205,110,primary,primary,complete
allocator-development,musique,2hop__652592_49333,train,2026080205,570,primary,primary,complete
allocator-development,musique,2hop__654334_259429,train,2026080205,591,primary,primary,complete
allocator-development,musique,2hop__65483_67650,train,2026080205,302,primary,primary,complete
allocator-development,musique,2hop__656541_37260,train,2026080205,54,primary,primary,complete
allocator-development,musique,2hop__65929_82827,train,2026080205,160,primary,primary,complete
allocator-development,musique,2hop__659399_748934,train,2026080205,420,primary,primary,complete
allocator-development,musique,2hop__660296_36090,train,2026080205,52,primary,primary,complete
allocator-development,musique,2hop__661469_112624,train,2026080205,475,primary,primary,complete
allocator-development,musique,2hop__66459_55578,train,2026080205,260,primary,primary,complete
allocator-development,musique,2hop__664921_579740,train,2026080205,207,primary,primary,complete
allocator-development,musique,2hop__666244_6660,train,2026080205,315,primary,primary,complete
allocator-development,musique,2hop__66717_49700,train,2026080205,218,primary,primary,complete
allocator-development,musique,2hop__668889_4018,train,2026080205,500,primary,primary,complete
allocator-development,musique,2hop__669825_99808,train,2026080205,402,primary,primary,complete
allocator-development,musique,2hop__672116_61424,train,2026080205,497,primary,primary,complete
allocator-development,musique,2hop__67233_374419,train,2026080205,511,primary,primary,complete
allocator-development,musique,2hop__678848_79562,train,2026080205,417,primary,primary,complete
allocator-development,musique,2hop__680397_22796,train,2026080205,85,primary,primary,complete
allocator-development,musique,2hop__6806_77289,train,2026080205,538,primary,primary,complete
allocator-development,musique,2hop__681343_121880,train,2026080205,89,primary,primary,complete
allocator-development,musique,2hop__68650_54580,train,2026080205,434,primary,primary,complete
allocator-development,musique,2hop__686882_208194,train,2026080205,103,primary,primary,complete
allocator-development,musique,2hop__686899_127916,train,2026080205,148,primary,primary,complete
allocator-development,musique,2hop__69223_51122,train,2026080205,139,primary,primary,complete
allocator-development,musique,2hop__69223_62851,train,2026080205,565,primary,primary,complete
allocator-development,musique,2hop__692707_46077,train,2026080205,399,primary,primary,complete
allocator-development,musique,2hop__693650_61232,train,2026080205,172,primary,primary,complete
allocator-development,musique,2hop__693900_53028,train,2026080205,573,primary,primary,complete
allocator-development,musique,2hop__697916_59978,train,2026080205,392,primary,primary,complete
allocator-development,musique,2hop__699746_36340,train,2026080205,600,primary,primary,complete
allocator-development,musique,2hop__700553_47169,train,2026080205,267,primary,primary,complete
allocator-development,musique,2hop__700863_10369,train,2026080205,98,primary,primary,complete
allocator-development,musique,2hop__706963_45731,train,2026080205,203,primary,primary,complete
allocator-development,musique,2hop__707858_93486,train,2026080205,524,primary,primary,complete
allocator-development,musique,2hop__71102_58128,train,2026080205,158,primary,primary,complete
allocator-development,musique,2hop__713863_47295,train,2026080205,284,primary,primary,complete
allocator-development,musique,2hop__716285_25910,train,2026080205,377,primary,primary,complete
allocator-development,musique,2hop__717755_86916,train,2026080205,161,primary,primary,complete
allocator-development,musique,2hop__71940_70625,train,2026080205,380,primary,primary,complete
allocator-development,musique,2hop__720162_181429,train,2026080205,192,primary,primary,complete
allocator-development,musique,2hop__720704_37939,train,2026080205,544,primary,primary,complete
allocator-development,musique,2hop__722369_263710,train,2026080205,220,primary,primary,complete
allocator-development,musique,2hop__723020_80178,train,2026080205,28,primary,primary,complete
allocator-development,musique,2hop__72741_78168,train,2026080205,467,primary,primary,complete
allocator-development,musique,2hop__72949_62561,train,2026080205,386,primary,primary,complete
allocator-development,musique,2hop__730989_46077,train,2026080205,388,primary,primary,complete
allocator-development,musique,2hop__733803_917,train,2026080205,41,primary,primary,complete
allocator-development,musique,2hop__73593_60847,train,2026080205,78,primary,primary,complete
allocator-development,musique,2hop__737052_91604,train,2026080205,15,primary,primary,complete
allocator-development,musique,2hop__742953_20661,train,2026080205,589,primary,primary,complete
allocator-development,musique,2hop__74369_13735,train,2026080205,468,primary,primary,complete
allocator-development,musique,2hop__744651_14904,train,2026080205,196,primary,primary,complete
allocator-development,musique,2hop__752850_52667,train,2026080205,253,primary,primary,complete
allocator-development,musique,2hop__753907_56026,train,2026080205,519,primary,primary,complete
allocator-development,musique,2hop__754062_3983,train,2026080205,494,primary,primary,complete
allocator-development,musique,2hop__759615_135703,train,2026080205,140,primary,primary,complete
allocator-development,musique,2hop__76088_58147,train,2026080205,294,primary,primary,complete
allocator-development,musique,2hop__76088_79129,train,2026080205,227,primary,primary,complete
allocator-development,musique,2hop__765567_754472,train,2026080205,113,primary,primary,complete
allocator-development,musique,2hop__770353_36090,train,2026080205,586,primary,primary,complete
allocator-development,musique,2hop__770977_79175,train,2026080205,593,primary,primary,complete
allocator-development,musique,2hop__77119_20713,train,2026080205,90,primary,primary,complete
allocator-development,musique,2hop__774183_23194,train,2026080205,256,primary,primary,complete
allocator-development,musique,2hop__780756_86874,train,2026080205,8,primary,primary,complete
allocator-development,musique,2hop__781452_506247,train,2026080205,501,primary,primary,complete
allocator-development,musique,2hop__783986_36741,train,2026080205,191,primary,primary,complete
allocator-development,musique,2hop__784098_351162,train,2026080205,557,primary,primary,complete
allocator-development,musique,2hop__787212_30581,train,2026080205,247,primary,primary,complete
allocator-development,musique,2hop__788549_44359,train,2026080205,390,primary,primary,complete
allocator-development,musique,2hop__791983_84477,train,2026080205,305,primary,primary,complete
allocator-development,musique,2hop__79539_465884,train,2026080205,329,primary,primary,complete
allocator-development,musique,2hop__797065_61463,train,2026080205,93,primary,primary,complete
allocator-development,musique,2hop__797317_36340,train,2026080205,119,primary,primary,complete
allocator-development,musique,2hop__798048_60047,train,2026080205,597,primary,primary,complete
allocator-development,musique,2hop__798741_20661,train,2026080205,590,primary,primary,complete
allocator-development,musique,2hop__800133_46077,train,2026080205,307,primary,primary,complete
allocator-development,musique,2hop__80093_85807,train,2026080205,485,primary,primary,complete
allocator-development,musique,2hop__801683_853000,train,2026080205,583,primary,primary,complete
allocator-development,musique,2hop__80186_43074,train,2026080205,336,primary,primary,complete
allocator-development,musique,2hop__819523_3429,train,2026080205,127,primary,primary,complete
allocator-development,musique,2hop__819850_32467,train,2026080205,407,primary,primary,complete
allocator-development,musique,2hop__821210_56026,train,2026080205,57,primary,primary,complete
allocator-development,musique,2hop__825261_50751,train,2026080205,277,primary,primary,complete
allocator-development,musique,2hop__83349_61033,train,2026080205,463,primary,primary,complete
allocator-development,musique,2hop__834606_3430,train,2026080205,503,primary,primary,complete
allocator-development,musique,2hop__834974_332063,train,2026080205,5,primary,primary,complete
allocator-development,musique,2hop__83691_261307,train,2026080205,470,primary,primary,complete
allocator-development,musique,2hop__836_909,train,2026080205,215,primary,primary,complete
allocator-development,musique,2hop__83811_63979,train,2026080205,288,primary,primary,complete
allocator-development,musique,2hop__84060_839372,train,2026080205,462,primary,primary,complete
allocator-development,musique,2hop__841244_333219,train,2026080205,397,primary,primary,complete
allocator-development,musique,2hop__843200_21587,train,2026080205,335,primary,primary,complete
allocator-development,musique,2hop__846047_3001,train,2026080205,17,primary,primary,complete
allocator-development,musique,2hop__846738_80728,train,2026080205,165,primary,primary,complete
allocator-development,musique,2hop__8469_838537,train,2026080205,32,primary,primary,complete
allocator-development,musique,2hop__8469_8477,train,2026080205,27,primary,primary,complete
allocator-development,musique,2hop__850807_64929,train,2026080205,77,primary,primary,complete
allocator-development,musique,2hop__851205_2630,train,2026080205,170,primary,primary,complete
allocator-development,musique,2hop__854797_523858,train,2026080205,51,primary,primary,complete
allocator-development,musique,2hop__859885_125776,train,2026080205,367,primary,primary,complete
allocator-development,musique,2hop__863695_90382,train,2026080205,45,primary,primary,complete
allocator-development,musique,2hop__863895_61027,train,2026080205,18,primary,primary,complete
allocator-development,musique,2hop__86545_446818,train,2026080205,531,primary,primary,complete
allocator-development,musique,2hop__87221_773040,train,2026080205,97,primary,primary,complete
allocator-development,musique,2hop__88407_15928,train,2026080205,537,primary,primary,complete
allocator-development,musique,2hop__89049_21118,train,2026080205,560,primary,primary,complete
allocator-development,musique,2hop__89175_50788,train,2026080205,324,primary,primary,complete
allocator-development,musique,2hop__89354_85481,train,2026080205,178,primary,primary,complete
allocator-development,musique,2hop__91724_64652,train,2026080205,506,primary,primary,complete
allocator-development,musique,2hop__92202_64008,train,2026080205,224,primary,primary,complete
allocator-development,musique,2hop__93172_34844,train,2026080205,111,primary,primary,complete
allocator-development,musique,2hop__93502_78714,train,2026080205,574,primary,primary,complete
allocator-development,musique,2hop__9438_22384,train,2026080205,436,primary,primary,complete
allocator-development,musique,2hop__94658_136477,train,2026080205,298,primary,primary,complete
allocator-development,musique,2hop__96097_493912,train,2026080205,381,primary,primary,complete
allocator-development,musique,2hop__99233_14948,train,2026080205,460,primary,primary,complete
allocator-development,musique,2hop__99266_14971,train,2026080205,82,primary,primary,complete
allocator-development,musique,3hop1__105123_833580_61459,train,2026080205,353,primary,primary,complete
allocator-development,musique,3hop1__106750_71250_135051,train,2026080205,30,primary,primary,complete
allocator-development,musique,3hop1__118580_691688_4653,train,2026080205,486,primary,primary,complete
allocator-development,musique,3hop1__11988_52935_646717,train,2026080205,219,primary,primary,complete
allocator-development,musique,3hop1__125401_146982_79860,train,2026080205,404,primary,primary,complete
allocator-development,musique,3hop1__1266_41881_22438,train,2026080205,401,primary,primary,complete
allocator-development,musique,3hop1__129307_85073_93752,train,2026080205,547,primary,primary,complete
allocator-development,musique,3hop1__129482_43666_426514,train,2026080205,26,primary,primary,complete
allocator-development,musique,3hop1__130722_832324_795274,train,2026080205,95,primary,primary,complete
allocator-development,musique,3hop1__130798_66618_440465,train,2026080205,291,primary,primary,complete
allocator-development,musique,3hop1__131377_548096_527472,train,2026080205,561,primary,primary,complete
allocator-development,musique,3hop1__131575_86983_516763,train,2026080205,142,primary,primary,complete
allocator-development,musique,3hop1__136687_86983_516763,train,2026080205,162,primary,primary,complete
allocator-development,musique,3hop1__14045_93667_670567,train,2026080205,268,primary,primary,complete
allocator-development,musique,3hop1__144140_35178_686699,train,2026080205,120,primary,primary,complete
allocator-development,musique,3hop1__145491_5960_35392,train,2026080205,523,primary,primary,complete
allocator-development,musique,3hop1__145609_728452_124684,train,2026080205,47,primary,primary,complete
allocator-development,musique,3hop1__146092_728452_124684,train,2026080205,576,primary,primary,complete
allocator-development,musique,3hop1__157534_275705_20634,train,2026080205,356,primary,primary,complete
allocator-development,musique,3hop1__159612_22372_78265,train,2026080205,393,primary,primary,complete
allocator-development,musique,3hop1__159886_1286_19198,train,2026080205,145,primary,primary,complete
allocator-development,musique,3hop1__161080_158722_72885,train,2026080205,4,primary,primary,complete
allocator-development,musique,3hop1__162325_71606_70763,train,2026080205,101,primary,primary,complete
allocator-development,musique,3hop1__16401_4520_65059,train,2026080205,542,primary,primary,complete
allocator-development,musique,3hop1__18355_506157_20366,train,2026080205,301,primary,primary,complete
allocator-development,musique,3hop1__213909_572271_588905,train,2026080205,389,primary,primary,complete
allocator-development,musique,3hop1__23052_56765_148411,train,2026080205,433,primary,primary,complete
allocator-development,musique,3hop1__236166_166077_70752,train,2026080205,211,primary,primary,complete
allocator-development,musique,3hop1__243728_176452_40239,train,2026080205,34,primary,primary,complete
allocator-development,musique,3hop1__247266_8995_1960,train,2026080205,410,primary,primary,complete
allocator-development,musique,3hop1__250722_10383_15069,train,2026080205,216,primary,primary,complete
allocator-development,musique,3hop1__252538_328280_87820,train,2026080205,554,primary,primary,complete
allocator-development,musique,3hop1__257949_375983_820357,train,2026080205,265,primary,primary,complete
allocator-development,musique,3hop1__257990_280480_194644,train,2026080205,339,primary,primary,complete
allocator-development,musique,3hop1__271730_809999_533791,train,2026080205,79,primary,primary,complete
allocator-development,musique,3hop1__295226_224131_462963,train,2026080205,164,primary,primary,complete
allocator-development,musique,3hop1__296445_691163_39874,train,2026080205,155,primary,primary,complete
allocator-development,musique,3hop1__308778_544708_33164,train,2026080205,580,primary,primary,complete
allocator-development,musique,3hop1__308778_544708_87310,train,2026080205,225,primary,primary,complete
allocator-development,musique,3hop1__312602_629330_61770,train,2026080205,296,primary,primary,complete
allocator-development,musique,3hop1__3157_3356_62935,train,2026080205,159,primary,primary,complete
allocator-development,musique,3hop1__32903_103178_51969,train,2026080205,391,primary,primary,complete
allocator-development,musique,3hop1__337919_841757_11974,train,2026080205,121,primary,primary,complete
allocator-development,musique,3hop1__342988_500985_207465,train,2026080205,35,primary,primary,complete
allocator-development,musique,3hop1__352838_745783_71511,train,2026080205,65,primary,primary,complete
allocator-development,musique,3hop1__357832_106790_85889,train,2026080205,577,primary,primary,complete
allocator-development,musique,3hop1__368999_4658_54140,train,2026080205,559,primary,primary,complete
allocator-development,musique,3hop1__368999_4658_85837,train,2026080205,279,primary,primary,complete
allocator-development,musique,3hop1__37727_37586_224276,train,2026080205,332,primary,primary,complete
allocator-development,musique,3hop1__382240_434040_66442,train,2026080205,338,primary,primary,complete
allocator-development,musique,3hop1__387338_610398_130836,train,2026080205,278,primary,primary,complete
allocator-development,musique,3hop1__395248_534205_21115,train,2026080205,190,primary,primary,complete
allocator-development,musique,3hop1__4017_671787_82322,train,2026080205,180,primary,primary,complete
allocator-development,musique,3hop1__4017_671787_85374,train,2026080205,473,primary,primary,complete
allocator-development,musique,3hop1__404363_705261_9426,train,2026080205,346,primary,primary,complete
allocator-development,musique,3hop1__408193_427833_126099,train,2026080205,208,primary,primary,complete
allocator-development,musique,3hop1__417686_729377_238895,train,2026080205,88,primary,primary,complete
allocator-development,musique,3hop1__429061_66733_33264,train,2026080205,568,primary,primary,complete
allocator-development,musique,3hop1__447877_187350_79175,train,2026080205,476,primary,primary,complete
allocator-development,musique,3hop1__450185_102686_24823,train,2026080205,429,primary,primary,complete
allocator-development,musique,3hop1__450185_102686_72241,train,2026080205,274,primary,primary,complete
allocator-development,musique,3hop1__450462_147364_40239,train,2026080205,521,primary,primary,complete
allocator-development,musique,3hop1__4528_52205_55099,train,2026080205,427,primary,primary,complete
allocator-development,musique,3hop1__455492_348668_782779,train,2026080205,441,primary,primary,complete
allocator-development,musique,3hop1__475407_84467_86976,train,2026080205,50,primary,primary,complete
allocator-development,musique,3hop1__475487_374880_86609,train,2026080205,112,primary,primary,complete
allocator-development,musique,3hop1__48727_62641_44955,train,2026080205,323,primary,primary,complete
allocator-development,musique,3hop1__502691_544708_54023,train,2026080205,587,primary,primary,complete
allocator-development,musique,3hop1__50525_83359_92922,train,2026080205,533,primary,primary,complete
allocator-development,musique,3hop1__511302_183029_405676,train,2026080205,66,primary,primary,complete
allocator-development,musique,3hop1__511550_166077_70752,train,2026080205,261,primary,primary,complete
allocator-development,musique,3hop1__520721_132413_16098,train,2026080205,342,primary,primary,complete
allocator-development,musique,3hop1__528634_284171_771594,train,2026080205,409,primary,primary,complete
allocator-development,musique,3hop1__536073_171721_264389,train,2026080205,152,primary,primary,complete
allocator-development,musique,3hop1__536355_213066_40570,train,2026080205,259,primary,primary,complete
allocator-development,musique,3hop1__54284_66618_440465,train,2026080205,526,primary,primary,complete
allocator-development,musique,3hop1__551238_636042_161879,train,2026080205,592,primary,primary,complete
allocator-development,musique,3hop1__559202_852360_537186,train,2026080205,11,primary,primary,complete
allocator-development,musique,3hop1__568406_233976_24086,train,2026080205,281,primary,primary,complete
allocator-development,musique,3hop1__594788_725273_69489,train,2026080205,107,primary,primary,complete
allocator-development,musique,3hop1__597511_508834_145463,train,2026080205,455,primary,primary,complete
allocator-development,musique,3hop1__62055_56765_148411,train,2026080205,457,primary,primary,complete
allocator-development,musique,3hop1__62086_26424_581618,train,2026080205,22,primary,primary,complete
allocator-development,musique,3hop1__627243_794144_15980,train,2026080205,102,primary,primary,complete
allocator-development,musique,3hop1__706183_20196_10585,train,2026080205,99,primary,primary,complete
allocator-development,musique,3hop1__706530_147364_40239,train,2026080205,458,primary,primary,complete
allocator-development,musique,3hop1__709382_146811_31248,train,2026080205,198,primary,primary,complete
allocator-development,musique,3hop1__709382_146811_58046,train,2026080205,275,primary,primary,complete
allocator-development,musique,3hop1__723003_593059_76293,train,2026080205,318,primary,primary,complete
allocator-development,musique,3hop1__724652_146982_21544,train,2026080205,271,primary,primary,complete
allocator-development,musique,3hop1__734279_591888_633817,train,2026080205,124,primary,primary,complete
allocator-development,musique,3hop1__74698_99741_62477,train,2026080205,330,primary,primary,complete
allocator-development,musique,3hop1__747740_295863_534758,train,2026080205,532,primary,primary,complete
allocator-development,musique,3hop1__75023_58494_40561,train,2026080205,545,primary,primary,complete
allocator-development,musique,3hop1__761704_208791_90300,train,2026080205,304,primary,primary,complete
allocator-development,musique,3hop1__761870_5960_90069,train,2026080205,598,primary,primary,complete
allocator-development,musique,3hop1__767984_146715_45994,train,2026080205,299,primary,primary,complete
allocator-development,musique,3hop1__769887_299916_15552,train,2026080205,415,primary,primary,complete
allocator-development,musique,3hop1__776912_559792_25082,train,2026080205,286,primary,primary,complete
allocator-development,musique,3hop1__782226_106876_21124,train,2026080205,263,primary,primary,complete
allocator-development,musique,3hop1__782226_106876_80004,train,2026080205,411,primary,primary,complete
allocator-development,musique,3hop1__789772_355553_476740,train,2026080205,375,primary,primary,complete
allocator-development,musique,3hop1__812138_424331_41129,train,2026080205,254,primary,primary,complete
allocator-development,musique,3hop1__812949_192919_16121,train,2026080205,117,primary,primary,complete
allocator-development,musique,3hop1__817001_84360_334118,train,2026080205,456,primary,primary,complete
allocator-development,musique,3hop1__821692_74047_318744,train,2026080205,209,primary,primary,complete
allocator-development,musique,3hop1__8294_15324_44132,train,2026080205,251,primary,primary,complete
allocator-development,musique,3hop1__835614_424025_31226,train,2026080205,365,primary,primary,complete
allocator-development,musique,3hop1__847616_715836_26008,train,2026080205,333,primary,primary,complete
allocator-development,musique,3hop1__86997_833580_61459,train,2026080205,130,primary,primary,complete
allocator-development,musique,3hop1__89787_49283_641245,train,2026080205,439,primary,primary,complete
allocator-development,musique,3hop1__90366_69948_617898,train,2026080205,181,primary,primary,complete
allocator-development,musique,3hop1__94760_585703_369147,train,2026080205,12,primary,primary,complete
allocator-development,musique,3hop1__95838_147364_537186,train,2026080205,585,primary,primary,complete
allocator-development,musique,3hop1__9605_161545_81091,train,2026080205,416,primary,primary,complete
allocator-development,musique,3hop1__97063_471381_350761,train,2026080205,498,primary,primary,complete
allocator-development,musique,3hop2__101072_27348_54090,train,2026080205,478,primary,primary,complete
allocator-development,musique,3hop2__106141_26851_19700,train,2026080205,490,primary,primary,complete
allocator-development,musique,3hop2__10879_823892_161133,train,2026080205,516,primary,primary,complete
allocator-development,musique,3hop2__11799_40529_41384,train,2026080205,530,primary,primary,complete
allocator-development,musique,3hop2__131826_11988_24628,train,2026080205,185,primary,primary,complete
allocator-development,musique,3hop2__159581_35260_54090,train,2026080205,264,primary,primary,complete
allocator-development,musique,3hop2__21987_103826_831253,train,2026080205,387,primary,primary,complete
allocator-development,musique,3hop2__29467_132159_73594,train,2026080205,73,primary,primary,complete
allocator-development,musique,3hop2__304183_79453_66325,train,2026080205,553,primary,primary,complete
allocator-development,musique,3hop2__30654_73799_89329,train,2026080205,195,primary,primary,complete
allocator-development,musique,3hop2__307357_79453_66325,train,2026080205,579,primary,primary,complete
allocator-development,musique,3hop2__30796_283562_24137,train,2026080205,25,primary,primary,complete
allocator-development,musique,3hop2__337255_104969_83343,train,2026080205,334,primary,primary,complete
allocator-development,musique,3hop2__337255_267674_83343,train,2026080205,157,primary,primary,complete
allocator-development,musique,3hop2__35882_18393_54090,train,2026080205,290,primary,primary,complete
allocator-development,musique,3hop2__66748_77886_69951,train,2026080205,174,primary,primary,complete
allocator-development,musique,3hop2__764770_131421_54023,train,2026080205,138,primary,primary,complete
allocator-development,musique,3hop2__764770_611987_54023,train,2026080205,186,primary,primary,complete
allocator-development,musique,3hop2__765437_51280_242202,train,2026080205,528,primary,primary,complete
allocator-development,musique,3hop2__786280_130734_834843,train,2026080205,459,primary,primary,complete
allocator-development,musique,3hop2__79453_63094_66325,train,2026080205,123,primary,primary,complete
allocator-development,musique,3hop2__84278_764770_54023,train,2026080205,173,primary,primary,complete
allocator-development,musique,3hop2__89818_221039_4107,train,2026080205,136,primary,primary,complete
allocator-development,musique,3hop2__89818_293750_4107,train,2026080205,36,primary,primary,complete
allocator-development,musique,3hop2__91452_28338_160498,train,2026080205,373,primary,primary,complete
allocator-development,musique,3hop2__99275_9998_46960,train,2026080205,9,primary,primary,complete
allocator-development,musique,4hop1__104531_10079_503957_720028,train,2026080205,331,primary,primary,complete
allocator-development,musique,4hop1__107107_221169_833580_61459,train,2026080205,258,primary,primary,complete
allocator-development,musique,4hop1__129629_31258_43153_32993,train,2026080205,235,primary,primary,complete
allocator-development,musique,4hop1__159330_7258_65293_48285,train,2026080205,448,primary,primary,complete
allocator-development,musique,4hop1__15973_74386_444296_179769,train,2026080205,122,primary,primary,complete
allocator-development,musique,4hop1__16401_4520_65397_79385,train,2026080205,488,primary,primary,complete
allocator-development,musique,4hop1__297997_164954_6975_6892,train,2026080205,444,primary,primary,complete
allocator-development,musique,4hop1__31283_31258_43153_32993,train,2026080205,175,primary,primary,complete
allocator-development,musique,4hop1__337568_570923_833580_61459,train,2026080205,451,primary,primary,complete
allocator-development,musique,4hop1__366739_106790_158589_157932,train,2026080205,53,primary,primary,complete
allocator-development,musique,4hop1__37149_52584_71250_135051,train,2026080205,496,primary,primary,complete
allocator-development,musique,4hop1__38130_8966_31714_74049,train,2026080205,46,primary,primary,complete
allocator-development,musique,4hop1__47209_83359_48661_15069,train,2026080205,370,primary,primary,complete
allocator-development,musique,4hop1__579907_415728_50519_27211,train,2026080205,340,primary,primary,complete
allocator-development,musique,4hop1__632232_164954_6975_131877,train,2026080205,360,primary,primary,complete
allocator-development,musique,4hop1__709382_146811_31223_24602,train,2026080205,325,primary,primary,complete
allocator-development,musique,4hop1__783955_415728_50519_27168,train,2026080205,474,primary,primary,complete
allocator-development,musique,4hop1__81865_106790_158589_81091,train,2026080205,69,primary,primary,complete
allocator-development,musique,4hop2__160763_5537_91861_124556,train,2026080205,422,primary,primary,complete
allocator-development,musique,4hop2__339729_20606_51791_820357,train,2026080205,569,primary,primary,complete
allocator-development,musique,4hop2__339729_22831_51791_16315,train,2026080205,2,primary,primary,complete
allocator-development,musique,4hop2__339729_22831_51791_78659,train,2026080205,492,primary,primary,complete
allocator-development,musique,4hop2__47209_53235_57802_311656,train,2026080205,71,primary,primary,complete
allocator-development,musique,4hop2__72459_31688_31714_52260,train,2026080205,348,primary,primary,complete
allocator-development,musique,4hop2__83819_53235_57802_311656,train,2026080205,163,primary,primary,complete
allocator-development,musique,4hop3__21483_551941_484597_24137,train,2026080205,205,primary,primary,complete
allocator-development,musique,4hop3__262651_365698_306302_65370,train,2026080205,453,primary,primary,complete
allocator-development,musique,4hop3__41457_84421_34135_35312,train,2026080205,24,primary,primary,complete
allocator-development,musique,4hop3__428082_38788_25582_21116,train,2026080205,200,primary,primary,complete
allocator-development,musique,4hop3__484585_769404_544850_170163,train,2026080205,154,primary,primary,complete
allocator-development,musique,4hop3__493923_300471_162189_73761,train,2026080205,115,primary,primary,complete
allocator-development,musique,4hop3__493923_300471_532290_62462,train,2026080205,536,primary,primary,complete
allocator-development,musique,4hop3__566317_578030_177838_41384,train,2026080205,273,primary,primary,complete
allocator-development,musique,4hop3__656765_419859_14750_86234,train,2026080205,87,primary,primary,complete
allocator-development,musique,4hop3__656765_419859_22784_86234,train,2026080205,129,primary,primary,complete
independent-evaluation,2wiki,00365bc709c511ebbdb0ac1f6bf848b6,train,2026080217,430,primary,primary,complete
independent-evaluation,2wiki,00ae0d500bdd11eba7f7acde48001122,train,2026080217,512,primary,primary,complete
independent-evaluation,2wiki,026fe3e00bdb11eba7f7acde48001122,train,2026080217,322,primary,primary,complete
independent-evaluation,2wiki,034fdb0c084e11ebbd56ac1f6bf848b6,train,2026080217,449,primary,primary,complete
independent-evaluation,2wiki,03761ec80bde11eba7f7acde48001122,train,2026080217,274,primary,primary,complete
independent-evaluation,2wiki,038100a20bdb11eba7f7acde48001122,train,2026080217,502,primary,primary,complete
independent-evaluation,2wiki,03c3549608fb11ebbdacac1f6bf848b6,train,2026080217,114,primary,primary,complete
independent-evaluation,2wiki,03cbd9b60bda11eba7f7acde48001122,train,2026080217,561,primary,primary,complete
independent-evaluation,2wiki,03e373e7098211ebbdb0ac1f6bf848b6,train,2026080217,580,primary,primary,complete
independent-evaluation,2wiki,049a9c74090511ebbdadac1f6bf848b6,train,2026080217,283,primary,primary,complete
independent-evaluation,2wiki,0514444808ce11ebbd94ac1f6bf848b6,train,2026080217,340,primary,primary,complete
independent-evaluation,2wiki,052f97f20bda11eba7f7acde48001122,train,2026080217,186,primary,primary,complete
independent-evaluation,2wiki,057bed9a0bdb11eba7f7acde48001122,train,2026080217,585,primary,primary,complete
independent-evaluation,2wiki,05ff8d7108a811ebbd7fac1f6bf848b6,train,2026080217,488,primary,primary,complete
independent-evaluation,2wiki,06006787089411ebbd75ac1f6bf848b6,train,2026080217,454,primary,primary,complete
independent-evaluation,2wiki,075a7e600bdb11eba7f7acde48001122,train,2026080217,327,primary,primary,complete
independent-evaluation,2wiki,0828f20408d411ebbd96ac1f6bf848b6,train,2026080217,442,primary,primary,complete
independent-evaluation,2wiki,085f772608c411ebbd8eac1f6bf848b6,train,2026080217,13,primary,primary,complete
independent-evaluation,2wiki,09c5244e0bda11eba7f7acde48001122,train,2026080217,378,primary,primary,complete
independent-evaluation,2wiki,09d1a82e08a111ebbd78ac1f6bf848b6,train,2026080217,7,primary,primary,complete
independent-evaluation,2wiki,09e9522f086611ebbd5eac1f6bf848b6,train,2026080217,82,primary,primary,complete
independent-evaluation,2wiki,0b56fc0808bd11ebbd89ac1f6bf848b6,train,2026080217,376,primary,primary,complete
independent-evaluation,2wiki,0b8e14280bdc11eba7f7acde48001122,train,2026080217,243,primary,primary,complete
independent-evaluation,2wiki,0d2eb1240bdd11eba7f7acde48001122,train,2026080217,60,primary,primary,complete
independent-evaluation,2wiki,0d9b95d20bdd11eba7f7acde48001122,train,2026080217,436,primary,primary,complete
independent-evaluation,2wiki,0dde84ce08cb11ebbd92ac1f6bf848b6,train,2026080217,307,primary,primary,complete
independent-evaluation,2wiki,0e00380c095011ebbdaeac1f6bf848b6,train,2026080217,35,primary,primary,complete
independent-evaluation,2wiki,0e4100ee0bdd11eba7f7acde48001122,train,2026080217,429,primary,primary,complete
independent-evaluation,2wiki,0e8b0fd208a311ebbd7bac1f6bf848b6,train,2026080217,533,primary,primary,complete
independent-evaluation,2wiki,0fa1c3760bdb11eba7f7acde48001122,train,2026080217,161,primary,primary,complete
independent-evaluation,2wiki,0fb3dfe408bf11ebbd8aac1f6bf848b6,train,2026080217,597,primary,primary,complete
independent-evaluation,2wiki,101783620bdc11eba7f7acde48001122,train,2026080217,536,primary,primary,complete
independent-evaluation,2wiki,102abfe4087c11ebbd69ac1f6bf848b6,train,2026080217,342,primary,primary,complete
independent-evaluation,2wiki,108ef78a0bdc11eba7f7acde48001122,train,2026080217,574,primary,primary,complete
independent-evaluation,2wiki,11ab487a0bdd11eba7f7acde48001122,train,2026080217,556,primary,primary,complete
independent-evaluation,2wiki,11b227220bdc11eba7f7acde48001122,train,2026080217,145,primary,primary,complete
independent-evaluation,2wiki,11d05570088811ebbd6eac1f6bf848b6,train,2026080217,178,primary,primary,complete
independent-evaluation,2wiki,12020c02089811ebbd77ac1f6bf848b6,train,2026080217,506,primary,primary,complete
independent-evaluation,2wiki,12036cd8086f11ebbd62ac1f6bf848b6,train,2026080217,457,primary,primary,complete
independent-evaluation,2wiki,1242e2d60bdb11eba7f7acde48001122,train,2026080217,358,primary,primary,complete
independent-evaluation,2wiki,12a053ea0bda11eba7f7acde48001122,train,2026080217,12,primary,primary,complete
independent-evaluation,2wiki,12afb386087d11ebbd6aac1f6bf848b6,train,2026080217,584,primary,primary,complete
independent-evaluation,2wiki,12d32e0508bd11ebbd89ac1f6bf848b6,train,2026080217,491,primary,primary,complete
independent-evaluation,2wiki,135de366098211ebbdb0ac1f6bf848b6,train,2026080217,368,primary,primary,complete
independent-evaluation,2wiki,13bf9ff40bdc11eba7f7acde48001122,train,2026080217,246,primary,primary,complete
independent-evaluation,2wiki,13fda82908d811ebbd9aac1f6bf848b6,train,2026080217,209,primary,primary,complete
independent-evaluation,2wiki,145caeca097511ebbdb0ac1f6bf848b6,train,2026080217,471,primary,primary,complete
independent-evaluation,2wiki,1534dbb00bdc11eba7f7acde48001122,train,2026080217,159,primary,primary,complete
independent-evaluation,2wiki,15a54600090e11ebbdadac1f6bf848b6,train,2026080217,141,primary,primary,complete
independent-evaluation,2wiki,16ca941c089211ebbd73ac1f6bf848b6,train,2026080217,149,primary,primary,complete
independent-evaluation,2wiki,16dc6f3208bc11ebbd88ac1f6bf848b6,train,2026080217,203,primary,primary,complete
independent-evaluation,2wiki,16dc7cfa08c811ebbd91ac1f6bf848b6,train,2026080217,435,primary,primary,complete
independent-evaluation,2wiki,16ed466508bb11ebbd88ac1f6bf848b6,train,2026080217,384,primary,primary,complete
independent-evaluation,2wiki,173df29c0bdd11eba7f7acde48001122,train,2026080217,494,primary,primary,complete
independent-evaluation,2wiki,1791de800bdc11eba7f7acde48001122,train,2026080217,151,primary,primary,complete
independent-evaluation,2wiki,17bec5180bdb11eba7f7acde48001122,train,2026080217,39,primary,primary,complete
independent-evaluation,2wiki,18b9d00409bd11ebbdb0ac1f6bf848b6,train,2026080217,508,primary,primary,complete
independent-evaluation,2wiki,18ceeb900bdb11eba7f7acde48001122,train,2026080217,263,primary,primary,complete
independent-evaluation,2wiki,18d003c80bda11eba7f7acde48001122,train,2026080217,320,primary,primary,complete
independent-evaluation,2wiki,1988d83c085411ebbd59ac1f6bf848b6,train,2026080217,483,primary,primary,complete
independent-evaluation,2wiki,198ae6520bda11eba7f7acde48001122,train,2026080217,523,primary,primary,complete
independent-evaluation,2wiki,19ac25760bdd11eba7f7acde48001122,train,2026080217,487,primary,primary,complete
independent-evaluation,2wiki,1a1782c6089a11ebbd77ac1f6bf848b6,train,2026080217,227,primary,primary,complete
independent-evaluation,2wiki,1a697eba0bdc11eba7f7acde48001122,train,2026080217,255,primary,primary,complete
independent-evaluation,2wiki,1afe0c84086b11ebbd5fac1f6bf848b6,train,2026080217,153,primary,primary,complete
independent-evaluation,2wiki,1c215e4e0baf11ebab90acde48001122,train,2026080217,404,primary,primary,complete
independent-evaluation,2wiki,1c60ced108f311ebbdaaac1f6bf848b6,train,2026080217,252,primary,primary,complete
independent-evaluation,2wiki,1e9705680bda11eba7f7acde48001122,train,2026080217,548,primary,primary,complete
independent-evaluation,2wiki,1ec06b380bda11eba7f7acde48001122,train,2026080217,293,primary,primary,complete
independent-evaluation,2wiki,1f09f9bb086011ebbd5dac1f6bf848b6,train,2026080217,500,primary,primary,complete
independent-evaluation,2wiki,1fa72bcb085d11ebbd5cac1f6bf848b6,train,2026080217,195,primary,primary,complete
independent-evaluation,2wiki,1fb049f80bdc11eba7f7acde48001122,train,2026080217,61,primary,primary,complete
independent-evaluation,2wiki,206ba7c008cd11ebbd93ac1f6bf848b6,train,2026080217,31,primary,primary,complete
independent-evaluation,2wiki,20f2559508fe11ebbdadac1f6bf848b6,train,2026080217,389,primary,primary,complete
independent-evaluation,2wiki,215dec520bdb11eba7f7acde48001122,train,2026080217,431,primary,primary,complete
independent-evaluation,2wiki,21ad6a0a0bdd11eba7f7acde48001122,train,2026080217,140,primary,primary,complete
independent-evaluation,2wiki,223131d80bdc11eba7f7acde48001122,train,2026080217,32,primary,primary,complete
independent-evaluation,2wiki,23fd1baa0bda11eba7f7acde48001122,train,2026080217,214,primary,primary,complete
independent-evaluation,2wiki,24513873087211ebbd64ac1f6bf848b6,train,2026080217,352,primary,primary,complete
independent-evaluation,2wiki,2561dbe60bdc11eba7f7acde48001122,train,2026080217,127,primary,primary,complete
independent-evaluation,2wiki,259020f0087b11ebbd67ac1f6bf848b6,train,2026080217,513,primary,primary,complete
independent-evaluation,2wiki,25dc8438097811ebbdb0ac1f6bf848b6,train,2026080217,79,primary,primary,complete
independent-evaluation,2wiki,25e5a18c0bdd11eba7f7acde48001122,train,2026080217,25,primary,primary,complete
independent-evaluation,2wiki,25fdc303087c11ebbd69ac1f6bf848b6,train,2026080217,321,primary,primary,complete
independent-evaluation,2wiki,261859b00bdd11eba7f7acde48001122,train,2026080217,330,primary,primary,complete
independent-evaluation,2wiki,269d10240bdd11eba7f7acde48001122,train,2026080217,62,primary,primary,complete
independent-evaluation,2wiki,26ae7662094f11ebbdaeac1f6bf848b6,train,2026080217,184,primary,primary,complete
independent-evaluation,2wiki,26bd74d2089411ebbd75ac1f6bf848b6,train,2026080217,477,primary,primary,complete
independent-evaluation,2wiki,26c83d4e0bdd11eba7f7acde48001122,train,2026080217,511,primary,primary,complete
independent-evaluation,2wiki,26e4c0e80bda11eba7f7acde48001122,train,2026080217,351,primary,primary,complete
independent-evaluation,2wiki,27008246085711ebbd5aac1f6bf848b6,train,2026080217,444,primary,primary,complete
independent-evaluation,2wiki,271f6fd40bdc11eba7f7acde48001122,train,2026080217,546,primary,primary,complete
independent-evaluation,2wiki,27ff558a08e511ebbda4ac1f6bf848b6,train,2026080217,142,primary,primary,complete
independent-evaluation,2wiki,280fa414087211ebbd64ac1f6bf848b6,train,2026080217,587,primary,primary,complete
independent-evaluation,2wiki,28172cf4088c11ebbd6fac1f6bf848b6,train,2026080217,157,primary,primary,complete
independent-evaluation,2wiki,2830c274088f11ebbd72ac1f6bf848b6,train,2026080217,547,primary,primary,complete
independent-evaluation,2wiki,286bda14091d11ebbdaeac1f6bf848b6,train,2026080217,11,primary,primary,complete
independent-evaluation,2wiki,2960b32908e611ebbda4ac1f6bf848b6,train,2026080217,245,primary,primary,complete
independent-evaluation,2wiki,296e276208a311ebbd7bac1f6bf848b6,train,2026080217,229,primary,primary,complete
independent-evaluation,2wiki,29b3e47c0bdd11eba7f7acde48001122,train,2026080217,392,primary,primary,complete
independent-evaluation,2wiki,2a4a5aca0bdc11eba7f7acde48001122,train,2026080217,265,primary,primary,complete
independent-evaluation,2wiki,2b2736860bda11eba7f7acde48001122,train,2026080217,206,primary,primary,complete
independent-evaluation,2wiki,2b7ea6040bdb11eba7f7acde48001122,train,2026080217,185,primary,primary,complete
independent-evaluation,2wiki,2be6c7000bdd11eba7f7acde48001122,train,2026080217,248,primary,primary,complete
independent-evaluation,2wiki,2c39a044085c11ebbd5cac1f6bf848b6,train,2026080217,474,primary,primary,complete
independent-evaluation,2wiki,2c7dd8160bdd11eba7f7acde48001122,train,2026080217,72,primary,primary,complete
independent-evaluation,2wiki,2caa6a00088811ebbd6eac1f6bf848b6,train,2026080217,341,primary,primary,complete
independent-evaluation,2wiki,2dc0ed820bdb11eba7f7acde48001122,train,2026080217,56,primary,primary,complete
independent-evaluation,2wiki,2f146202088311ebbd6dac1f6bf848b6,train,2026080217,44,primary,primary,complete
independent-evaluation,2wiki,2f8b5c580bde11eba7f7acde48001122,train,2026080217,290,primary,primary,complete
independent-evaluation,2wiki,2fb36af2084d11ebbd56ac1f6bf848b6,train,2026080217,388,primary,primary,complete
independent-evaluation,2wiki,3084eb3808b411ebbd87ac1f6bf848b6,train,2026080217,187,primary,primary,complete
independent-evaluation,2wiki,313b53200baf11ebab90acde48001122,train,2026080217,28,primary,primary,complete
independent-evaluation,2wiki,316fc1980bda11eba7f7acde48001122,train,2026080217,93,primary,primary,complete
independent-evaluation,2wiki,3179e8a608cb11ebbd92ac1f6bf848b6,train,2026080217,211,primary,primary,complete
independent-evaluation,2wiki,31894fac0bdd11eba7f7acde48001122,train,2026080217,125,primary,primary,complete
independent-evaluation,2wiki,31f8b26d089e11ebbd78ac1f6bf848b6,train,2026080217,593,primary,primary,complete
independent-evaluation,2wiki,3207db500bde11eba7f7acde48001122,train,2026080217,3,primary,primary,complete
independent-evaluation,2wiki,327ff71e08ac11ebbd82ac1f6bf848b6,train,2026080217,126,primary,primary,complete
independent-evaluation,2wiki,32e3d81108bb11ebbd88ac1f6bf848b6,train,2026080217,519,primary,primary,complete
independent-evaluation,2wiki,32fd851c08de11ebbd9eac1f6bf848b6,train,2026080217,148,primary,primary,complete
independent-evaluation,2wiki,34271ede0bdc11eba7f7acde48001122,train,2026080217,413,primary,primary,complete
independent-evaluation,2wiki,349aaff80bdb11eba7f7acde48001122,train,2026080217,36,primary,primary,complete
independent-evaluation,2wiki,358f319208b411ebbd87ac1f6bf848b6,train,2026080217,595,primary,primary,complete
independent-evaluation,2wiki,359f7b0c0bdd11eba7f7acde48001122,train,2026080217,362,primary,primary,complete
independent-evaluation,2wiki,3698afad09bd11ebbdb0ac1f6bf848b6,train,2026080217,319,primary,primary,complete
independent-evaluation,2wiki,3750d4c408df11ebbda0ac1f6bf848b6,train,2026080217,15,primary,primary,complete
independent-evaluation,2wiki,37792c96087e11ebbd6bac1f6bf848b6,train,2026080217,314,primary,primary,complete
independent-evaluation,2wiki,377bc6f708ec11ebbda7ac1f6bf848b6,train,2026080217,247,primary,primary,complete
independent-evaluation,2wiki,37bfd71508ed11ebbda7ac1f6bf848b6,train,2026080217,276,primary,primary,complete
independent-evaluation,2wiki,3856d802086011ebbd5dac1f6bf848b6,train,2026080217,425,primary,primary,complete
independent-evaluation,2wiki,38855b6208d511ebbd98ac1f6bf848b6,train,2026080217,182,primary,primary,complete
independent-evaluation,2wiki,38f423ee0bdc11eba7f7acde48001122,train,2026080217,106,primary,primary,complete
independent-evaluation,2wiki,38f5aa080bdb11eba7f7acde48001122,train,2026080217,139,primary,primary,complete
independent-evaluation,2wiki,390f7cb00bb011ebab90acde48001122,train,2026080217,365,primary,primary,complete
independent-evaluation,2wiki,395ba66e087a11ebbd67ac1f6bf848b6,train,2026080217,518,primary,primary,complete
independent-evaluation,2wiki,3addeb19089411ebbd75ac1f6bf848b6,train,2026080217,310,primary,primary,complete
independent-evaluation,2wiki,3b8442ee087911ebbd67ac1f6bf848b6,train,2026080217,446,primary,primary,complete
independent-evaluation,2wiki,3b9e8c160bdb11eba7f7acde48001122,train,2026080217,51,primary,primary,complete
independent-evaluation,2wiki,3c4fbe540bdc11eba7f7acde48001122,train,2026080217,73,primary,primary,complete
independent-evaluation,2wiki,3c57ddd40bda11eba7f7acde48001122,train,2026080217,526,primary,primary,complete
independent-evaluation,2wiki,3cb07d99088011ebbd6cac1f6bf848b6,train,2026080217,122,primary,primary,complete
independent-evaluation,2wiki,3d4265540bdd11eba7f7acde48001122,train,2026080217,461,primary,primary,complete
independent-evaluation,2wiki,3d5c9cda0bdd11eba7f7acde48001122,train,2026080217,191,primary,primary,complete
independent-evaluation,2wiki,3de947f00bda11eba7f7acde48001122,train,2026080217,417,primary,primary,complete
independent-evaluation,2wiki,3e4406b20bdb11eba7f7acde48001122,train,2026080217,564,primary,primary,complete
independent-evaluation,2wiki,3efc0144086c11ebbd61ac1f6bf848b6,train,2026080217,30,primary,primary,complete
independent-evaluation,2wiki,3efeeca5098611ebbdb0ac1f6bf848b6,train,2026080217,231,primary,primary,complete
independent-evaluation,2wiki,3f007bb60bdc11eba7f7acde48001122,train,2026080217,239,primary,primary,complete
independent-evaluation,2wiki,3f58d88e086111ebbd5dac1f6bf848b6,train,2026080217,411,primary,primary,complete
independent-evaluation,2wiki,40a386940bdb11eba7f7acde48001122,train,2026080217,78,primary,primary,complete
independent-evaluation,2wiki,40b51b25098a11ebbdb0ac1f6bf848b6,train,2026080217,216,primary,primary,complete
independent-evaluation,2wiki,40ba2f2e0bdc11eba7f7acde48001122,train,2026080217,199,primary,primary,complete
independent-evaluation,2wiki,410da3c9089611ebbd76ac1f6bf848b6,train,2026080217,415,primary,primary,complete
independent-evaluation,2wiki,4122a4d8088b11ebbd6fac1f6bf848b6,train,2026080217,422,primary,primary,complete
independent-evaluation,2wiki,418c88260bdb11eba7f7acde48001122,train,2026080217,469,primary,primary,complete
independent-evaluation,2wiki,41fc5fd80bdc11eba7f7acde48001122,train,2026080217,530,primary,primary,complete
independent-evaluation,2wiki,42b03b7808e111ebbda2ac1f6bf848b6,train,2026080217,170,primary,primary,complete
independent-evaluation,2wiki,42cabbc00bdd11eba7f7acde48001122,train,2026080217,8,primary,primary,complete
independent-evaluation,2wiki,446917600bb011ebab90acde48001122,train,2026080217,288,primary,primary,complete
independent-evaluation,2wiki,446cc3540bda11eba7f7acde48001122,train,2026080217,524,primary,primary,complete
independent-evaluation,2wiki,448f7b6008d811ebbd9aac1f6bf848b6,train,2026080217,345,primary,primary,complete
independent-evaluation,2wiki,4545c559098311ebbdb0ac1f6bf848b6,train,2026080217,129,primary,primary,complete
independent-evaluation,2wiki,45bceae7087811ebbd67ac1f6bf848b6,train,2026080217,109,primary,primary,complete
independent-evaluation,2wiki,4668a1760bdc11eba7f7acde48001122,train,2026080217,264,primary,primary,complete
independent-evaluation,2wiki,4683b7a40bdc11eba7f7acde48001122,train,2026080217,521,primary,primary,complete
independent-evaluation,2wiki,46bdda1a089911ebbd77ac1f6bf848b6,train,2026080217,409,primary,primary,complete
independent-evaluation,2wiki,4702e504097411ebbdb0ac1f6bf848b6,train,2026080217,594,primary,primary,complete
independent-evaluation,2wiki,470a138b098d11ebbdb0ac1f6bf848b6,train,2026080217,5,primary,primary,complete
independent-evaluation,2wiki,4747895e098e11ebbdb0ac1f6bf848b6,train,2026080217,485,primary,primary,complete
independent-evaluation,2wiki,47a6957e0bdd11eba7f7acde48001122,train,2026080217,143,primary,primary,complete
independent-evaluation,2wiki,47f02bb808ed11ebbda7ac1f6bf848b6,train,2026080217,305,primary,primary,complete
independent-evaluation,2wiki,4852d572086e11ebbd62ac1f6bf848b6,train,2026080217,465,primary,primary,complete
independent-evaluation,2wiki,4a2eeea3087911ebbd67ac1f6bf848b6,train,2026080217,271,primary,primary,complete
independent-evaluation,2wiki,4ac028ba0bdd11eba7f7acde48001122,train,2026080217,222,primary,primary,complete
independent-evaluation,2wiki,4acae1a0087811ebbd67ac1f6bf848b6,train,2026080217,507,primary,primary,complete
independent-evaluation,2wiki,4b6d24fa0bda11eba7f7acde48001122,train,2026080217,416,primary,primary,complete
independent-evaluation,2wiki,4b6e9a8e08bb11ebbd88ac1f6bf848b6,train,2026080217,136,primary,primary,complete
independent-evaluation,2wiki,4c4a03840bda11eba7f7acde48001122,train,2026080217,394,primary,primary,complete
independent-evaluation,2wiki,4d9a2b96098711ebbdb0ac1f6bf848b6,train,2026080217,557,primary,primary,complete
independent-evaluation,2wiki,4dd415740bd911eba7f7acde48001122,train,2026080217,65,primary,primary,complete
independent-evaluation,2wiki,4e1314a80bda11eba7f7acde48001122,train,2026080217,4,primary,primary,complete
independent-evaluation,2wiki,4e40aca80bdd11eba7f7acde48001122,train,2026080217,354,primary,primary,complete
independent-evaluation,2wiki,4f851cfc0bdd11eba7f7acde48001122,train,2026080217,107,primary,primary,complete
independent-evaluation,2wiki,5057c0ae0baf11ebab90acde48001122,train,2026080217,528,primary,primary,complete
independent-evaluation,2wiki,52159a240bdc11eba7f7acde48001122,train,2026080217,402,primary,primary,complete
independent-evaluation,2wiki,526fb73a087511ebbd67ac1f6bf848b6,train,2026080217,581,primary,primary,complete
independent-evaluation,2wiki,5270a0da08cc11ebbd93ac1f6bf848b6,train,2026080217,273,primary,primary,complete
independent-evaluation,2wiki,52723172089311ebbd74ac1f6bf848b6,train,2026080217,272,primary,primary,complete
independent-evaluation,2wiki,52ae28db08f711ebbdaaac1f6bf848b6,train,2026080217,306,primary,primary,complete
independent-evaluation,2wiki,52da8ba60bda11eba7f7acde48001122,train,2026080217,233,primary,primary,complete
independent-evaluation,2wiki,534992420baf11ebab90acde48001122,train,2026080217,117,primary,primary,complete
independent-evaluation,2wiki,53bcde5008b911ebbd88ac1f6bf848b6,train,2026080217,260,primary,primary,complete
independent-evaluation,2wiki,542a439f08b411ebbd87ac1f6bf848b6,train,2026080217,410,primary,primary,complete
independent-evaluation,2wiki,549673b40bdb11eba7f7acde48001122,train,2026080217,240,primary,primary,complete
independent-evaluation,2wiki,54df168e0bd911eba7f7acde48001122,train,2026080217,29,primary,primary,complete
independent-evaluation,2wiki,55d97670088611ebbd6dac1f6bf848b6,train,2026080217,59,primary,primary,complete
independent-evaluation,2wiki,56359ea00bdd11eba7f7acde48001122,train,2026080217,250,primary,primary,complete
independent-evaluation,2wiki,569cb3200bdc11eba7f7acde48001122,train,2026080217,427,primary,primary,complete
independent-evaluation,2wiki,56de9a140bdd11eba7f7acde48001122,train,2026080217,257,primary,primary,complete
independent-evaluation,2wiki,570dd87e084a11ebbd56ac1f6bf848b6,train,2026080217,280,primary,primary,complete
independent-evaluation,2wiki,5711630d099311ebbdb0ac1f6bf848b6,train,2026080217,105,primary,primary,complete
independent-evaluation,2wiki,573bb4d0089511ebbd75ac1f6bf848b6,train,2026080217,440,primary,primary,complete
independent-evaluation,2wiki,575487360bda11eba7f7acde48001122,train,2026080217,113,primary,primary,complete
independent-evaluation,2wiki,57fbe336088411ebbd6dac1f6bf848b6,train,2026080217,166,primary,primary,complete
independent-evaluation,2wiki,5822f8060bd911eba7f7acde48001122,train,2026080217,26,primary,primary,complete
independent-evaluation,2wiki,587837b20bd911eba7f7acde48001122,train,2026080217,208,primary,primary,complete
independent-evaluation,2wiki,587f52da08b011ebbd84ac1f6bf848b6,train,2026080217,480,primary,primary,complete
independent-evaluation,2wiki,58a106360bdb11eba7f7acde48001122,train,2026080217,598,primary,primary,complete
independent-evaluation,2wiki,58d44eae0bdd11eba7f7acde48001122,train,2026080217,96,primary,primary,complete
independent-evaluation,2wiki,595790820bda11eba7f7acde48001122,train,2026080217,174,primary,primary,complete
independent-evaluation,2wiki,5992fcce0baf11ebab90acde48001122,train,2026080217,67,primary,primary,complete
independent-evaluation,2wiki,59b41fb80bdb11eba7f7acde48001122,train,2026080217,468,primary,primary,complete
independent-evaluation,2wiki,59b5551c090e11ebbdadac1f6bf848b6,train,2026080217,155,primary,primary,complete
independent-evaluation,2wiki,59b97a3e0bdc11eba7f7acde48001122,train,2026080217,198,primary,primary,complete
independent-evaluation,2wiki,59eebff2099611ebbdb0ac1f6bf848b6,train,2026080217,565,primary,primary,complete
independent-evaluation,2wiki,5a9f6ec0086911ebbd5eac1f6bf848b6,train,2026080217,466,primary,primary,complete
independent-evaluation,2wiki,5aadfaca08ba11ebbd88ac1f6bf848b6,train,2026080217,420,primary,primary,complete
independent-evaluation,2wiki,5ab65508086011ebbd5dac1f6bf848b6,train,2026080217,386,primary,primary,complete
independent-evaluation,2wiki,5b3e1e71088811ebbd6eac1f6bf848b6,train,2026080217,544,primary,primary,complete
independent-evaluation,2wiki,5b5244fe0bda11eba7f7acde48001122,train,2026080217,496,primary,primary,complete
independent-evaluation,2wiki,5b57d497089211ebbd73ac1f6bf848b6,train,2026080217,371,primary,primary,complete
independent-evaluation,2wiki,5b9f9d21086b11ebbd5fac1f6bf848b6,train,2026080217,70,primary,primary,complete
independent-evaluation,2wiki,5c6ad400088811ebbd6eac1f6bf848b6,train,2026080217,551,primary,primary,complete
independent-evaluation,2wiki,5c7433e00baf11ebab90acde48001122,train,2026080217,49,primary,primary,complete
independent-evaluation,2wiki,5de1b1b60bdd11eba7f7acde48001122,train,2026080217,537,primary,primary,complete
independent-evaluation,2wiki,5ff234c408a611ebbd7fac1f6bf848b6,train,2026080217,281,primary,primary,complete
independent-evaluation,2wiki,604a123a085f11ebbd5cac1f6bf848b6,train,2026080217,188,primary,primary,complete
independent-evaluation,2wiki,604c51eb089f11ebbd78ac1f6bf848b6,train,2026080217,221,primary,primary,complete
independent-evaluation,2wiki,60a87aa00bd911eba7f7acde48001122,train,2026080217,226,primary,primary,complete
independent-evaluation,2wiki,614af49008e011ebbda1ac1f6bf848b6,train,2026080217,162,primary,primary,complete
independent-evaluation,2wiki,61adf61508ac11ebbd82ac1f6bf848b6,train,2026080217,268,primary,primary,complete
independent-evaluation,2wiki,61caee1008b911ebbd88ac1f6bf848b6,train,2026080217,570,primary,primary,complete
independent-evaluation,2wiki,623de9140bb011ebab90acde48001122,train,2026080217,514,primary,primary,complete
independent-evaluation,2wiki,624c37cf08d311ebbd96ac1f6bf848b6,train,2026080217,303,primary,primary,complete
independent-evaluation,2wiki,6300b4b6093d11ebbdaeac1f6bf848b6,train,2026080217,192,primary,primary,complete
independent-evaluation,2wiki,631bba67097b11ebbdb0ac1f6bf848b6,train,2026080217,180,primary,primary,complete
independent-evaluation,2wiki,635678df08e511ebbda4ac1f6bf848b6,train,2026080217,256,primary,primary,complete
independent-evaluation,2wiki,635f17da08ab11ebbd82ac1f6bf848b6,train,2026080217,189,primary,primary,complete
independent-evaluation,2wiki,642074a80bd911eba7f7acde48001122,train,2026080217,432,primary,primary,complete
independent-evaluation,2wiki,644d6d6e088211ebbd6dac1f6bf848b6,train,2026080217,200,primary,primary,complete
independent-evaluation,2wiki,64508ffc0bda11eba7f7acde48001122,train,2026080217,311,primary,primary,complete
independent-evaluation,2wiki,6469821d08d511ebbd98ac1f6bf848b6,train,2026080217,169,primary,primary,complete
independent-evaluation,2wiki,65a286760bda11eba7f7acde48001122,train,2026080217,459,primary,primary,complete
independent-evaluation,2wiki,66618dbd08c111ebbd8bac1f6bf848b6,train,2026080217,336,primary,primary,complete
independent-evaluation,2wiki,66a7bcd3086d11ebbd62ac1f6bf848b6,train,2026080217,412,primary,primary,complete
independent-evaluation,2wiki,6745809009a311ebbdb0ac1f6bf848b6,train,2026080217,573,primary,primary,complete
independent-evaluation,2wiki,677fb726087811ebbd67ac1f6bf848b6,train,2026080217,317,primary,primary,complete
independent-evaluation,2wiki,67d518400bdb11eba7f7acde48001122,train,2026080217,562,primary,primary,complete
independent-evaluation,2wiki,68705eda085311ebbd59ac1f6bf848b6,train,2026080217,403,primary,primary,complete
independent-evaluation,2wiki,68dd96920bd911eba7f7acde48001122,train,2026080217,212,primary,primary,complete
independent-evaluation,2wiki,692eb2d20bdb11eba7f7acde48001122,train,2026080217,146,primary,primary,complete
independent-evaluation,2wiki,697ec45b087c11ebbd6aac1f6bf848b6,train,2026080217,262,primary,primary,complete
independent-evaluation,2wiki,69edcb120bdc11eba7f7acde48001122,train,2026080217,374,primary,primary,complete
independent-evaluation,2wiki,6a51043208c811ebbd91ac1f6bf848b6,train,2026080217,373,primary,primary,complete
independent-evaluation,2wiki,6adc93420bdb11eba7f7acde48001122,train,2026080217,23,primary,primary,complete
independent-evaluation,2wiki,6b2ee53c0bdd11eba7f7acde48001122,train,2026080217,46,primary,primary,complete
independent-evaluation,2wiki,6ce922bb08f711ebbdaaac1f6bf848b6,train,2026080217,48,primary,primary,complete
independent-evaluation,2wiki,6d53bb5c0bd911eba7f7acde48001122,train,2026080217,356,primary,primary,complete
independent-evaluation,2wiki,6d55d831089911ebbd77ac1f6bf848b6,train,2026080217,541,primary,primary,complete
independent-evaluation,2wiki,6d5e948e088511ebbd6dac1f6bf848b6,train,2026080217,236,primary,primary,complete
independent-evaluation,2wiki,6dc554760bdc11eba7f7acde48001122,train,2026080217,84,primary,primary,complete
independent-evaluation,2wiki,6e897f380bda11eba7f7acde48001122,train,2026080217,181,primary,primary,complete
independent-evaluation,2wiki,6ea802980bdd11eba7f7acde48001122,train,2026080217,224,primary,primary,complete
independent-evaluation,2wiki,6f0f8bfa08ba11ebbd88ac1f6bf848b6,train,2026080217,242,primary,primary,complete
independent-evaluation,2wiki,70b409f40bda11eba7f7acde48001122,train,2026080217,103,primary,primary,complete
independent-evaluation,2wiki,7147c0de0baf11ebab90acde48001122,train,2026080217,576,primary,primary,complete
independent-evaluation,2wiki,71df0ad6086f11ebbd62ac1f6bf848b6,train,2026080217,492,primary,primary,complete
independent-evaluation,2wiki,71fe0da00bda11eba7f7acde48001122,train,2026080217,346,primary,primary,complete
independent-evaluation,2wiki,722f8518087511ebbd67ac1f6bf848b6,train,2026080217,267,primary,primary,complete
independent-evaluation,2wiki,725fc21a0bdb11eba7f7acde48001122,train,2026080217,99,primary,primary,complete
independent-evaluation,2wiki,7277ed840bdd11eba7f7acde48001122,train,2026080217,326,primary,primary,complete
independent-evaluation,2wiki,72c089780bdc11eba7f7acde48001122,train,2026080217,428,primary,primary,complete
independent-evaluation,2wiki,734a0b97090211ebbdadac1f6bf848b6,train,2026080217,426,primary,primary,complete
independent-evaluation,2wiki,735a8d400bda11eba7f7acde48001122,train,2026080217,110,primary,primary,complete
independent-evaluation,2wiki,7457592c088c11ebbd6fac1f6bf848b6,train,2026080217,324,primary,primary,complete
independent-evaluation,2wiki,748840fc087111ebbd63ac1f6bf848b6,train,2026080217,38,primary,primary,complete
independent-evaluation,2wiki,75200a2f088d11ebbd70ac1f6bf848b6,train,2026080217,294,primary,primary,complete
independent-evaluation,2wiki,75473f540bda11eba7f7acde48001122,train,2026080217,463,primary,primary,complete
independent-evaluation,2wiki,75f5547a0bdc11eba7f7acde48001122,train,2026080217,251,primary,primary,complete
independent-evaluation,2wiki,762053b40bdc11eba7f7acde48001122,train,2026080217,194,primary,primary,complete
independent-evaluation,2wiki,7623b64008a211ebbd7aac1f6bf848b6,train,2026080217,76,primary,primary,complete
independent-evaluation,2wiki,76e254e60bdc11eba7f7acde48001122,train,2026080217,104,primary,primary,complete
independent-evaluation,2wiki,7754fd8e098311ebbdb0ac1f6bf848b6,train,2026080217,586,primary,primary,complete
independent-evaluation,2wiki,7780b35e0bda11eba7f7acde48001122,train,2026080217,154,primary,primary,complete
independent-evaluation,2wiki,77a707ef099011ebbdb0ac1f6bf848b6,train,2026080217,448,primary,primary,complete
independent-evaluation,2wiki,787572660bdc11eba7f7acde48001122,train,2026080217,168,primary,primary,complete
independent-evaluation,2wiki,78cc3a5608d511ebbd98ac1f6bf848b6,train,2026080217,80,primary,primary,complete
independent-evaluation,2wiki,78ef0a40086c11ebbd61ac1f6bf848b6,train,2026080217,172,primary,primary,complete
independent-evaluation,2wiki,78fd88480bd911eba7f7acde48001122,train,2026080217,179,primary,primary,complete
independent-evaluation,2wiki,7947c43f08ab11ebbd82ac1f6bf848b6,train,2026080217,124,primary,primary,complete
independent-evaluation,2wiki,7a75c03f08c611ebbd90ac1f6bf848b6,train,2026080217,20,primary,primary,complete
independent-evaluation,2wiki,7ac9bf8a084f11ebbd56ac1f6bf848b6,train,2026080217,275,primary,primary,complete
independent-evaluation,2wiki,7affa9e608a511ebbd7dac1f6bf848b6,train,2026080217,298,primary,primary,complete
independent-evaluation,2wiki,7c26eb5a0bdd11eba7f7acde48001122,train,2026080217,539,primary,primary,complete
independent-evaluation,2wiki,7c83b4040bdb11eba7f7acde48001122,train,2026080217,590,primary,primary,complete
independent-evaluation,2wiki,7cc4b8da0bdd11eba7f7acde48001122,train,2026080217,355,primary,primary,complete
independent-evaluation,2wiki,7cc51f500bdd11eba7f7acde48001122,train,2026080217,554,primary,primary,complete
independent-evaluation,2wiki,7d2b98fe0bdb11eba7f7acde48001122,train,2026080217,1,primary,primary,complete
independent-evaluation,2wiki,7d562890087e11ebbd6bac1f6bf848b6,train,2026080217,453,primary,primary,complete
independent-evaluation,2wiki,7de3536e086f11ebbd62ac1f6bf848b6,train,2026080217,88,primary,primary,complete
independent-evaluation,2wiki,7de789b6094111ebbdaeac1f6bf848b6,train,2026080217,58,primary,primary,complete
independent-evaluation,2wiki,7e72e17a08b811ebbd88ac1f6bf848b6,train,2026080217,223,primary,primary,complete
independent-evaluation,2wiki,7e7308a208be11ebbd8aac1f6bf848b6,train,2026080217,553,primary,primary,complete
independent-evaluation,2wiki,7e81f4000bdb11eba7f7acde48001122,train,2026080217,450,primary,primary,complete
independent-evaluation,2wiki,7ec3df59088111ebbd6dac1f6bf848b6,train,2026080217,270,primary,primary,complete
independent-evaluation,2wiki,7f21add20baf11ebab90acde48001122,train,2026080217,10,primary,primary,complete
independent-evaluation,2wiki,7f440fb60bdd11eba7f7acde48001122,train,2026080217,119,primary,primary,complete
independent-evaluation,2wiki,7f91359e0bdc11eba7f7acde48001122,train,2026080217,372,primary,primary,complete
independent-evaluation,2wiki,7f9ed00c097d11ebbdb0ac1f6bf848b6,train,2026080217,489,primary,primary,complete
independent-evaluation,2wiki,7fd0bfbc08a211ebbd7aac1f6bf848b6,train,2026080217,300,primary,primary,complete
independent-evaluation,2wiki,7ff76e900baf11ebab90acde48001122,train,2026080217,408,primary,primary,complete
independent-evaluation,2wiki,8016cf860bd911eba7f7acde48001122,train,2026080217,350,primary,primary,complete
independent-evaluation,2wiki,802c2c3c096f11ebbdb0ac1f6bf848b6,train,2026080217,538,primary,primary,complete
independent-evaluation,2wiki,80ac6a5c0bdc11eba7f7acde48001122,train,2026080217,238,primary,primary,complete
independent-evaluation,2wiki,812ed947089f11ebbd78ac1f6bf848b6,train,2026080217,385,primary,primary,complete
independent-evaluation,2wiki,81336c920bdb11eba7f7acde48001122,train,2026080217,147,primary,primary,complete
independent-evaluation,2wiki,8291be820bda11eba7f7acde48001122,train,2026080217,75,primary,primary,complete
independent-evaluation,2wiki,82e3a9ea085311ebbd59ac1f6bf848b6,train,2026080217,467,primary,primary,complete
independent-evaluation,2wiki,82e68a1e0bdc11eba7f7acde48001122,train,2026080217,69,primary,primary,complete
independent-evaluation,2wiki,8473e8780bdb11eba7f7acde48001122,train,2026080217,579,primary,primary,complete
independent-evaluation,2wiki,84c68944089c11ebbd78ac1f6bf848b6,train,2026080217,503,primary,primary,complete
independent-evaluation,2wiki,84f37f8e0bdb11eba7f7acde48001122,train,2026080217,228,primary,primary,complete
independent-evaluation,2wiki,850d363108d011ebbd95ac1f6bf848b6,train,2026080217,47,primary,primary,complete
independent-evaluation,2wiki,8597689c08c511ebbd8eac1f6bf848b6,train,2026080217,571,primary,primary,complete
independent-evaluation,2wiki,85d8f5c80bdb11eba7f7acde48001122,train,2026080217,102,primary,primary,complete
independent-evaluation,2wiki,85d9b24a096c11ebbdafac1f6bf848b6,train,2026080217,464,primary,primary,complete
independent-evaluation,2wiki,8668ffd80bdb11eba7f7acde48001122,train,2026080217,197,primary,primary,complete
independent-evaluation,2wiki,8699f0d8089911ebbd77ac1f6bf848b6,train,2026080217,423,primary,primary,complete
independent-evaluation,2wiki,87cf9da6088811ebbd6eac1f6bf848b6,train,2026080217,399,primary,primary,complete
independent-evaluation,2wiki,880354f20bda11eba7f7acde48001122,train,2026080217,484,primary,primary,complete
independent-evaluation,2wiki,888aceb20bdc11eba7f7acde48001122,train,2026080217,282,primary,primary,complete
independent-evaluation,2wiki,88bbdcdc0baf11ebab90acde48001122,train,2026080217,421,primary,primary,complete
independent-evaluation,2wiki,8927ddda08c411ebbd8eac1f6bf848b6,train,2026080217,115,primary,primary,complete
independent-evaluation,2wiki,895bfd0a085f11ebbd5cac1f6bf848b6,train,2026080217,458,primary,primary,complete
independent-evaluation,2wiki,8b500c180bda11eba7f7acde48001122,train,2026080217,279,primary,primary,complete
independent-evaluation,2wiki,8ba6baac0bdc11eba7f7acde48001122,train,2026080217,210,primary,primary,complete
independent-evaluation,2wiki,8cb8f478089411ebbd75ac1f6bf848b6,train,2026080217,24,primary,primary,complete
independent-evaluation,2wiki,8cdc46fe087a11ebbd67ac1f6bf848b6,train,2026080217,2,primary,primary,complete
independent-evaluation,2wiki,8d59bcfb087111ebbd63ac1f6bf848b6,train,2026080217,499,primary,primary,complete
independent-evaluation,2wiki,8d6ec19c0bda11eba7f7acde48001122,train,2026080217,128,primary,primary,complete
independent-evaluation,2wiki,8d9b502a08c111ebbd8bac1f6bf848b6,train,2026080217,515,primary,primary,complete
independent-evaluation,2wiki,8e26a42a08d711ebbd9aac1f6bf848b6,train,2026080217,218,primary,primary,complete
independent-evaluation,2wiki,8e51708c098211ebbdb0ac1f6bf848b6,train,2026080217,495,primary,primary,complete
independent-evaluation,2wiki,8ec0d11e08d011ebbd95ac1f6bf848b6,train,2026080217,589,primary,primary,complete
independent-evaluation,2wiki,8ec599b2088d11ebbd70ac1f6bf848b6,train,2026080217,92,primary,primary,complete
independent-evaluation,2wiki,8ed869600bdb11eba7f7acde48001122,train,2026080217,259,primary,primary,complete
independent-evaluation,2wiki,8f4408db08a411ebbd7dac1f6bf848b6,train,2026080217,71,primary,primary,complete
independent-evaluation,2wiki,8f9f1eca0bdb11eba7f7acde48001122,train,2026080217,572,primary,primary,complete
independent-evaluation,2wiki,90f389aa08cf11ebbd95ac1f6bf848b6,train,2026080217,337,primary,primary,complete
independent-evaluation,2wiki,91e200e108d811ebbd9cac1f6bf848b6,train,2026080217,237,primary,primary,complete
independent-evaluation,2wiki,920912ed085911ebbd5bac1f6bf848b6,train,2026080217,509,primary,primary,complete
independent-evaluation,2wiki,92f0c5ec085911ebbd5bac1f6bf848b6,train,2026080217,470,primary,primary,complete
independent-evaluation,2wiki,9360307308a611ebbd7fac1f6bf848b6,train,2026080217,558,primary,primary,complete
independent-evaluation,2wiki,93a302d8087b11ebbd68ac1f6bf848b6,train,2026080217,17,primary,primary,complete
independent-evaluation,2wiki,95212e7a084911ebbd55ac1f6bf848b6,train,2026080217,309,primary,primary,complete
independent-evaluation,2wiki,95f2a8c20bdc11eba7f7acde48001122,train,2026080217,42,primary,primary,complete
independent-evaluation,2wiki,96a6e792089911ebbd77ac1f6bf848b6,train,2026080217,542,primary,primary,complete
independent-evaluation,2wiki,981b03ee08ba11ebbd88ac1f6bf848b6,train,2026080217,370,primary,primary,complete
independent-evaluation,2wiki,983072600bda11eba7f7acde48001122,train,2026080217,19,primary,primary,complete
independent-evaluation,2wiki,9851ca56085f11ebbd5dac1f6bf848b6,train,2026080217,375,primary,primary,complete
independent-evaluation,2wiki,9881997c0baf11ebab90acde48001122,train,2026080217,534,primary,primary,complete
independent-evaluation,2wiki,98ab9de708f611ebbdaaac1f6bf848b6,train,2026080217,437,primary,primary,complete
independent-evaluation,2wiki,98b3917b098111ebbdb0ac1f6bf848b6,train,2026080217,241,primary,primary,complete
independent-evaluation,2wiki,99473ca908f411ebbdaaac1f6bf848b6,train,2026080217,202,primary,primary,complete
independent-evaluation,2wiki,9a322ec20bdb11eba7f7acde48001122,train,2026080217,291,primary,primary,complete
independent-evaluation,2wiki,9a3f9f9708c311ebbd8dac1f6bf848b6,train,2026080217,57,primary,primary,complete
independent-evaluation,2wiki,9b518aca0bd911eba7f7acde48001122,train,2026080217,434,primary,primary,complete
independent-evaluation,2wiki,9b5479b808db11ebbd9cac1f6bf848b6,train,2026080217,377,primary,primary,complete
independent-evaluation,2wiki,9b8343fa086711ebbd5eac1f6bf848b6,train,2026080217,285,primary,primary,complete
independent-evaluation,2wiki,9ba231fe0bda11eba7f7acde48001122,train,2026080217,152,primary,primary,complete
independent-evaluation,2wiki,9beea9780bdd11eba7f7acde48001122,train,2026080217,401,primary,primary,complete
independent-evaluation,2wiki,9c0965400bda11eba7f7acde48001122,train,2026080217,156,primary,primary,complete
independent-evaluation,2wiki,9c7c1ee60bda11eba7f7acde48001122,train,2026080217,232,primary,primary,complete
independent-evaluation,2wiki,9cc724ca0baf11ebab90acde48001122,train,2026080217,395,primary,primary,complete
independent-evaluation,2wiki,9cc926bc0bdc11eba7f7acde48001122,train,2026080217,258,primary,primary,complete
independent-evaluation,2wiki,9d290bc60bdd11eba7f7acde48001122,train,2026080217,77,primary,primary,complete
independent-evaluation,2wiki,9d888aa808de11ebbd9eac1f6bf848b6,train,2026080217,74,primary,primary,complete
independent-evaluation,2wiki,9ed5ac04088611ebbd6dac1f6bf848b6,train,2026080217,447,primary,primary,complete
independent-evaluation,2wiki,a0a6eafa08e911ebbda7ac1f6bf848b6,train,2026080217,599,primary,primary,complete
independent-evaluation,2wiki,a0ad2277086211ebbd5dac1f6bf848b6,train,2026080217,111,primary,primary,complete
independent-evaluation,2wiki,a0e8685c096d11ebbdafac1f6bf848b6,train,2026080217,55,primary,primary,complete
independent-evaluation,2wiki,a1dba92608e411ebbda4ac1f6bf848b6,train,2026080217,131,primary,primary,complete
independent-evaluation,2wiki,a1fc60c3098611ebbdb0ac1f6bf848b6,train,2026080217,397,primary,primary,complete
independent-evaluation,2wiki,a24d6cfe0bd911eba7f7acde48001122,train,2026080217,531,primary,primary,complete
independent-evaluation,2wiki,a2e2502a089c11ebbd78ac1f6bf848b6,train,2026080217,566,primary,primary,complete
independent-evaluation,2wiki,a3e79928086311ebbd5eac1f6bf848b6,train,2026080217,292,primary,primary,complete
independent-evaluation,2wiki,a49381b20bdc11eba7f7acde48001122,train,2026080217,545,primary,primary,complete
independent-evaluation,2wiki,a4ab54180bdc11eba7f7acde48001122,train,2026080217,383,primary,primary,complete
independent-evaluation,2wiki,a4bfc93d08c311ebbd8dac1f6bf848b6,train,2026080217,98,primary,primary,complete
independent-evaluation,2wiki,a504c1800bda11eba7f7acde48001122,train,2026080217,261,primary,primary,complete
independent-evaluation,2wiki,a50d59ca0bdb11eba7f7acde48001122,train,2026080217,479,primary,primary,complete
independent-evaluation,2wiki,a519ce480bdc11eba7f7acde48001122,train,2026080217,205,primary,primary,complete
independent-evaluation,2wiki,a5f6e7620bda11eba7f7acde48001122,train,2026080217,6,primary,primary,complete
independent-evaluation,2wiki,a7198b4c0bdd11eba7f7acde48001122,train,2026080217,349,primary,primary,complete
independent-evaluation,2wiki,a78463fa0bdc11eba7f7acde48001122,train,2026080217,217,primary,primary,complete
independent-evaluation,2wiki,a88289120bdc11eba7f7acde48001122,train,2026080217,244,primary,primary,complete
independent-evaluation,2wiki,a8a737980bdd11eba7f7acde48001122,train,2026080217,407,primary,primary,complete
independent-evaluation,2wiki,a8b4bb77088a11ebbd6fac1f6bf848b6,train,2026080217,68,primary,primary,complete
independent-evaluation,2wiki,a9f06c3a0bda11eba7f7acde48001122,train,2026080217,478,primary,primary,complete
independent-evaluation,2wiki,aa64007608b211ebbd85ac1f6bf848b6,train,2026080217,525,primary,primary,complete
independent-evaluation,2wiki,ab2370d6087711ebbd67ac1f6bf848b6,train,2026080217,132,primary,primary,complete
independent-evaluation,2wiki,ab8cdbb8087011ebbd63ac1f6bf848b6,train,2026080217,230,primary,primary,complete
independent-evaluation,2wiki,ab97f13408ce11ebbd94ac1f6bf848b6,train,2026080217,144,primary,primary,complete
independent-evaluation,2wiki,ae4109260bd911eba7f7acde48001122,train,2026080217,592,primary,primary,complete
independent-evaluation,2wiki,ae5fa43a0bd911eba7f7acde48001122,train,2026080217,393,primary,primary,complete
independent-evaluation,2wiki,aef23ef208ce11ebbd94ac1f6bf848b6,train,2026080217,53,primary,primary,complete
independent-evaluation,2wiki,b003bb9e08b111ebbd85ac1f6bf848b6,train,2026080217,596,primary,primary,complete
independent-evaluation,2wiki,b008db740bdb11eba7f7acde48001122,train,2026080217,249,primary,primary,complete
independent-evaluation,2wiki,b01ee4b8093611ebbdaeac1f6bf848b6,train,2026080217,451,primary,primary,complete
independent-evaluation,2wiki,b038372c0bd911eba7f7acde48001122,train,2026080217,406,primary,primary,complete
independent-evaluation,2wiki,b0463b4a0bdb11eba7f7acde48001122,train,2026080217,493,primary,primary,complete
independent-evaluation,2wiki,b0947676086511ebbd5eac1f6bf848b6,train,2026080217,364,primary,primary,complete
independent-evaluation,2wiki,b17a85c60bda11eba7f7acde48001122,train,2026080217,89,primary,primary,complete
independent-evaluation,2wiki,b191fe83093311ebbdaeac1f6bf848b6,train,2026080217,95,primary,primary,complete
independent-evaluation,2wiki,b2b2beb6089911ebbd77ac1f6bf848b6,train,2026080217,177,primary,primary,complete
independent-evaluation,2wiki,b391f114086f11ebbd62ac1f6bf848b6,train,2026080217,138,primary,primary,complete
independent-evaluation,2wiki,b3bc730708df11ebbda1ac1f6bf848b6,train,2026080217,313,primary,primary,complete
independent-evaluation,2wiki,b41e58df097511ebbdb0ac1f6bf848b6,train,2026080217,100,primary,primary,complete
independent-evaluation,2wiki,b42d3339085e11ebbd5cac1f6bf848b6,train,2026080217,112,primary,primary,complete
independent-evaluation,2wiki,b47e85220bdc11eba7f7acde48001122,train,2026080217,441,primary,primary,complete
independent-evaluation,2wiki,b49311000bdb11eba7f7acde48001122,train,2026080217,81,primary,primary,complete
independent-evaluation,2wiki,b55228f20bda11eba7f7acde48001122,train,2026080217,101,primary,primary,complete
independent-evaluation,2wiki,b585062e0bd911eba7f7acde48001122,train,2026080217,167,primary,primary,complete
independent-evaluation,2wiki,b590affc0bdd11eba7f7acde48001122,train,2026080217,190,primary,primary,complete
independent-evaluation,2wiki,b5a44732085511ebbd59ac1f6bf848b6,train,2026080217,400,primary,primary,complete
independent-evaluation,2wiki,b63bcf1c089b11ebbd78ac1f6bf848b6,train,2026080217,66,primary,primary,complete
independent-evaluation,2wiki,b656c58008c611ebbd91ac1f6bf848b6,train,2026080217,582,primary,primary,complete
independent-evaluation,2wiki,b694c9840bdc11eba7f7acde48001122,train,2026080217,52,primary,primary,complete
independent-evaluation,2wiki,b6d1d1ce099011ebbdb0ac1f6bf848b6,train,2026080217,213,primary,primary,complete
independent-evaluation,2wiki,b773f299098011ebbdb0ac1f6bf848b6,train,2026080217,63,primary,primary,complete
independent-evaluation,2wiki,b785521e08be11ebbd8aac1f6bf848b6,train,2026080217,18,primary,primary,complete
independent-evaluation,2wiki,b7d3e1fa089d11ebbd78ac1f6bf848b6,train,2026080217,37,primary,primary,complete
independent-evaluation,2wiki,b845daa40bda11eba7f7acde48001122,train,2026080217,353,primary,primary,complete
independent-evaluation,2wiki,b985b9100bdb11eba7f7acde48001122,train,2026080217,505,primary,primary,complete
independent-evaluation,2wiki,b986135908aa11ebbd80ac1f6bf848b6,train,2026080217,577,primary,primary,complete
independent-evaluation,2wiki,b9cd0ca7099411ebbdb0ac1f6bf848b6,train,2026080217,460,primary,primary,complete
independent-evaluation,2wiki,b9d1df0e086b11ebbd60ac1f6bf848b6,train,2026080217,165,primary,primary,complete
independent-evaluation,2wiki,ba6e27e6098411ebbdb0ac1f6bf848b6,train,2026080217,193,primary,primary,complete
independent-evaluation,2wiki,bacf50520bda11eba7f7acde48001122,train,2026080217,343,primary,primary,complete
independent-evaluation,2wiki,bb1283c8086911ebbd5eac1f6bf848b6,train,2026080217,304,primary,primary,complete
independent-evaluation,2wiki,bb5d11a20bdb11eba7f7acde48001122,train,2026080217,118,primary,primary,complete
independent-evaluation,2wiki,bb9abaf8086a11ebbd5fac1f6bf848b6,train,2026080217,33,primary,primary,complete
independent-evaluation,2wiki,bbbef35808d511ebbd98ac1f6bf848b6,train,2026080217,438,primary,primary,complete
independent-evaluation,2wiki,bc38f85408a011ebbd78ac1f6bf848b6,train,2026080217,150,primary,primary,complete
independent-evaluation,2wiki,bc4447ae0bd911eba7f7acde48001122,train,2026080217,64,primary,primary,complete
independent-evaluation,2wiki,bcf34e66088711ebbd6dac1f6bf848b6,train,2026080217,83,primary,primary,complete
independent-evaluation,2wiki,be18cb4a08f511ebbdaaac1f6bf848b6,train,2026080217,130,primary,primary,complete
independent-evaluation,2wiki,bedd5d420bda11eba7f7acde48001122,train,2026080217,173,primary,primary,complete
independent-evaluation,2wiki,bf827c7808ba11ebbd88ac1f6bf848b6,train,2026080217,308,primary,primary,complete
independent-evaluation,2wiki,c0cc6f70093c11ebbdaeac1f6bf848b6,train,2026080217,369,primary,primary,complete
independent-evaluation,2wiki,c0db18a4098211ebbdb0ac1f6bf848b6,train,2026080217,328,primary,primary,complete
independent-evaluation,2wiki,c224d4e8085711ebbd5aac1f6bf848b6,train,2026080217,543,primary,primary,complete
independent-evaluation,2wiki,c2bb09a80bdc11eba7f7acde48001122,train,2026080217,334,primary,primary,complete
independent-evaluation,2wiki,c36c9705086211ebbd5dac1f6bf848b6,train,2026080217,123,primary,primary,complete
independent-evaluation,2wiki,c371842c0bdb11eba7f7acde48001122,train,2026080217,133,primary,primary,complete
independent-evaluation,2wiki,c375a9a40bda11eba7f7acde48001122,train,2026080217,540,primary,primary,complete
independent-evaluation,2wiki,c377ca320bd911eba7f7acde48001122,train,2026080217,452,primary,primary,complete
independent-evaluation,2wiki,c3e2b7a2088211ebbd6dac1f6bf848b6,train,2026080217,204,primary,primary,complete
independent-evaluation,2wiki,c40eab7c0bda11eba7f7acde48001122,train,2026080217,482,primary,primary,complete
independent-evaluation,2wiki,c4738be00bdb11eba7f7acde48001122,train,2026080217,16,primary,primary,complete
independent-evaluation,2wiki,c512f5ae08cf11ebbd95ac1f6bf848b6,train,2026080217,196,primary,primary,complete
independent-evaluation,2wiki,c6af24b408b111ebbd85ac1f6bf848b6,train,2026080217,277,primary,primary,complete
independent-evaluation,2wiki,c6ed610c0bdb11eba7f7acde48001122,train,2026080217,405,primary,primary,complete
independent-evaluation,2wiki,c727b6a8095711ebbdaeac1f6bf848b6,train,2026080217,357,primary,primary,complete
independent-evaluation,2wiki,c750af44084f11ebbd56ac1f6bf848b6,train,2026080217,462,primary,primary,complete
independent-evaluation,2wiki,c85f339c08d111ebbd95ac1f6bf848b6,train,2026080217,379,primary,primary,complete
independent-evaluation,2wiki,c883ef6e09c011ebbdb0ac1f6bf848b6,train,2026080217,475,primary,primary,complete
independent-evaluation,2wiki,c8edf21108d811ebbd9cac1f6bf848b6,train,2026080217,45,primary,primary,complete
independent-evaluation,2wiki,c8fe2c94096f11ebbdb0ac1f6bf848b6,train,2026080217,21,primary,primary,complete
independent-evaluation,2wiki,c940dbb609b311ebbdb0ac1f6bf848b6,train,2026080217,164,primary,primary,complete
independent-evaluation,2wiki,cbb66ef00bda11eba7f7acde48001122,train,2026080217,318,primary,primary,complete
independent-evaluation,2wiki,cc4d18940bdc11eba7f7acde48001122,train,2026080217,555,primary,primary,complete
independent-evaluation,2wiki,cc4d9560089111ebbd73ac1f6bf848b6,train,2026080217,97,primary,primary,complete
independent-evaluation,2wiki,cd5d4db7096e11ebbdb0ac1f6bf848b6,train,2026080217,473,primary,primary,complete
independent-evaluation,2wiki,cddb8c3c08d411ebbd98ac1f6bf848b6,train,2026080217,235,primary,primary,complete
independent-evaluation,2wiki,cde40aca0bda11eba7f7acde48001122,train,2026080217,391,primary,primary,complete
independent-evaluation,2wiki,cdff0e86084911ebbd55ac1f6bf848b6,train,2026080217,522,primary,primary,complete
independent-evaluation,2wiki,cec0d2c308ae11ebbd83ac1f6bf848b6,train,2026080217,360,primary,primary,complete
independent-evaluation,2wiki,d01464b9085e11ebbd5cac1f6bf848b6,train,2026080217,529,primary,primary,complete
independent-evaluation,2wiki,d148eb5408e411ebbda4ac1f6bf848b6,train,2026080217,116,primary,primary,complete
independent-evaluation,2wiki,d19838ae089311ebbd75ac1f6bf848b6,train,2026080217,445,primary,primary,complete
independent-evaluation,2wiki,d1f7ec40089611ebbd76ac1f6bf848b6,train,2026080217,535,primary,primary,complete
independent-evaluation,2wiki,d24de132088b11ebbd6fac1f6bf848b6,train,2026080217,339,primary,primary,complete
independent-evaluation,2wiki,d2ab195808bb11ebbd88ac1f6bf848b6,train,2026080217,575,primary,primary,complete
independent-evaluation,2wiki,d40403e1085811ebbd5bac1f6bf848b6,train,2026080217,486,primary,primary,complete
independent-evaluation,2wiki,d414658808d911ebbd9cac1f6bf848b6,train,2026080217,43,primary,primary,complete
independent-evaluation,2wiki,d4428134084d11ebbd56ac1f6bf848b6,train,2026080217,583,primary,primary,complete
independent-evaluation,2wiki,d5f96b820bdb11eba7f7acde48001122,train,2026080217,22,primary,primary,complete
independent-evaluation,2wiki,d64a5dbf097611ebbdb0ac1f6bf848b6,train,2026080217,560,primary,primary,complete
independent-evaluation,2wiki,d71f93160bda11eba7f7acde48001122,train,2026080217,85,primary,primary,complete
independent-evaluation,2wiki,d7b172aa093711ebbdaeac1f6bf848b6,train,2026080217,520,primary,primary,complete
independent-evaluation,2wiki,d9eab977085e11ebbd5cac1f6bf848b6,train,2026080217,550,primary,primary,complete
independent-evaluation,2wiki,da181aa7099411ebbdb0ac1f6bf848b6,train,2026080217,517,primary,primary,complete
independent-evaluation,2wiki,da358ba8098f11ebbdb0ac1f6bf848b6,train,2026080217,331,primary,primary,complete
independent-evaluation,2wiki,da5ebc9b08a711ebbd7fac1f6bf848b6,train,2026080217,295,primary,primary,complete
independent-evaluation,2wiki,da8e23f408bb11ebbd88ac1f6bf848b6,train,2026080217,253,primary,primary,complete
independent-evaluation,2wiki,db533cb5093511ebbdaeac1f6bf848b6,train,2026080217,312,primary,primary,complete
independent-evaluation,2wiki,db5e5fd60bdd11eba7f7acde48001122,train,2026080217,497,primary,primary,complete
independent-evaluation,2wiki,db6e4e460bdd11eba7f7acde48001122,train,2026080217,456,primary,primary,complete
independent-evaluation,2wiki,dbc982260bdc11eba7f7acde48001122,train,2026080217,338,primary,primary,complete
independent-evaluation,2wiki,dc096a000bda11eba7f7acde48001122,train,2026080217,86,primary,primary,complete
independent-evaluation,2wiki,dc2d2c080bdd11eba7f7acde48001122,train,2026080217,347,primary,primary,complete
independent-evaluation,2wiki,dc82ca4e0bda11eba7f7acde48001122,train,2026080217,158,primary,primary,complete
independent-evaluation,2wiki,dc8f0e1208ba11ebbd88ac1f6bf848b6,train,2026080217,344,primary,primary,complete
independent-evaluation,2wiki,dc96960808e811ebbda6ac1f6bf848b6,train,2026080217,54,primary,primary,complete
independent-evaluation,2wiki,dc9f385a0bda11eba7f7acde48001122,train,2026080217,220,primary,primary,complete
independent-evaluation,2wiki,dcc66ad008f411ebbdaaac1f6bf848b6,train,2026080217,40,primary,primary,complete
independent-evaluation,2wiki,dd3741b4088e11ebbd70ac1f6bf848b6,train,2026080217,335,primary,primary,complete
independent-evaluation,2wiki,dd50c6860bdc11eba7f7acde48001122,train,2026080217,532,primary,primary,complete
independent-evaluation,2wiki,de4579a5096f11ebbdb0ac1f6bf848b6,train,2026080217,266,primary,primary,complete
independent-evaluation,2wiki,dedd91da096d11ebbdb0ac1f6bf848b6,train,2026080217,225,primary,primary,complete
independent-evaluation,2wiki,def905fb091f11ebbdaeac1f6bf848b6,train,2026080217,50,primary,primary,complete
independent-evaluation,2wiki,df1b317f085111ebbd58ac1f6bf848b6,train,2026080217,563,primary,primary,complete
independent-evaluation,2wiki,df439933087311ebbd67ac1f6bf848b6,train,2026080217,160,primary,primary,complete
independent-evaluation,2wiki,df5b48d80bdd11eba7f7acde48001122,train,2026080217,301,primary,primary,complete
independent-evaluation,2wiki,df70babf095b11ebbdaeac1f6bf848b6,train,2026080217,176,primary,primary,complete
independent-evaluation,2wiki,df75ec6208ac11ebbd83ac1f6bf848b6,train,2026080217,329,primary,primary,complete
independent-evaluation,2wiki,df9e7abc0bd911eba7f7acde48001122,train,2026080217,382,primary,primary,complete
independent-evaluation,2wiki,dfce45d808d911ebbd9cac1f6bf848b6,train,2026080217,424,primary,primary,complete
independent-evaluation,2wiki,dfef7d48085c11ebbd5cac1f6bf848b6,train,2026080217,380,primary,primary,complete
independent-evaluation,2wiki,e058fa980bdb11eba7f7acde48001122,train,2026080217,501,primary,primary,complete
independent-evaluation,2wiki,e06f71de0bda11eba7f7acde48001122,train,2026080217,316,primary,primary,complete
independent-evaluation,2wiki,e0b16497085a11ebbd5cac1f6bf848b6,train,2026080217,286,primary,primary,complete
independent-evaluation,2wiki,e0ee0029086811ebbd5eac1f6bf848b6,train,2026080217,121,primary,primary,complete
independent-evaluation,2wiki,e112d80a0bdb11eba7f7acde48001122,train,2026080217,439,primary,primary,complete
independent-evaluation,2wiki,e119871409a711ebbdb0ac1f6bf848b6,train,2026080217,87,primary,primary,complete
independent-evaluation,2wiki,e136f8bc0bda11eba7f7acde48001122,train,2026080217,490,primary,primary,complete
independent-evaluation,2wiki,e1ee1dee098d11ebbdb0ac1f6bf848b6,train,2026080217,207,primary,primary,complete
independent-evaluation,2wiki,e1efc3520bd911eba7f7acde48001122,train,2026080217,137,primary,primary,complete
independent-evaluation,2wiki,e210efe60bd911eba7f7acde48001122,train,2026080217,549,primary,primary,complete
independent-evaluation,2wiki,e2e2724308e511ebbda4ac1f6bf848b6,train,2026080217,419,primary,primary,complete
independent-evaluation,2wiki,e32ed86608aa11ebbd80ac1f6bf848b6,train,2026080217,481,primary,primary,complete
independent-evaluation,2wiki,e33fc184084911ebbd55ac1f6bf848b6,train,2026080217,381,primary,primary,complete
independent-evaluation,2wiki,e3c1d97808ae11ebbd83ac1f6bf848b6,train,2026080217,504,primary,primary,complete
independent-evaluation,2wiki,e3d52b500bdc11eba7f7acde48001122,train,2026080217,108,primary,primary,complete
independent-evaluation,2wiki,e3ec4d1a08c811ebbd92ac1f6bf848b6,train,2026080217,120,primary,primary,complete
independent-evaluation,2wiki,e3f609f0084f11ebbd56ac1f6bf848b6,train,2026080217,219,primary,primary,complete
independent-evaluation,2wiki,e3fab31508fa11ebbdacac1f6bf848b6,train,2026080217,396,primary,primary,complete
independent-evaluation,2wiki,e43aba380bdc11eba7f7acde48001122,train,2026080217,94,primary,primary,complete
independent-evaluation,2wiki,e54fc1e0086a11ebbd5fac1f6bf848b6,train,2026080217,325,primary,primary,complete
independent-evaluation,2wiki,e685ce7d086c11ebbd61ac1f6bf848b6,train,2026080217,414,primary,primary,complete
independent-evaluation,2wiki,e6e747ca08a211ebbd7bac1f6bf848b6,train,2026080217,332,primary,primary,complete
independent-evaluation,2wiki,e6f3eff80bda11eba7f7acde48001122,train,2026080217,183,primary,primary,complete
independent-evaluation,2wiki,e83e14d0096e11ebbdb0ac1f6bf848b6,train,2026080217,34,primary,primary,complete
independent-evaluation,2wiki,e8a0bebd098911ebbdb0ac1f6bf848b6,train,2026080217,498,primary,primary,complete
independent-evaluation,2wiki,e8d8d125085011ebbd58ac1f6bf848b6,train,2026080217,591,primary,primary,complete
independent-evaluation,2wiki,e99cf7be08d211ebbd96ac1f6bf848b6,train,2026080217,510,primary,primary,complete
independent-evaluation,2wiki,e9f8a1b2089711ebbd77ac1f6bf848b6,train,2026080217,234,primary,primary,complete
independent-evaluation,2wiki,ea047a640bda11eba7f7acde48001122,train,2026080217,269,primary,primary,complete
independent-evaluation,2wiki,ea14fbfc08a411ebbd7dac1f6bf848b6,train,2026080217,359,primary,primary,complete
independent-evaluation,2wiki,ea4da8d308f411ebbdaaac1f6bf848b6,train,2026080217,361,primary,primary,complete
independent-evaluation,2wiki,ea5919320bdc11eba7f7acde48001122,train,2026080217,516,primary,primary,complete
independent-evaluation,2wiki,ea5ca6d809bd11ebbdb0ac1f6bf848b6,train,2026080217,578,primary,primary,complete
independent-evaluation,2wiki,ebdac0f8086e11ebbd62ac1f6bf848b6,train,2026080217,569,primary,primary,complete
independent-evaluation,2wiki,ebf7f3860bdb11eba7f7acde48001122,train,2026080217,296,primary,primary,complete
independent-evaluation,2wiki,ec617e0c08af11ebbd84ac1f6bf848b6,train,2026080217,476,primary,primary,complete
independent-evaluation,2wiki,edda5be5097111ebbdb0ac1f6bf848b6,train,2026080217,171,primary,primary,complete
independent-evaluation,2wiki,ee0cade20bdb11eba7f7acde48001122,train,2026080217,348,primary,primary,complete
independent-evaluation,2wiki,ee11e4ce0bdb11eba7f7acde48001122,train,2026080217,90,primary,primary,complete
independent-evaluation,2wiki,eed4b402085411ebbd59ac1f6bf848b6,train,2026080217,323,primary,primary,complete
independent-evaluation,2wiki,ef522a3c098e11ebbdb0ac1f6bf848b6,train,2026080217,443,primary,primary,complete
independent-evaluation,2wiki,efff54d3097211ebbdb0ac1f6bf848b6,train,2026080217,552,primary,primary,complete
independent-evaluation,2wiki,f01c1f900baf11ebab90acde48001122,train,2026080217,455,primary,primary,complete
independent-evaluation,2wiki,f02d711e0baf11ebab90acde48001122,train,2026080217,289,primary,primary,complete
independent-evaluation,2wiki,f27030b20bda11eba7f7acde48001122,train,2026080217,333,primary,primary,complete
independent-evaluation,2wiki,f27defce086811ebbd5eac1f6bf848b6,train,2026080217,418,primary,primary,complete
independent-evaluation,2wiki,f357f17c087911ebbd67ac1f6bf848b6,train,2026080217,175,primary,primary,complete
independent-evaluation,2wiki,f435daea086611ebbd5eac1f6bf848b6,train,2026080217,14,primary,primary,complete
independent-evaluation,2wiki,f4bcb58e08dd11ebbd9eac1f6bf848b6,train,2026080217,588,primary,primary,complete
independent-evaluation,2wiki,f4d147ae0bdc11eba7f7acde48001122,train,2026080217,254,primary,primary,complete
independent-evaluation,2wiki,f4d70b1c0bdc11eba7f7acde48001122,train,2026080217,163,primary,primary,complete
independent-evaluation,2wiki,f4da00760bda11eba7f7acde48001122,train,2026080217,27,primary,primary,complete
independent-evaluation,2wiki,f5b3f668085911ebbd5bac1f6bf848b6,train,2026080217,287,primary,primary,complete
independent-evaluation,2wiki,f61f58080bdc11eba7f7acde48001122,train,2026080217,41,primary,primary,complete
independent-evaluation,2wiki,f6595a180bdb11eba7f7acde48001122,train,2026080217,568,primary,primary,complete
independent-evaluation,2wiki,f68ab2980bdb11eba7f7acde48001122,train,2026080217,559,primary,primary,complete
independent-evaluation,2wiki,f68e127608c511ebbd8fac1f6bf848b6,train,2026080217,297,primary,primary,complete
independent-evaluation,2wiki,f7460a16085211ebbd58ac1f6bf848b6,train,2026080217,600,primary,primary,complete
independent-evaluation,2wiki,f77a6cc7097311ebbdb0ac1f6bf848b6,train,2026080217,398,primary,primary,complete
independent-evaluation,2wiki,f7cea9b2085b11ebbd5cac1f6bf848b6,train,2026080217,472,primary,primary,complete
independent-evaluation,2wiki,f80b60a4085c11ebbd5cac1f6bf848b6,train,2026080217,284,primary,primary,complete
independent-evaluation,2wiki,f8e262fe094c11ebbdaeac1f6bf848b6,train,2026080217,215,primary,primary,complete
independent-evaluation,2wiki,f8e8b91a085011ebbd58ac1f6bf848b6,train,2026080217,387,primary,primary,complete
independent-evaluation,2wiki,f991a8d308ef11ebbda8ac1f6bf848b6,train,2026080217,135,primary,primary,complete
independent-evaluation,2wiki,f99e1e7c087d11ebbd6bac1f6bf848b6,train,2026080217,302,primary,primary,complete
independent-evaluation,2wiki,f9fcce55099f11ebbdb0ac1f6bf848b6,train,2026080217,367,primary,primary,complete
independent-evaluation,2wiki,fa46db8e08e611ebbda5ac1f6bf848b6,train,2026080217,363,primary,primary,complete
independent-evaluation,2wiki,faaf3f6a08a211ebbd7bac1f6bf848b6,train,2026080217,527,primary,primary,complete
independent-evaluation,2wiki,fb4d11140bda11eba7f7acde48001122,train,2026080217,315,primary,primary,complete
independent-evaluation,2wiki,fba695940bdb11eba7f7acde48001122,train,2026080217,567,primary,primary,complete
independent-evaluation,2wiki,fc47e8540bae11ebab90acde48001122,train,2026080217,201,primary,primary,complete
independent-evaluation,2wiki,fcfdd8a80bdb11eba7f7acde48001122,train,2026080217,91,primary,primary,complete
independent-evaluation,2wiki,fdd866680bda11eba7f7acde48001122,train,2026080217,433,primary,primary,complete
independent-evaluation,2wiki,fe0ed10c08b111ebbd85ac1f6bf848b6,train,2026080217,278,primary,primary,complete
independent-evaluation,2wiki,fe169826085f11ebbd5dac1f6bf848b6,train,2026080217,390,primary,primary,complete
independent-evaluation,2wiki,febadc37086111ebbd5dac1f6bf848b6,train,2026080217,299,primary,primary,complete
independent-evaluation,2wiki,ff2911af098911ebbdb0ac1f6bf848b6,train,2026080217,134,primary,primary,complete
independent-evaluation,2wiki,ff6d451c0bd911eba7f7acde48001122,train,2026080217,366,primary,primary,complete
independent-evaluation,2wiki,ffd5378e0bda11eba7f7acde48001122,train,2026080217,9,primary,primary,complete
independent-evaluation,hotpotqa,5a70f2be5542994082a3e420,train,2026080217,576,primary,primary,complete
independent-evaluation,hotpotqa,5a70f9b45542994082a3e471,train,2026080217,183,primary,primary,complete
independent-evaluation,hotpotqa,5a71003f5542994082a3e4a2,train,2026080217,212,primary,primary,complete
independent-evaluation,hotpotqa,5a712a5e5542994082a3e60c,train,2026080217,463,primary,primary,complete
independent-evaluation,hotpotqa,5a71434a5542994082a3e71c,train,2026080217,204,primary,primary,complete
independent-evaluation,hotpotqa,5a7146395542994082a3e741,train,2026080217,132,primary,primary,complete
independent-evaluation,hotpotqa,5a7148475542994082a3e75e,train,2026080217,152,primary,primary,complete
independent-evaluation,hotpotqa,5a72150455429971e9dc924e,train,2026080217,567,primary,primary,complete
independent-evaluation,hotpotqa,5a72237d55429971e9dc92cb,train,2026080217,415,primary,primary,complete
independent-evaluation,hotpotqa,5a72357955429971e9dc9356,train,2026080217,69,primary,primary,complete
independent-evaluation,hotpotqa,5a7246645542990c210a4098,train,2026080217,192,primary,primary,complete
independent-evaluation,hotpotqa,5a7257325542990c210a410b,train,2026080217,157,primary,primary,complete
independent-evaluation,hotpotqa,5a7293c25542994cef4bc34e,train,2026080217,474,primary,primary,complete
independent-evaluation,hotpotqa,5a72a8be5542991f9a20c55d,train,2026080217,314,primary,primary,complete
independent-evaluation,hotpotqa,5a72af555542992359bc316d,train,2026080217,177,primary,primary,complete
independent-evaluation,hotpotqa,5a72ddbf5542991f9a20c5cb,train,2026080217,432,primary,primary,complete
independent-evaluation,hotpotqa,5a72f91b5542991f9a20c5db,train,2026080217,357,primary,primary,complete
independent-evaluation,hotpotqa,5a73337755429901807dafaf,train,2026080217,454,primary,primary,complete
independent-evaluation,hotpotqa,5a738285554299623ed4abc5,train,2026080217,33,primary,primary,complete
independent-evaluation,hotpotqa,5a7388775542992d56e7e35f,train,2026080217,393,primary,primary,complete
independent-evaluation,hotpotqa,5a738f9455429978a71e902a,train,2026080217,421,primary,primary,complete
independent-evaluation,hotpotqa,5a73983255429905862fe06c,train,2026080217,343,primary,primary,complete
independent-evaluation,hotpotqa,5a73e01b554299623ed4ac80,train,2026080217,235,primary,primary,complete
independent-evaluation,hotpotqa,5a73f47f5542993a88ae2eb9,train,2026080217,335,primary,primary,complete
independent-evaluation,hotpotqa,5a73f65f5542993a88ae2ec7,train,2026080217,159,primary,primary,complete
independent-evaluation,hotpotqa,5a73fb9f5542993a88ae2ed7,train,2026080217,552,primary,primary,complete
independent-evaluation,hotpotqa,5a74502c55429979e28828ea,train,2026080217,308,primary,primary,complete
independent-evaluation,hotpotqa,5a7452ae55429979e28828fa,train,2026080217,520,primary,primary,complete
independent-evaluation,hotpotqa,5a74650155429979e288293a,train,2026080217,105,primary,primary,complete
independent-evaluation,hotpotqa,5a74706a55429979e2882953,train,2026080217,265,primary,primary,complete
independent-evaluation,hotpotqa,5a74799455429929fddd8440,train,2026080217,444,primary,primary,complete
independent-evaluation,hotpotqa,5a747eef55429979e2882964,train,2026080217,387,primary,primary,complete
independent-evaluation,hotpotqa,5a74acff5542996c70cfada7,train,2026080217,349,primary,primary,complete
independent-evaluation,hotpotqa,5a74beb255429929fddd84e5,train,2026080217,533,primary,primary,complete
independent-evaluation,hotpotqa,5a74c54b55429916b016420b,train,2026080217,510,primary,primary,complete
independent-evaluation,hotpotqa,5a74ea905542993748c89734,train,2026080217,417,primary,primary,complete
independent-evaluation,hotpotqa,5a74fde45542993748c8977f,train,2026080217,103,primary,primary,complete
independent-evaluation,hotpotqa,5a752dc655429916b0164287,train,2026080217,147,primary,primary,complete
independent-evaluation,hotpotqa,5a7542af5542996c70cfaecd,train,2026080217,384,primary,primary,complete
independent-evaluation,hotpotqa,5a75ab515542992db947369d,train,2026080217,59,primary,primary,complete
independent-evaluation,hotpotqa,5a75da0f5542992db94736f8,train,2026080217,337,primary,primary,complete
independent-evaluation,hotpotqa,5a75e735554299109176e5c3,train,2026080217,391,primary,primary,complete
independent-evaluation,hotpotqa,5a7615dd5542994ccc9186c5,train,2026080217,203,primary,primary,complete
independent-evaluation,hotpotqa,5a761f38554299109176e64c,train,2026080217,532,primary,primary,complete
independent-evaluation,hotpotqa,5a762bb0554299109176e69d,train,2026080217,117,primary,primary,complete
independent-evaluation,hotpotqa,5a765ad35542992db9473773,train,2026080217,124,primary,primary,complete
independent-evaluation,hotpotqa,5a76aed45542993569682c81,train,2026080217,44,primary,primary,complete
independent-evaluation,hotpotqa,5a7710d955429937353601c0,train,2026080217,101,primary,primary,complete
independent-evaluation,hotpotqa,5a7717705542994aec3b71e4,train,2026080217,448,primary,primary,complete
independent-evaluation,hotpotqa,5a7735ac5542993735360219,train,2026080217,20,primary,primary,complete
independent-evaluation,hotpotqa,5a773cc555429972597f14b9,train,2026080217,85,primary,primary,complete
independent-evaluation,hotpotqa,5a77406555429972597f14d4,train,2026080217,122,primary,primary,complete
independent-evaluation,hotpotqa,5a7758fe5542994aec3b729d,train,2026080217,7,primary,primary,complete
independent-evaluation,hotpotqa,5a777e6a55429967ab1051d0,train,2026080217,548,primary,primary,complete
independent-evaluation,hotpotqa,5a7780fa55429967ab1051df,train,2026080217,494,primary,primary,complete
independent-evaluation,hotpotqa,5a77877c5542995d83181198,train,2026080217,128,primary,primary,complete
independent-evaluation,hotpotqa,5a77a7845542995d8318124b,train,2026080217,161,primary,primary,complete
independent-evaluation,hotpotqa,5a77ac6b55429949eeb29f29,train,2026080217,70,primary,primary,complete
independent-evaluation,hotpotqa,5a77acba55429949eeb29f2a,train,2026080217,190,primary,primary,complete
independent-evaluation,hotpotqa,5a77d5535542995d831812fd,train,2026080217,321,primary,primary,complete
independent-evaluation,hotpotqa,5a78bd8c55429974737f786a,train,2026080217,210,primary,primary,complete
independent-evaluation,hotpotqa,5a78e72955429970f5fffdc4,train,2026080217,534,primary,primary,complete
independent-evaluation,hotpotqa,5a78f72e55429970f5fffdfb,train,2026080217,63,primary,primary,complete
independent-evaluation,hotpotqa,5a78f8dc55429974737f792c,train,2026080217,503,primary,primary,complete
independent-evaluation,hotpotqa,5a79001655429970f5fffe14,train,2026080217,339,primary,primary,complete
independent-evaluation,hotpotqa,5a79232d554299029c4b5f04,train,2026080217,428,primary,primary,complete
independent-evaluation,hotpotqa,5a79334a554299029c4b5f23,train,2026080217,299,primary,primary,complete
independent-evaluation,hotpotqa,5a7938f7554299029c4b5f2f,train,2026080217,483,primary,primary,complete
independent-evaluation,hotpotqa,5a794caa5542994bb9456fee,train,2026080217,138,primary,primary,complete
independent-evaluation,hotpotqa,5a7961af55429970f5fffea1,train,2026080217,310,primary,primary,complete
independent-evaluation,hotpotqa,5a79cb825542994bb94570b2,train,2026080217,239,primary,primary,complete
independent-evaluation,hotpotqa,5a79f5705542990198eaf01e,train,2026080217,478,primary,primary,complete
independent-evaluation,hotpotqa,5a79fcf55542994f819ef115,train,2026080217,583,primary,primary,complete
independent-evaluation,hotpotqa,5a7a0c8d5542996c55b2dced,train,2026080217,197,primary,primary,complete
independent-evaluation,hotpotqa,5a7a19a95542990783324e59,train,2026080217,556,primary,primary,complete
independent-evaluation,hotpotqa,5a7a2a3a5542996a35c17113,train,2026080217,224,primary,primary,complete
independent-evaluation,hotpotqa,5a7a365c5542996a35c17134,train,2026080217,418,primary,primary,complete
independent-evaluation,hotpotqa,5a7a3cb45542994f819ef180,train,2026080217,311,primary,primary,complete
independent-evaluation,hotpotqa,5a7a43d05542996c55b2dd49,train,2026080217,589,primary,primary,complete
independent-evaluation,hotpotqa,5a7a59165542990198eaf120,train,2026080217,490,primary,primary,complete
independent-evaluation,hotpotqa,5a7a5b1055429941d65f25cf,train,2026080217,287,primary,primary,complete
independent-evaluation,hotpotqa,5a7a5b535542996c55b2dd72,train,2026080217,456,primary,primary,complete
independent-evaluation,hotpotqa,5a7a5b995542990783324f27,train,2026080217,97,primary,primary,complete
independent-evaluation,hotpotqa,5a7a8ba755429941d65f269b,train,2026080217,500,primary,primary,complete
independent-evaluation,hotpotqa,5a7abdb055429927d897befe,train,2026080217,383,primary,primary,complete
independent-evaluation,hotpotqa,5a7acad055429927d897bf15,train,2026080217,149,primary,primary,complete
independent-evaluation,hotpotqa,5a7b1abd55429931da12c9c4,train,2026080217,555,primary,primary,complete
independent-evaluation,hotpotqa,5a7b8eff554299294a54a9f5,train,2026080217,364,primary,primary,complete
independent-evaluation,hotpotqa,5a7ba0db554299294a54aa37,train,2026080217,29,primary,primary,complete
independent-evaluation,hotpotqa,5a7bca42554299042af8f7df,train,2026080217,120,primary,primary,complete
independent-evaluation,hotpotqa,5a7c18cd5542990527d5544f,train,2026080217,155,primary,primary,complete
independent-evaluation,hotpotqa,5a7c2096554299683c1c62d0,train,2026080217,407,primary,primary,complete
independent-evaluation,hotpotqa,5a7c33665542996dd594b8cb,train,2026080217,551,primary,primary,complete
independent-evaluation,hotpotqa,5a7c40ff5542996dd594b8ea,train,2026080217,347,primary,primary,complete
independent-evaluation,hotpotqa,5a7c4bd55542990527d55486,train,2026080217,528,primary,primary,complete
independent-evaluation,hotpotqa,5a7c6a065542996dd594b922,train,2026080217,525,primary,primary,complete
independent-evaluation,hotpotqa,5a7c720b5542996dd594b93a,train,2026080217,569,primary,primary,complete
independent-evaluation,hotpotqa,5a7c79ff5542990527d554bb,train,2026080217,153,primary,primary,complete
independent-evaluation,hotpotqa,5a7c8ddf55429935c91b5218,train,2026080217,241,primary,primary,complete
independent-evaluation,hotpotqa,5a7c938955429935c91b5236,train,2026080217,521,primary,primary,complete
independent-evaluation,hotpotqa,5a7ca0c75542996dd594b954,train,2026080217,202,primary,primary,complete
independent-evaluation,hotpotqa,5a7ca19855429935c91b526f,train,2026080217,17,primary,primary,complete
independent-evaluation,hotpotqa,5a7cb8745542990527d5550d,train,2026080217,409,primary,primary,complete
independent-evaluation,hotpotqa,5a7cb8c95542996dd594b9bc,train,2026080217,378,primary,primary,complete
independent-evaluation,hotpotqa,5a7cc701554299452d57ba4f,train,2026080217,289,primary,primary,complete
independent-evaluation,hotpotqa,5a7ce8ef55429909bec76877,train,2026080217,361,primary,primary,complete
independent-evaluation,hotpotqa,5a7cefe2554299683c1c63e5,train,2026080217,84,primary,primary,complete
independent-evaluation,hotpotqa,5a7d33095542995f4f402233,train,2026080217,469,primary,primary,complete
independent-evaluation,hotpotqa,5a7d37f85542995f4f40223d,train,2026080217,259,primary,primary,complete
independent-evaluation,hotpotqa,5a7d4d115542991319bc9398,train,2026080217,596,primary,primary,complete
independent-evaluation,hotpotqa,5a7d79315542990b8f5039a0,train,2026080217,498,primary,primary,complete
independent-evaluation,hotpotqa,5a7df0425542995f4f402332,train,2026080217,24,primary,primary,complete
independent-evaluation,hotpotqa,5a7e06b55542995f4f40239c,train,2026080217,424,primary,primary,complete
independent-evaluation,hotpotqa,5a7e24435542997cc2c47529,train,2026080217,373,primary,primary,complete
independent-evaluation,hotpotqa,5a7e41c85542991319bc9453,train,2026080217,547,primary,primary,complete
independent-evaluation,hotpotqa,5a7e45b05542991319bc945a,train,2026080217,304,primary,primary,complete
independent-evaluation,hotpotqa,5a7e764b55429934daa2fc23,train,2026080217,536,primary,primary,complete
independent-evaluation,hotpotqa,5a7e9a39554299306751359b,train,2026080217,433,primary,primary,complete
independent-evaluation,hotpotqa,5a7e9f775542994959419a34,train,2026080217,379,primary,primary,complete
independent-evaluation,hotpotqa,5a7ea34a55429930675135b2,train,2026080217,38,primary,primary,complete
independent-evaluation,hotpotqa,5a7eb6125542994959419a60,train,2026080217,436,primary,primary,complete
independent-evaluation,hotpotqa,5a7ed32a5542994959419a7f,train,2026080217,28,primary,primary,complete
independent-evaluation,hotpotqa,5a7f0e0a55429934daa2fcb0,train,2026080217,585,primary,primary,complete
independent-evaluation,hotpotqa,5a7f0e7555429934daa2fcb2,train,2026080217,82,primary,primary,complete
independent-evaluation,hotpotqa,5a7f3b0055429934daa2fd2e,train,2026080217,435,primary,primary,complete
independent-evaluation,hotpotqa,5a7f5a8f55429969796c1a0c,train,2026080217,515,primary,primary,complete
independent-evaluation,hotpotqa,5a7f88905542994857a7676e,train,2026080217,419,primary,primary,complete
independent-evaluation,hotpotqa,5a7f9cf15542994857a7677d,train,2026080217,334,primary,primary,complete
independent-evaluation,hotpotqa,5a7fa2ff55429969796c1b04,train,2026080217,200,primary,primary,complete
independent-evaluation,hotpotqa,5a7fab3a5542995d8a8ddeea,train,2026080217,118,primary,primary,complete
independent-evaluation,hotpotqa,5a7fabcc5542994857a767b2,train,2026080217,179,primary,primary,complete
independent-evaluation,hotpotqa,5a7fef475542994857a7685e,train,2026080217,62,primary,primary,complete
independent-evaluation,hotpotqa,5a800e625542992e7d278df6,train,2026080217,57,primary,primary,complete
independent-evaluation,hotpotqa,5a8034d9554299485f59858b,train,2026080217,116,primary,primary,complete
independent-evaluation,hotpotqa,5a807ee85542995d8a8ddf81,train,2026080217,142,primary,primary,complete
independent-evaluation,hotpotqa,5a80826d554299485f598638,train,2026080217,404,primary,primary,complete
independent-evaluation,hotpotqa,5a8088f65542992bc0c4a760,train,2026080217,72,primary,primary,complete
independent-evaluation,hotpotqa,5a80899e554299485f598646,train,2026080217,398,primary,primary,complete
independent-evaluation,hotpotqa,5a8090015542996402f6a55b,train,2026080217,277,primary,primary,complete
independent-evaluation,hotpotqa,5a809a635542992bc0c4a775,train,2026080217,516,primary,primary,complete
independent-evaluation,hotpotqa,5a80af89554299485f5986b7,train,2026080217,507,primary,primary,complete
independent-evaluation,hotpotqa,5a80b45f554299485f5986d2,train,2026080217,574,primary,primary,complete
independent-evaluation,hotpotqa,5a80b7a25542992bc0c4a7d3,train,2026080217,464,primary,primary,complete
independent-evaluation,hotpotqa,5a80cb2c55429938b61421e8,train,2026080217,397,primary,primary,complete
independent-evaluation,hotpotqa,5a80db8b55429938b614221a,train,2026080217,9,primary,primary,complete
independent-evaluation,hotpotqa,5a80e5bb55429938b614223e,train,2026080217,593,primary,primary,complete
independent-evaluation,hotpotqa,5a80ebac554299260e20a1c2,train,2026080217,522,primary,primary,complete
independent-evaluation,hotpotqa,5a80f759554299260e20a1e0,train,2026080217,434,primary,primary,complete
independent-evaluation,hotpotqa,5a81070755429938b6142297,train,2026080217,290,primary,primary,complete
independent-evaluation,hotpotqa,5a813c1e55429903bc27b952,train,2026080217,126,primary,primary,complete
independent-evaluation,hotpotqa,5a821ea8554299676cceb220,train,2026080217,446,primary,primary,complete
independent-evaluation,hotpotqa,5a8260a155429940e5e1a898,train,2026080217,497,primary,primary,complete
independent-evaluation,hotpotqa,5a8265c555429940e5e1a8a4,train,2026080217,345,primary,primary,complete
independent-evaluation,hotpotqa,5a82fd7055429966c78a6acf,train,2026080217,214,primary,primary,complete
independent-evaluation,hotpotqa,5a83012e55429966c78a6add,train,2026080217,467,primary,primary,complete
independent-evaluation,hotpotqa,5a83131655429940e5e1a954,train,2026080217,15,primary,primary,complete
independent-evaluation,hotpotqa,5a83415d55429954d2e2ec6d,train,2026080217,207,primary,primary,complete
independent-evaluation,hotpotqa,5a83539455429954d2e2ec9d,train,2026080217,505,primary,primary,complete
independent-evaluation,hotpotqa,5a835dab5542992ef85e2291,train,2026080217,229,primary,primary,complete
independent-evaluation,hotpotqa,5a8369cd554299123d8c210d,train,2026080217,251,primary,primary,complete
independent-evaluation,hotpotqa,5a8391f05542992ef85e230d,train,2026080217,19,primary,primary,complete
independent-evaluation,hotpotqa,5a83a10a554299334474605d,train,2026080217,34,primary,primary,complete
independent-evaluation,hotpotqa,5a83c2185542992ef85e2359,train,2026080217,575,primary,primary,complete
independent-evaluation,hotpotqa,5a845cc85542996488c2e52a,train,2026080217,458,primary,primary,complete
independent-evaluation,hotpotqa,5a8463095542990548d0b2a1,train,2026080217,110,primary,primary,complete
independent-evaluation,hotpotqa,5a846fab5542992ef85e23f9,train,2026080217,165,primary,primary,complete
independent-evaluation,hotpotqa,5a8480b55542992ef85e2414,train,2026080217,65,primary,primary,complete
independent-evaluation,hotpotqa,5a851cdb5542997175ce1f86,train,2026080217,327,primary,primary,complete
independent-evaluation,hotpotqa,5a851e655542997175ce1f8c,train,2026080217,100,primary,primary,complete
independent-evaluation,hotpotqa,5a855a3b5542997175ce1fbb,train,2026080217,538,primary,primary,complete
independent-evaluation,hotpotqa,5a85a79d5542997b5ce4000f,train,2026080217,439,primary,primary,complete
independent-evaluation,hotpotqa,5a85c7775542997175ce2017,train,2026080217,87,primary,primary,complete
independent-evaluation,hotpotqa,5a85cf675542997175ce2035,train,2026080217,346,primary,primary,complete
independent-evaluation,hotpotqa,5a85de255542994c784ddb9c,train,2026080217,368,primary,primary,complete
independent-evaluation,hotpotqa,5a85e67d5542994775f60694,train,2026080217,54,primary,primary,complete
independent-evaluation,hotpotqa,5a85ffdf5542994775f606ec,train,2026080217,215,primary,primary,complete
independent-evaluation,hotpotqa,5a864dad554299211dda2aee,train,2026080217,12,primary,primary,complete
independent-evaluation,hotpotqa,5a8660845542991e77181622,train,2026080217,482,primary,primary,complete
independent-evaluation,hotpotqa,5a8666e25542991e7718163f,train,2026080217,594,primary,primary,complete
independent-evaluation,hotpotqa,5a871e3355429960ec39b74a,train,2026080217,31,primary,primary,complete
independent-evaluation,hotpotqa,5a87234b5542996432c5722a,train,2026080217,273,primary,primary,complete
independent-evaluation,hotpotqa,5a873ac055429960ec39b76b,train,2026080217,30,primary,primary,complete
independent-evaluation,hotpotqa,5a8752385542993e715abee7,train,2026080217,535,primary,primary,complete
independent-evaluation,hotpotqa,5a87a57a5542996e4f3088a0,train,2026080217,294,primary,primary,complete
independent-evaluation,hotpotqa,5a87c8325542997e5c09a573,train,2026080217,324,primary,primary,complete
independent-evaluation,hotpotqa,5a884bb555429938390d3f26,train,2026080217,163,primary,primary,complete
independent-evaluation,hotpotqa,5a884c5f5542997e5c09a5b9,train,2026080217,47,primary,primary,complete
independent-evaluation,hotpotqa,5a8872b155429938390d3f6d,train,2026080217,363,primary,primary,complete
independent-evaluation,hotpotqa,5a8880de554299206df2b2c5,train,2026080217,22,primary,primary,complete
independent-evaluation,hotpotqa,5a88979555429938390d3f7f,train,2026080217,250,primary,primary,complete
independent-evaluation,hotpotqa,5a889f5b5542997e5c09a63b,train,2026080217,492,primary,primary,complete
independent-evaluation,hotpotqa,5a88a49a5542997e5c09a66e,train,2026080217,358,primary,primary,complete
independent-evaluation,hotpotqa,5a88c99d5542997e5c09a6b4,train,2026080217,148,primary,primary,complete
independent-evaluation,hotpotqa,5a88db9d5542993b751ca88d,train,2026080217,264,primary,primary,complete
independent-evaluation,hotpotqa,5a88e78f55429946c8d6e8d4,train,2026080217,317,primary,primary,complete
independent-evaluation,hotpotqa,5a88f3c05542997e5c09a6d8,train,2026080217,598,primary,primary,complete
independent-evaluation,hotpotqa,5a8918b4554299669944a4ab,train,2026080217,174,primary,primary,complete
independent-evaluation,hotpotqa,5a8935ff554299669944a507,train,2026080217,591,primary,primary,complete
independent-evaluation,hotpotqa,5a896c0755429946c8d6e91b,train,2026080217,562,primary,primary,complete
independent-evaluation,hotpotqa,5a899c075542993b751ca95d,train,2026080217,260,primary,primary,complete
independent-evaluation,hotpotqa,5a89b6dd55429946c8d6e9aa,train,2026080217,112,primary,primary,complete
independent-evaluation,hotpotqa,5a89f96b55429970aeb701cc,train,2026080217,26,primary,primary,complete
independent-evaluation,hotpotqa,5a8a071f55429970aeb7021c,train,2026080217,406,primary,primary,complete
independent-evaluation,hotpotqa,5a8a0b7a5542992e4fca84e2,train,2026080217,90,primary,primary,complete
independent-evaluation,hotpotqa,5a8a26a5554299515336135a,train,2026080217,573,primary,primary,complete
independent-evaluation,hotpotqa,5a8a2fce5542992d82986ee9,train,2026080217,323,primary,primary,complete
independent-evaluation,hotpotqa,5a8a380e55429930ff3c0d0f,train,2026080217,475,primary,primary,complete
independent-evaluation,hotpotqa,5a8a4ba155429930ff3c0d89,train,2026080217,61,primary,primary,complete
independent-evaluation,hotpotqa,5a8a784a5542996c9b8d5ef8,train,2026080217,530,primary,primary,complete
independent-evaluation,hotpotqa,5a8ae0335542992d82986fc8,train,2026080217,380,primary,primary,complete
independent-evaluation,hotpotqa,5a8aee2e55429950cd6afc00,train,2026080217,341,primary,primary,complete
independent-evaluation,hotpotqa,5a8aef1d55429950cd6afc09,train,2026080217,509,primary,primary,complete
independent-evaluation,hotpotqa,5a8afba155429949d91db458,train,2026080217,284,primary,primary,complete
independent-evaluation,hotpotqa,5a8b2db75542995d1e6f12f3,train,2026080217,452,primary,primary,complete
independent-evaluation,hotpotqa,5a8b5a325542997f31a41ce6,train,2026080217,375,primary,primary,complete
independent-evaluation,hotpotqa,5a8ba2d9554299240d9c204a,train,2026080217,99,primary,primary,complete
independent-evaluation,hotpotqa,5a8bac415542996e8ac889a2,train,2026080217,305,primary,primary,complete
independent-evaluation,hotpotqa,5a8bcd48554299240d9c2094,train,2026080217,462,primary,primary,complete
independent-evaluation,hotpotqa,5a8bf3085542995e66a47520,train,2026080217,154,primary,primary,complete
independent-evaluation,hotpotqa,5a8c896d554299653c1aa0b2,train,2026080217,382,primary,primary,complete
independent-evaluation,hotpotqa,5a8ca9c8554299585d9e370e,train,2026080217,42,primary,primary,complete
independent-evaluation,hotpotqa,5a8ce5c7554299441c6b9f64,train,2026080217,32,primary,primary,complete
independent-evaluation,hotpotqa,5a8ce6435542996e8ac88b3a,train,2026080217,206,primary,primary,complete
independent-evaluation,hotpotqa,5a8cedf4554299441c6b9f86,train,2026080217,77,primary,primary,complete
independent-evaluation,hotpotqa,5a8ceebe554299585d9e376f,train,2026080217,39,primary,primary,complete
independent-evaluation,hotpotqa,5a8d002a554299585d9e3792,train,2026080217,578,primary,primary,complete
independent-evaluation,hotpotqa,5a8d1c635542994ba4e3dbfe,train,2026080217,58,primary,primary,complete
independent-evaluation,hotpotqa,5a8d54b85542994ba4e3dc74,train,2026080217,440,primary,primary,complete
independent-evaluation,hotpotqa,5a8d9aa7554299441c6ba00b,train,2026080217,123,primary,primary,complete
independent-evaluation,hotpotqa,5a8def8d554299068b959e20,train,2026080217,91,primary,primary,complete
independent-evaluation,hotpotqa,5a8e20a05542990e94052a61,train,2026080217,6,primary,primary,complete
independent-evaluation,hotpotqa,5a8e3aba5542995085b373fc,train,2026080217,362,primary,primary,complete
independent-evaluation,hotpotqa,5a8e531e55429917b4a5bda2,train,2026080217,340,primary,primary,complete
independent-evaluation,hotpotqa,5a8e53715542990e94052ad0,train,2026080217,563,primary,primary,complete
independent-evaluation,hotpotqa,5a8e5b095542990e94052ae6,train,2026080217,298,primary,primary,complete
independent-evaluation,hotpotqa,5a8eb14355429917b4a5bdb0,train,2026080217,216,primary,primary,complete
independent-evaluation,hotpotqa,5a8efb2a5542997ba9cb3161,train,2026080217,504,primary,primary,complete
independent-evaluation,hotpotqa,5a8efc9055429918e830d177,train,2026080217,93,primary,primary,complete
independent-evaluation,hotpotqa,5a8f17f4554299458435d569,train,2026080217,526,primary,primary,complete
independent-evaluation,hotpotqa,5a8f20d655429924144829dc,train,2026080217,43,primary,primary,complete
independent-evaluation,hotpotqa,5a8f300555429918e830d1c8,train,2026080217,234,primary,primary,complete
independent-evaluation,hotpotqa,5a8f32b755429918e830d1ca,train,2026080217,460,primary,primary,complete
independent-evaluation,hotpotqa,5a8f58625542992414482a6a,train,2026080217,133,primary,primary,complete
independent-evaluation,hotpotqa,5a8f600355429918e830d207,train,2026080217,88,primary,primary,complete
independent-evaluation,hotpotqa,5a8f938855429918e830d274,train,2026080217,425,primary,primary,complete
independent-evaluation,hotpotqa,5a9041275542990a984935ca,train,2026080217,188,primary,primary,complete
independent-evaluation,hotpotqa,5a9052b35542995651fb513f,train,2026080217,180,primary,primary,complete
independent-evaluation,hotpotqa,5a906adc5542990a98493632,train,2026080217,3,primary,primary,complete
independent-evaluation,hotpotqa,5a908fc855429916514e74f6,train,2026080217,405,primary,primary,complete
independent-evaluation,hotpotqa,5a9093df55429933b8a2056a,train,2026080217,472,primary,primary,complete
independent-evaluation,hotpotqa,5a90afa855429933b8a2058d,train,2026080217,131,primary,primary,complete
independent-evaluation,hotpotqa,5a90be1855429916514e754c,train,2026080217,135,primary,primary,complete
independent-evaluation,hotpotqa,5ab1f4f8554299340b52543b,train,2026080217,8,primary,primary,complete
independent-evaluation,hotpotqa,5ab204a4554299340b525473,train,2026080217,171,primary,primary,complete
independent-evaluation,hotpotqa,5ab21953554299722f9b4cad,train,2026080217,98,primary,primary,complete
independent-evaluation,hotpotqa,5ab22f28554299722f9b4cc5,train,2026080217,228,primary,primary,complete
independent-evaluation,hotpotqa,5ab29772554299449642c917,train,2026080217,238,primary,primary,complete
independent-evaluation,hotpotqa,5ab29a28554299449642c928,train,2026080217,561,primary,primary,complete
independent-evaluation,hotpotqa,5ab29e3e554299545a2cf9dc,train,2026080217,544,primary,primary,complete
independent-evaluation,hotpotqa,5ab29efb554299194fa93477,train,2026080217,2,primary,primary,complete
independent-evaluation,hotpotqa,5ab29fce554299194fa9347b,train,2026080217,312,primary,primary,complete
independent-evaluation,hotpotqa,5ab2ac9855429929539467d0,train,2026080217,570,primary,primary,complete
independent-evaluation,hotpotqa,5ab2b5d5554299194fa934c7,train,2026080217,394,primary,primary,complete
independent-evaluation,hotpotqa,5ab2b6d2554299545a2cfa1a,train,2026080217,268,primary,primary,complete
independent-evaluation,hotpotqa,5ab2c30f55429916697740a1,train,2026080217,325,primary,primary,complete
independent-evaluation,hotpotqa,5ab2c67655429916697740c1,train,2026080217,199,primary,primary,complete
independent-evaluation,hotpotqa,5ab2ca0555429916697740d8,train,2026080217,121,primary,primary,complete
independent-evaluation,hotpotqa,5ab2d1b0554299545a2cfaa8,train,2026080217,4,primary,primary,complete
independent-evaluation,hotpotqa,5ab2e073554299295394688e,train,2026080217,371,primary,primary,complete
independent-evaluation,hotpotqa,5ab2e692554299166977412a,train,2026080217,226,primary,primary,complete
independent-evaluation,hotpotqa,5ab2f9555542991669774167,train,2026080217,285,primary,primary,complete
independent-evaluation,hotpotqa,5ab306ef55429976abd1bc2c,train,2026080217,244,primary,primary,complete
independent-evaluation,hotpotqa,5ab30d6a55429976abd1bc3f,train,2026080217,302,primary,primary,complete
independent-evaluation,hotpotqa,5ab3254a554299194fa9357a,train,2026080217,568,primary,primary,complete
independent-evaluation,hotpotqa,5ab3567455429969a97a8139,train,2026080217,182,primary,primary,complete
independent-evaluation,hotpotqa,5ab398595542992ade7c6deb,train,2026080217,222,primary,primary,complete
independent-evaluation,hotpotqa,5ab3f6ee5542992ade7c6ef9,train,2026080217,296,primary,primary,complete
independent-evaluation,hotpotqa,5ab428d85542991751b4d6b6,train,2026080217,291,primary,primary,complete
independent-evaluation,hotpotqa,5ab4860b5542991751b4d7a3,train,2026080217,572,primary,primary,complete
independent-evaluation,hotpotqa,5ab48d265542991751b4d7ad,train,2026080217,370,primary,primary,complete
independent-evaluation,hotpotqa,5ab4c8455542991779162d03,train,2026080217,185,primary,primary,complete
independent-evaluation,hotpotqa,5ab521615542991779162d88,train,2026080217,162,primary,primary,complete
independent-evaluation,hotpotqa,5ab524cc5542996a3a96a036,train,2026080217,104,primary,primary,complete
independent-evaluation,hotpotqa,5ab5396a55429942dd41602d,train,2026080217,231,primary,primary,complete
independent-evaluation,hotpotqa,5ab5539a554299488d4d9931,train,2026080217,79,primary,primary,complete
independent-evaluation,hotpotqa,5ab581fe5542997d4ad1f168,train,2026080217,256,primary,primary,complete
independent-evaluation,hotpotqa,5ab592e1554299488d4d99e5,train,2026080217,389,primary,primary,complete
independent-evaluation,hotpotqa,5ab59aeb554299488d4d99f5,train,2026080217,209,primary,primary,complete
independent-evaluation,hotpotqa,5ab59bb1554299488d4d99f7,train,2026080217,275,primary,primary,complete
independent-evaluation,hotpotqa,5ab5d608554299488d4d9a44,train,2026080217,166,primary,primary,complete
independent-evaluation,hotpotqa,5ab60eb2554299637185c65a,train,2026080217,420,primary,primary,complete
independent-evaluation,hotpotqa,5ab6148b554299488d4d9a9a,train,2026080217,329,primary,primary,complete
independent-evaluation,hotpotqa,5ab6675d554299110f219a07,train,2026080217,276,primary,primary,complete
independent-evaluation,hotpotqa,5ab67b7155429954757d32ef,train,2026080217,471,primary,primary,complete
independent-evaluation,hotpotqa,5ab6b9b25542995eadef007b,train,2026080217,595,primary,primary,complete
independent-evaluation,hotpotqa,5ab6ca06554299710c8d1f60,train,2026080217,338,primary,primary,complete
independent-evaluation,hotpotqa,5ab6db7855429953192ad398,train,2026080217,16,primary,primary,complete
independent-evaluation,hotpotqa,5ab6dec7554299110f219a70,train,2026080217,92,primary,primary,complete
independent-evaluation,hotpotqa,5ab6f213554299710c8d1fcc,train,2026080217,539,primary,primary,complete
independent-evaluation,hotpotqa,5ab6fa615542995eadef0103,train,2026080217,108,primary,primary,complete
independent-evaluation,hotpotqa,5ab7337e5542992aa3b8c7d0,train,2026080217,309,primary,primary,complete
independent-evaluation,hotpotqa,5ab74b25554299110f219aff,train,2026080217,366,primary,primary,complete
independent-evaluation,hotpotqa,5ab7e2b3554299366779402f,train,2026080217,545,primary,primary,complete
independent-evaluation,hotpotqa,5ab7e63c554299366779403d,train,2026080217,582,primary,primary,complete
independent-evaluation,hotpotqa,5ab804885542990e739ec7e2,train,2026080217,125,primary,primary,complete
independent-evaluation,hotpotqa,5ab8174055429916710eafe6,train,2026080217,167,primary,primary,complete
independent-evaluation,hotpotqa,5ab823da55429934fafe6cee,train,2026080217,175,primary,primary,complete
independent-evaluation,hotpotqa,5ab84e3a55429934fafe6d50,train,2026080217,600,primary,primary,complete
independent-evaluation,hotpotqa,5ab873a755429934fafe6dc7,train,2026080217,68,primary,primary,complete
independent-evaluation,hotpotqa,5ab882a155429919ba4e2310,train,2026080217,242,primary,primary,complete
independent-evaluation,hotpotqa,5ab8ecc05542991b5579f043,train,2026080217,240,primary,primary,complete
independent-evaluation,hotpotqa,5ab9260f554299753720f750,train,2026080217,320,primary,primary,complete
independent-evaluation,hotpotqa,5ab9282e554299753720f75e,train,2026080217,437,primary,primary,complete
independent-evaluation,hotpotqa,5ab95e3b554299753720f812,train,2026080217,178,primary,primary,complete
independent-evaluation,hotpotqa,5ab96a6e55429970cfb8eacc,train,2026080217,372,primary,primary,complete
independent-evaluation,hotpotqa,5ab989735542996be2020545,train,2026080217,160,primary,primary,complete
independent-evaluation,hotpotqa,5ab9a99255429970cfb8eb63,train,2026080217,144,primary,primary,complete
independent-evaluation,hotpotqa,5ab9cad6554299753720f874,train,2026080217,491,primary,primary,complete
independent-evaluation,hotpotqa,5aba4efc55429939ce03dc8b,train,2026080217,316,primary,primary,complete
independent-evaluation,hotpotqa,5aba73b85542994dbf01991b,train,2026080217,280,primary,primary,complete
independent-evaluation,hotpotqa,5aba8aa45542994dbf019934,train,2026080217,449,primary,primary,complete
independent-evaluation,hotpotqa,5abab18a55429955dce3eecf,train,2026080217,524,primary,primary,complete
independent-evaluation,hotpotqa,5abad43555429901930fa8c4,train,2026080217,422,primary,primary,complete
independent-evaluation,hotpotqa,5abae8865542992ccd8e7e55,train,2026080217,414,primary,primary,complete
independent-evaluation,hotpotqa,5abaf3555542992ccd8e7e71,train,2026080217,453,primary,primary,complete
independent-evaluation,hotpotqa,5abaf45d55429939ce03dd75,train,2026080217,170,primary,primary,complete
independent-evaluation,hotpotqa,5abb05d05542996cc5e49f4d,train,2026080217,356,primary,primary,complete
independent-evaluation,hotpotqa,5abb61fc554299642a094a87,train,2026080217,219,primary,primary,complete
independent-evaluation,hotpotqa,5abbb3a95542996606241722,train,2026080217,48,primary,primary,complete
independent-evaluation,hotpotqa,5abbbd44554299642a094b24,train,2026080217,181,primary,primary,complete
independent-evaluation,hotpotqa,5abbfad2554299114383a0cd,train,2026080217,376,primary,primary,complete
independent-evaluation,hotpotqa,5abc0cc75542996583600411,train,2026080217,258,primary,primary,complete
independent-evaluation,hotpotqa,5abc207c5542993a06baf894,train,2026080217,187,primary,primary,complete
independent-evaluation,hotpotqa,5abc2f6f55429959677d6a2b,train,2026080217,76,primary,primary,complete
independent-evaluation,hotpotqa,5abc38ba554299700f9d782a,train,2026080217,395,primary,primary,complete
independent-evaluation,hotpotqa,5abc6d8355429959677d6aaf,train,2026080217,499,primary,primary,complete
independent-evaluation,hotpotqa,5abcc81f55429959677d6ade,train,2026080217,49,primary,primary,complete
independent-evaluation,hotpotqa,5abce1f955429959677d6b0c,train,2026080217,150,primary,primary,complete
independent-evaluation,hotpotqa,5abcf05955429959677d6b56,train,2026080217,64,primary,primary,complete
independent-evaluation,hotpotqa,5abcfab85542993a06baf9ca,train,2026080217,36,primary,primary,complete
independent-evaluation,hotpotqa,5abd01705542992ac4f3819e,train,2026080217,111,primary,primary,complete
independent-evaluation,hotpotqa,5abd36605542993062266bff,train,2026080217,354,primary,primary,complete
independent-evaluation,hotpotqa,5abd5e9455429933744ab797,train,2026080217,75,primary,primary,complete
independent-evaluation,hotpotqa,5abd7b7f55429924427fcff9,train,2026080217,193,primary,primary,complete
independent-evaluation,hotpotqa,5abe1d735542991f661060d4,train,2026080217,272,primary,primary,complete
independent-evaluation,hotpotqa,5abe45bf5542993f32c2a0d8,train,2026080217,301,primary,primary,complete
independent-evaluation,hotpotqa,5abe65dd55429976d4830b14,train,2026080217,442,primary,primary,complete
independent-evaluation,hotpotqa,5abe7e945542993f32c2a12b,train,2026080217,599,primary,primary,complete
independent-evaluation,hotpotqa,5abe8cf45542991f6610619f,train,2026080217,546,primary,primary,complete
independent-evaluation,hotpotqa,5abea34a5542993f32c2a18a,train,2026080217,295,primary,primary,complete
independent-evaluation,hotpotqa,5abeb1535542994516f453ef,train,2026080217,300,primary,primary,complete
independent-evaluation,hotpotqa,5abed37c5542990832d3a0d3,train,2026080217,172,primary,primary,complete
independent-evaluation,hotpotqa,5abee1575542994516f45463,train,2026080217,396,primary,primary,complete
independent-evaluation,hotpotqa,5abef2d95542993fe9a41db3,train,2026080217,249,primary,primary,complete
independent-evaluation,hotpotqa,5abf13045542990832d3a11f,train,2026080217,136,primary,primary,complete
independent-evaluation,hotpotqa,5abf7dd75542994516f454b4,train,2026080217,221,primary,primary,complete
independent-evaluation,hotpotqa,5abf9c855542994516f454dc,train,2026080217,473,primary,primary,complete
independent-evaluation,hotpotqa,5abfa2f95542997ec76fd410,train,2026080217,307,primary,primary,complete
independent-evaluation,hotpotqa,5abfab1b5542997ec76fd42a,train,2026080217,342,primary,primary,complete
independent-evaluation,hotpotqa,5abffa135542997d64295983,train,2026080217,198,primary,primary,complete
independent-evaluation,hotpotqa,5ac00fa4554299012d1db593,train,2026080217,429,primary,primary,complete
independent-evaluation,hotpotqa,5ac03bd5554299012d1db5df,train,2026080217,41,primary,primary,complete
independent-evaluation,hotpotqa,5ac042605542997d642959e9,train,2026080217,332,primary,primary,complete
independent-evaluation,hotpotqa,5ac06210554299294b218faf,train,2026080217,262,primary,primary,complete
independent-evaluation,hotpotqa,5ac0a9b55542992a796ded58,train,2026080217,527,primary,primary,complete
independent-evaluation,hotpotqa,5ac0b8fa5542992a796ded6f,train,2026080217,401,primary,primary,complete
independent-evaluation,hotpotqa,5ac0d8fe5542992a796ded88,train,2026080217,55,primary,primary,complete
independent-evaluation,hotpotqa,5ac0e2765542997d64295a7a,train,2026080217,523,primary,primary,complete
independent-evaluation,hotpotqa,5ac0e806554299294b219058,train,2026080217,11,primary,primary,complete
independent-evaluation,hotpotqa,5ac1240a55429964131be15f,train,2026080217,140,primary,primary,complete
independent-evaluation,hotpotqa,5ac1324355429964131be177,train,2026080217,173,primary,primary,complete
independent-evaluation,hotpotqa,5ac1430e5542991316484aa7,train,2026080217,385,primary,primary,complete
independent-evaluation,hotpotqa,5ac145c75542991316484ac4,train,2026080217,386,primary,primary,complete
independent-evaluation,hotpotqa,5ac15c545542991316484af7,train,2026080217,230,primary,primary,complete
independent-evaluation,hotpotqa,5ac16c6f5542994ab5c67d27,train,2026080217,248,primary,primary,complete
independent-evaluation,hotpotqa,5ac18a5a55429964131be21c,train,2026080217,158,primary,primary,complete
independent-evaluation,hotpotqa,5ac19cff5542994ab5c67d9d,train,2026080217,330,primary,primary,complete
independent-evaluation,hotpotqa,5ac1a5395542994ab5c67db4,train,2026080217,457,primary,primary,complete
independent-evaluation,hotpotqa,5ac1b5a655429964131be267,train,2026080217,488,primary,primary,complete
independent-evaluation,hotpotqa,5ac24f8c554299636651996c,train,2026080217,426,primary,primary,complete
independent-evaluation,hotpotqa,5ac25ebe5542992f1f2b3884,train,2026080217,266,primary,primary,complete
independent-evaluation,hotpotqa,5ac263215542992f1f2b38a0,train,2026080217,129,primary,primary,complete
independent-evaluation,hotpotqa,5ac26d565542992f1f2b38c2,train,2026080217,67,primary,primary,complete
independent-evaluation,hotpotqa,5ac289325542996773102569,train,2026080217,468,primary,primary,complete
independent-evaluation,hotpotqa,5ac2a1c8554299218029dacf,train,2026080217,186,primary,primary,complete
independent-evaluation,hotpotqa,5ac2ceb8554299657fa29074,train,2026080217,281,primary,primary,complete
independent-evaluation,hotpotqa,5ac2d205554299657fa29084,train,2026080217,355,primary,primary,complete
independent-evaluation,hotpotqa,5ac2d70455429921a00ab061,train,2026080217,292,primary,primary,complete
independent-evaluation,hotpotqa,5ac2ea67554299218029db92,train,2026080217,508,primary,primary,complete
independent-evaluation,hotpotqa,5ac309a4554299657fa290df,train,2026080217,21,primary,primary,complete
independent-evaluation,hotpotqa,5ac3180d554299741d48a1d2,train,2026080217,205,primary,primary,complete
independent-evaluation,hotpotqa,5ac31b4b554299741d48a1f3,train,2026080217,201,primary,primary,complete
independent-evaluation,hotpotqa,5ac335465542995ef918c16c,train,2026080217,236,primary,primary,complete
independent-evaluation,hotpotqa,5ac3aa17554299741d48a2c4,train,2026080217,246,primary,primary,complete
independent-evaluation,hotpotqa,5ac3b508554299204fd21e0b,train,2026080217,113,primary,primary,complete
independent-evaluation,hotpotqa,5ac3bdcd5542993915413938,train,2026080217,326,primary,primary,complete
independent-evaluation,hotpotqa,5ac3ca9a554299204fd21e60,train,2026080217,14,primary,primary,complete
independent-evaluation,hotpotqa,5ac40bcf5542991943173903,train,2026080217,495,primary,primary,complete
independent-evaluation,hotpotqa,5ac41c5d5542995c82c4acc7,train,2026080217,485,primary,primary,complete
independent-evaluation,hotpotqa,5ac4244c5542991943173930,train,2026080217,328,primary,primary,complete
independent-evaluation,hotpotqa,5ac42606554299076e296d72,train,2026080217,348,primary,primary,complete
independent-evaluation,hotpotqa,5ac437155542991943173947,train,2026080217,486,primary,primary,complete
independent-evaluation,hotpotqa,5ac43bea5542995c82c4ad03,train,2026080217,35,primary,primary,complete
independent-evaluation,hotpotqa,5ac43d345542997ea680ca38,train,2026080217,513,primary,primary,complete
independent-evaluation,hotpotqa,5ac493705542996feb3fe8de,train,2026080217,416,primary,primary,complete
independent-evaluation,hotpotqa,5ac494655542996feb3fe8e5,train,2026080217,86,primary,primary,complete
independent-evaluation,hotpotqa,5ac499945542996feb3fe904,train,2026080217,71,primary,primary,complete
independent-evaluation,hotpotqa,5ac4c435554299076e296df5,train,2026080217,402,primary,primary,complete
independent-evaluation,hotpotqa,5ac4d5de55429919431739e8,train,2026080217,245,primary,primary,complete
independent-evaluation,hotpotqa,5ac512ad5542996feb3fe9ec,train,2026080217,211,primary,primary,complete
independent-evaluation,hotpotqa,5ac512e45542994611c8b366,train,2026080217,313,primary,primary,complete
independent-evaluation,hotpotqa,5ac516445542994611c8b37a,train,2026080217,580,primary,primary,complete
independent-evaluation,hotpotqa,5ac5331a5542994611c8b426,train,2026080217,232,primary,primary,complete
independent-evaluation,hotpotqa,5ac547595542994611c8b489,train,2026080217,399,primary,primary,complete
independent-evaluation,hotpotqa,5ac55d225542993e66e82358,train,2026080217,566,primary,primary,complete
independent-evaluation,hotpotqa,5ac562015542993e66e823bb,train,2026080217,13,primary,primary,complete
independent-evaluation,hotpotqa,5ac562695542993e66e823c7,train,2026080217,557,primary,primary,complete
independent-evaluation,hotpotqa,5adbcc99554299438c868cb4,train,2026080217,50,primary,primary,complete
independent-evaluation,hotpotqa,5adbdae25542994650320c06,train,2026080217,288,primary,primary,complete
independent-evaluation,hotpotqa,5adbdefa5542996e6852526a,train,2026080217,564,primary,primary,complete
independent-evaluation,hotpotqa,5adbe4ab554299438c868cce,train,2026080217,23,primary,primary,complete
independent-evaluation,hotpotqa,5adbe7a05542996e68525279,train,2026080217,96,primary,primary,complete
independent-evaluation,hotpotqa,5adbf3ac55429944faac23cc,train,2026080217,94,primary,primary,complete
independent-evaluation,hotpotqa,5adc01ab55429947ff1738b2,train,2026080217,227,primary,primary,complete
independent-evaluation,hotpotqa,5adc0f05554299438c868d18,train,2026080217,208,primary,primary,complete
independent-evaluation,hotpotqa,5adc195055429944faac241b,train,2026080217,443,primary,primary,complete
independent-evaluation,hotpotqa,5adc1f6455429944faac2430,train,2026080217,360,primary,primary,complete
independent-evaluation,hotpotqa,5adc369155429947ff17390e,train,2026080217,218,primary,primary,complete
independent-evaluation,hotpotqa,5adc788855429944faac24de,train,2026080217,269,primary,primary,complete
independent-evaluation,hotpotqa,5adcb6a05542994d58a2f6a9,train,2026080217,413,primary,primary,complete
independent-evaluation,hotpotqa,5adce88255429947343537c8,train,2026080217,274,primary,primary,complete
independent-evaluation,hotpotqa,5adcf29b5542992c1e3a24cc,train,2026080217,459,primary,primary,complete
independent-evaluation,hotpotqa,5add06df5542994d58a2f746,train,2026080217,581,primary,primary,complete
independent-evaluation,hotpotqa,5add1b9b5542992c1e3a253b,train,2026080217,431,primary,primary,complete
independent-evaluation,hotpotqa,5add1bd8554299473435384f,train,2026080217,220,primary,primary,complete
independent-evaluation,hotpotqa,5add281e5542994734353884,train,2026080217,514,primary,primary,complete
independent-evaluation,hotpotqa,5add293a5542994ed6169ca2,train,2026080217,306,primary,primary,complete
independent-evaluation,hotpotqa,5add44595542995b365faae4,train,2026080217,481,primary,primary,complete
independent-evaluation,hotpotqa,5add46a15542995b365faaf0,train,2026080217,297,primary,primary,complete
independent-evaluation,hotpotqa,5add4c785542990dbb2f7e1a,train,2026080217,352,primary,primary,complete
independent-evaluation,hotpotqa,5add66cd5542995b365fab29,train,2026080217,78,primary,primary,complete
independent-evaluation,hotpotqa,5addcb035542997dc7907032,train,2026080217,587,primary,primary,complete
independent-evaluation,hotpotqa,5adde5f85542992200553b91,train,2026080217,189,primary,primary,complete
independent-evaluation,hotpotqa,5addf3f35542990dbb2f7f0f,train,2026080217,447,primary,primary,complete
independent-evaluation,hotpotqa,5addfb3f5542992200553bbf,train,2026080217,479,primary,primary,complete
independent-evaluation,hotpotqa,5addfc535542992200553bc6,train,2026080217,271,primary,primary,complete
independent-evaluation,hotpotqa,5ade15ee5542990dbb2f7f4d,train,2026080217,40,primary,primary,complete
independent-evaluation,hotpotqa,5ade18eb55429939a52fe814,train,2026080217,53,primary,primary,complete
independent-evaluation,hotpotqa,5ade23cf5542990dbb2f7f5b,train,2026080217,484,primary,primary,complete
independent-evaluation,hotpotqa,5ade54c25542992fa25da751,train,2026080217,255,primary,primary,complete
independent-evaluation,hotpotqa,5ade5c06554299728e26c6e2,train,2026080217,270,primary,primary,complete
independent-evaluation,hotpotqa,5ade63d1554299728e26c70e,train,2026080217,56,primary,primary,complete
independent-evaluation,hotpotqa,5ade8c0c55429975fa854f05,train,2026080217,66,primary,primary,complete
independent-evaluation,hotpotqa,5ade8dc655429939a52fe8f4,train,2026080217,46,primary,primary,complete
independent-evaluation,hotpotqa,5ade93315542997c77adee5f,train,2026080217,400,primary,primary,complete
independent-evaluation,hotpotqa,5ade984b554299728e26c754,train,2026080217,130,primary,primary,complete
independent-evaluation,hotpotqa,5adee51f5542995ec70e8f3e,train,2026080217,584,primary,primary,complete
independent-evaluation,hotpotqa,5adefcbb5542992d7e9f9266,train,2026080217,392,primary,primary,complete
independent-evaluation,hotpotqa,5adf1fea5542993344016beb,train,2026080217,263,primary,primary,complete
independent-evaluation,hotpotqa,5adf32d95542993344016c17,train,2026080217,145,primary,primary,complete
independent-evaluation,hotpotqa,5adf52585542995ec70e8fc2,train,2026080217,106,primary,primary,complete
independent-evaluation,hotpotqa,5adf54605542993a75d264c6,train,2026080217,279,primary,primary,complete
independent-evaluation,hotpotqa,5adf6d4f5542995ec70e9001,train,2026080217,322,primary,primary,complete
independent-evaluation,hotpotqa,5adf8dc45542995534e8c7e3,train,2026080217,134,primary,primary,complete
independent-evaluation,hotpotqa,5adf8f045542993344016d0a,train,2026080217,169,primary,primary,complete
independent-evaluation,hotpotqa,5adfa8ac55429942ec259add,train,2026080217,438,primary,primary,complete
independent-evaluation,hotpotqa,5adfb18c55429942ec259afb,train,2026080217,412,primary,primary,complete
independent-evaluation,hotpotqa,5adfb29f554299603e418374,train,2026080217,554,primary,primary,complete
independent-evaluation,hotpotqa,5adfe4ac55429925eb1afb05,train,2026080217,466,primary,primary,complete
independent-evaluation,hotpotqa,5adfe63355429942ec259b75,train,2026080217,73,primary,primary,complete
independent-evaluation,hotpotqa,5adfe89955429925eb1afb22,train,2026080217,283,primary,primary,complete
independent-evaluation,hotpotqa,5adfeb1b55429925eb1afb2c,train,2026080217,537,primary,primary,complete
independent-evaluation,hotpotqa,5adfeee155429942ec259b9b,train,2026080217,168,primary,primary,complete
independent-evaluation,hotpotqa,5adff1a555429925eb1afb5f,train,2026080217,577,primary,primary,complete
independent-evaluation,hotpotqa,5adffddc55429942ec259bc2,train,2026080217,350,primary,primary,complete
independent-evaluation,hotpotqa,5ae0015755429942ec259bd4,train,2026080217,143,primary,primary,complete
independent-evaluation,hotpotqa,5ae0165255429942ec259c17,train,2026080217,501,primary,primary,complete
independent-evaluation,hotpotqa,5ae018cc55429925eb1afc10,train,2026080217,74,primary,primary,complete
independent-evaluation,hotpotqa,5ae0550255429906c02daacf,train,2026080217,315,primary,primary,complete
independent-evaluation,hotpotqa,5ae05c3155429924de1b70b0,train,2026080217,127,primary,primary,complete
independent-evaluation,hotpotqa,5ae05c7155429945ae959347,train,2026080217,559,primary,primary,complete
independent-evaluation,hotpotqa,5ae09e7955429906c02daae7,train,2026080217,496,primary,primary,complete
independent-evaluation,hotpotqa,5ae0a5d05542993d6555ebe2,train,2026080217,141,primary,primary,complete
independent-evaluation,hotpotqa,5ae0b70255429945ae959439,train,2026080217,403,primary,primary,complete
independent-evaluation,hotpotqa,5ae0ba4555429906c02dab05,train,2026080217,579,primary,primary,complete
independent-evaluation,hotpotqa,5ae0e5f1554299422ee9954a,train,2026080217,107,primary,primary,complete
independent-evaluation,hotpotqa,5ae0f2ad5542997b2ef7d09d,train,2026080217,176,primary,primary,complete
independent-evaluation,hotpotqa,5ae10cd055429901ffe4ad2a,train,2026080217,511,primary,primary,complete
independent-evaluation,hotpotqa,5ae1191555429901ffe4ad86,train,2026080217,252,primary,primary,complete
independent-evaluation,hotpotqa,5ae127dd5542997b2ef7d10e,train,2026080217,286,primary,primary,complete
independent-evaluation,hotpotqa,5ae137a155429901ffe4adfe,train,2026080217,195,primary,primary,complete
independent-evaluation,hotpotqa,5ae144d9554299422ee99653,train,2026080217,5,primary,primary,complete
independent-evaluation,hotpotqa,5ae14b3355429920d52343a9,train,2026080217,541,primary,primary,complete
independent-evaluation,hotpotqa,5ae158f155429901ffe4ae79,train,2026080217,590,primary,primary,complete
independent-evaluation,hotpotqa,5ae169335542997b2ef7d1dc,train,2026080217,549,primary,primary,complete
independent-evaluation,hotpotqa,5ae1828355429901ffe4aede,train,2026080217,427,primary,primary,complete
independent-evaluation,hotpotqa,5ae19578554299234fd0429f,train,2026080217,119,primary,primary,complete
independent-evaluation,hotpotqa,5ae197d0554299492dc91b4f,train,2026080217,351,primary,primary,complete
independent-evaluation,hotpotqa,5ae1b3c1554299492dc91b72,train,2026080217,502,primary,primary,complete
independent-evaluation,hotpotqa,5ae1d8b0554299422ee996a1,train,2026080217,282,primary,primary,complete
independent-evaluation,hotpotqa,5ae1dd86554299492dc91ba9,train,2026080217,423,primary,primary,complete
independent-evaluation,hotpotqa,5ae1e3965542997f29b3c16a,train,2026080217,388,primary,primary,complete
independent-evaluation,hotpotqa,5ae20455554299234fd0439a,train,2026080217,558,primary,primary,complete
independent-evaluation,hotpotqa,5ae22a3b554299495565da1b,train,2026080217,247,primary,primary,complete
independent-evaluation,hotpotqa,5ae235ef5542992decbdcc67,train,2026080217,506,primary,primary,complete
independent-evaluation,hotpotqa,5ae244ac5542996483e6494e,train,2026080217,493,primary,primary,complete
independent-evaluation,hotpotqa,5ae252af5542994d89d5b3d6,train,2026080217,184,primary,primary,complete
independent-evaluation,hotpotqa,5ae261185542994d89d5b3ff,train,2026080217,411,primary,primary,complete
independent-evaluation,hotpotqa,5ae28c19554299495565daab,train,2026080217,137,primary,primary,complete
independent-evaluation,hotpotqa,5ae29d175542992decbdcd56,train,2026080217,487,primary,primary,complete
independent-evaluation,hotpotqa,5ae2a4c7554299495565db04,train,2026080217,408,primary,primary,complete
independent-evaluation,hotpotqa,5ae2cc975542996483e64a6b,train,2026080217,10,primary,primary,complete
independent-evaluation,hotpotqa,5ae2d1155542996483e64a7a,train,2026080217,257,primary,primary,complete
independent-evaluation,hotpotqa,5ae2ed275542991a06ce9906,train,2026080217,586,primary,primary,complete
independent-evaluation,hotpotqa,5ae321c35542994393b9e61a,train,2026080217,109,primary,primary,complete
independent-evaluation,hotpotqa,5ae3254355429928c4239631,train,2026080217,597,primary,primary,complete
independent-evaluation,hotpotqa,5ae334965542992f92d82242,train,2026080217,331,primary,primary,complete
independent-evaluation,hotpotqa,5ae336c65542990afbd1e0e2,train,2026080217,588,primary,primary,complete
independent-evaluation,hotpotqa,5ae33d605542992f92d8226b,train,2026080217,381,primary,primary,complete
independent-evaluation,hotpotqa,5ae344495542990afbd1e100,train,2026080217,441,primary,primary,complete
independent-evaluation,hotpotqa,5ae351795542990afbd1e10a,train,2026080217,489,primary,primary,complete
independent-evaluation,hotpotqa,5ae3570d5542992f92d82298,train,2026080217,115,primary,primary,complete
independent-evaluation,hotpotqa,5ae35f235542990afbd1e122,train,2026080217,52,primary,primary,complete
independent-evaluation,hotpotqa,5ae360155542991a06ce99a7,train,2026080217,37,primary,primary,complete
independent-evaluation,hotpotqa,5ae364585542994393b9e6a7,train,2026080217,83,primary,primary,complete
independent-evaluation,hotpotqa,5ae381875542991a06ce99d7,train,2026080217,191,primary,primary,complete
independent-evaluation,hotpotqa,5ae3c03d5542992e3233c475,train,2026080217,430,primary,primary,complete
independent-evaluation,hotpotqa,5ae3c35b5542992f92d8236f,train,2026080217,542,primary,primary,complete
independent-evaluation,hotpotqa,5ae3e1085542992e3233c49b,train,2026080217,531,primary,primary,complete
independent-evaluation,hotpotqa,5ae3e5605542994393b9e79c,train,2026080217,410,primary,primary,complete
independent-evaluation,hotpotqa,5ae3eaf75542995dadf24250,train,2026080217,303,primary,primary,complete
independent-evaluation,hotpotqa,5ae3f0f35542995ad6573cb5,train,2026080217,51,primary,primary,complete
independent-evaluation,hotpotqa,5ae3fbf05542995dadf24285,train,2026080217,529,primary,primary,complete
independent-evaluation,hotpotqa,5ae40e8a55429970de88d8c8,train,2026080217,369,primary,primary,complete
independent-evaluation,hotpotqa,5ae420585542996836b02c44,train,2026080217,359,primary,primary,complete
independent-evaluation,hotpotqa,5ae4311a5542995ad6573d19,train,2026080217,319,primary,primary,complete
independent-evaluation,hotpotqa,5ae45c0655429970de88d946,train,2026080217,261,primary,primary,complete
independent-evaluation,hotpotqa,5ae46fba5542995ad6573d42,train,2026080217,560,primary,primary,complete
independent-evaluation,hotpotqa,5ae475c85542995ad6573d44,train,2026080217,477,primary,primary,complete
independent-evaluation,hotpotqa,5ae490525542995ad6573d98,train,2026080217,565,primary,primary,complete
independent-evaluation,hotpotqa,5ae498865542995dadf24369,train,2026080217,390,primary,primary,complete
independent-evaluation,hotpotqa,5ae499ab5542996836b02ce7,train,2026080217,519,primary,primary,complete
independent-evaluation,hotpotqa,5ae49f635542995dadf2437c,train,2026080217,550,primary,primary,complete
independent-evaluation,hotpotqa,5ae4ad685542995dadf243a6,train,2026080217,553,primary,primary,complete
independent-evaluation,hotpotqa,5ae4b83a55429913cc2044e1,train,2026080217,540,primary,primary,complete
independent-evaluation,hotpotqa,5ae4bf7a5542995ad6573e3d,train,2026080217,254,primary,primary,complete
independent-evaluation,hotpotqa,5ae4cd385542990ba0bbb146,train,2026080217,445,primary,primary,complete
independent-evaluation,hotpotqa,5ae4d2795542993aec5ec0dc,train,2026080217,377,primary,primary,complete
independent-evaluation,hotpotqa,5ae4e16355429913cc20452b,train,2026080217,80,primary,primary,complete
independent-evaluation,hotpotqa,5ae4eb7355429913cc204533,train,2026080217,512,primary,primary,complete
independent-evaluation,hotpotqa,5ae52f3a55429908b6326555,train,2026080217,146,primary,primary,complete
independent-evaluation,hotpotqa,5ae5344a5542992663a4f15f,train,2026080217,102,primary,primary,complete
independent-evaluation,hotpotqa,5ae535cb5542992663a4f167,train,2026080217,367,primary,primary,complete
independent-evaluation,hotpotqa,5ae53b7455429960a22e0287,train,2026080217,465,primary,primary,complete
independent-evaluation,hotpotqa,5ae53de755429960a22e0298,train,2026080217,233,primary,primary,complete
independent-evaluation,hotpotqa,5ae541fb55429908b63265bf,train,2026080217,353,primary,primary,complete
independent-evaluation,hotpotqa,5ae5b89a5542990ba0bbb2c3,train,2026080217,237,primary,primary,complete
independent-evaluation,hotpotqa,5ae5bf905542990ba0bbb2cb,train,2026080217,194,primary,primary,complete
independent-evaluation,hotpotqa,5ae5e1a55542996de7b71a55,train,2026080217,225,primary,primary,complete
independent-evaluation,hotpotqa,5ae5e64355429929b0807a08,train,2026080217,243,primary,primary,complete
independent-evaluation,hotpotqa,5ae5e6b5554299546bf82fae,train,2026080217,89,primary,primary,complete
independent-evaluation,hotpotqa,5ae600c05542996de7b71ae0,train,2026080217,223,primary,primary,complete
independent-evaluation,hotpotqa,5ae603de55429929b0807a57,train,2026080217,344,primary,primary,complete
independent-evaluation,hotpotqa,5ae608fc55429929b0807a92,train,2026080217,470,primary,primary,complete
independent-evaluation,hotpotqa,5ae60ae7554299546bf8302b,train,2026080217,461,primary,primary,complete
independent-evaluation,hotpotqa,5ae60c79554299546bf83035,train,2026080217,213,primary,primary,complete
independent-evaluation,hotpotqa,5ae60f90554299546bf83057,train,2026080217,293,primary,primary,complete
independent-evaluation,hotpotqa,5ae61a695542996de7b71b5d,train,2026080217,45,primary,primary,complete
independent-evaluation,hotpotqa,5ae63f8755429929b0807b02,train,2026080217,60,primary,primary,complete
independent-evaluation,hotpotqa,5ae645b455429908198fa56f,train,2026080217,1,primary,primary,complete
independent-evaluation,hotpotqa,5ae651fc55429908198fa584,train,2026080217,267,primary,primary,complete
independent-evaluation,hotpotqa,5ae65cb15542996d980e7b11,train,2026080217,196,primary,primary,complete
independent-evaluation,hotpotqa,5ae686025542996d980e7bdb,train,2026080217,151,primary,primary,complete
independent-evaluation,hotpotqa,5ae687155542996d980e7be2,train,2026080217,95,primary,primary,complete
independent-evaluation,hotpotqa,5ae693405542996d980e7c10,train,2026080217,156,primary,primary,complete
independent-evaluation,hotpotqa,5ae694075542996d980e7c15,train,2026080217,365,primary,primary,complete
independent-evaluation,hotpotqa,5ae6a02855429908198fa66d,train,2026080217,139,primary,primary,complete
independent-evaluation,hotpotqa,5ae6a6a85542996d980e7c6d,train,2026080217,571,primary,primary,complete
independent-evaluation,hotpotqa,5ae6a81a5542996d980e7c73,train,2026080217,18,primary,primary,complete
independent-evaluation,hotpotqa,5ae6b4c85542992ae0d16395,train,2026080217,480,primary,primary,complete
independent-evaluation,hotpotqa,5ae6d2a155429908198fa6c8,train,2026080217,253,primary,primary,complete
independent-evaluation,hotpotqa,5ae706d0554299572ea54689,train,2026080217,518,primary,primary,complete
independent-evaluation,hotpotqa,5ae70d81554299572ea54698,train,2026080217,455,primary,primary,complete
independent-evaluation,hotpotqa,5ae717135542995703ce8bcd,train,2026080217,374,primary,primary,complete
independent-evaluation,hotpotqa,5ae72c47554299572ea54755,train,2026080217,517,primary,primary,complete
independent-evaluation,hotpotqa,5ae739475542991e8301cbf3,train,2026080217,278,primary,primary,complete
independent-evaluation,hotpotqa,5ae73aff5542991e8301cc0a,train,2026080217,476,primary,primary,complete
independent-evaluation,hotpotqa,5ae742ff5542997b22f6a657,train,2026080217,217,primary,primary,complete
independent-evaluation,hotpotqa,5ae766535542995703ce8c14,train,2026080217,81,primary,primary,complete
independent-evaluation,hotpotqa,5ae767885542997b22f6a732,train,2026080217,25,primary,primary,complete
independent-evaluation,hotpotqa,5ae792d65542997b22f6a7af,train,2026080217,451,primary,primary,complete
independent-evaluation,hotpotqa,5ae7aaf15542997ec27276cd,train,2026080217,164,primary,primary,complete
independent-evaluation,hotpotqa,5ae7ab9d5542993210983eeb,train,2026080217,333,primary,primary,complete
independent-evaluation,hotpotqa,5ae7abbe554299540e5a5636,train,2026080217,336,primary,primary,complete
independent-evaluation,hotpotqa,5ae7df4b5542997ec27276f9,train,2026080217,592,primary,primary,complete
independent-evaluation,hotpotqa,5ae7e985554299540e5a568e,train,2026080217,318,primary,primary,complete
independent-evaluation,hotpotqa,5ae7f2b45542994a481bbe4d,train,2026080217,450,primary,primary,complete
independent-evaluation,hotpotqa,5ae80226554299321098402e,train,2026080217,27,primary,primary,complete
independent-evaluation,hotpotqa,5ae8236655429952e35eaa4e,train,2026080217,114,primary,primary,complete
independent-evaluation,hotpotqa,5ae8334955429952e35eaa8d,train,2026080217,543,primary,primary,complete
independent-evaluation,musique,2hop__100543_15014,train,2026080217,444,primary,primary,complete
independent-evaluation,musique,2hop__100610_15014,train,2026080217,481,primary,primary,complete
independent-evaluation,musique,2hop__102543_58128,train,2026080217,27,primary,primary,complete
independent-evaluation,musique,2hop__102789_75372,train,2026080217,379,primary,primary,complete
independent-evaluation,musique,2hop__102981_36414,train,2026080217,193,primary,primary,complete
independent-evaluation,musique,2hop__103771_23140,train,2026080217,273,primary,primary,complete
independent-evaluation,musique,2hop__103832_44224,train,2026080217,360,primary,primary,complete
independent-evaluation,musique,2hop__104567_56424,train,2026080217,171,primary,primary,complete
independent-evaluation,musique,2hop__105143_33141,train,2026080217,583,primary,primary,complete
independent-evaluation,musique,2hop__105388_89066,train,2026080217,560,primary,primary,complete
independent-evaluation,musique,2hop__105444_91789,train,2026080217,372,primary,primary,complete
independent-evaluation,musique,2hop__106125_79404,train,2026080217,454,primary,primary,complete
independent-evaluation,musique,2hop__106465_159597,train,2026080217,385,primary,primary,complete
independent-evaluation,musique,2hop__106745_43178,train,2026080217,188,primary,primary,complete
independent-evaluation,musique,2hop__106891_52230,train,2026080217,2,primary,primary,complete
independent-evaluation,musique,2hop__106945_79404,train,2026080217,462,primary,primary,complete
independent-evaluation,musique,2hop__107141_20314,train,2026080217,499,primary,primary,complete
independent-evaluation,musique,2hop__107208_91469,train,2026080217,333,primary,primary,complete
independent-evaluation,musique,2hop__107700_306274,train,2026080217,358,primary,primary,complete
independent-evaluation,musique,2hop__107798_37364,train,2026080217,31,primary,primary,complete
independent-evaluation,musique,2hop__108138_62766,train,2026080217,138,primary,primary,complete
independent-evaluation,musique,2hop__109254_37364,train,2026080217,337,primary,primary,complete
independent-evaluation,musique,2hop__109340_170204,train,2026080217,184,primary,primary,complete
independent-evaluation,musique,2hop__11212_11179,train,2026080217,510,primary,primary,complete
independent-evaluation,musique,2hop__11583_40786,train,2026080217,371,primary,primary,complete
independent-evaluation,musique,2hop__116079_376745,train,2026080217,438,primary,primary,complete
independent-evaluation,musique,2hop__11799_2083,train,2026080217,439,primary,primary,complete
independent-evaluation,musique,2hop__118280_598373,train,2026080217,405,primary,primary,complete
independent-evaluation,musique,2hop__12069_12058,train,2026080217,232,primary,primary,complete
independent-evaluation,musique,2hop__120705_4688,train,2026080217,126,primary,primary,complete
independent-evaluation,musique,2hop__121341_834952,train,2026080217,262,primary,primary,complete
independent-evaluation,musique,2hop__121590_86840,train,2026080217,339,primary,primary,complete
independent-evaluation,musique,2hop__122463_86840,train,2026080217,123,primary,primary,complete
independent-evaluation,musique,2hop__12247_92216,train,2026080217,464,primary,primary,complete
independent-evaluation,musique,2hop__12474_446818,train,2026080217,415,primary,primary,complete
independent-evaluation,musique,2hop__127789_781580,train,2026080217,558,primary,primary,complete
independent-evaluation,musique,2hop__128598_11441,train,2026080217,61,primary,primary,complete
independent-evaluation,musique,2hop__128598_11443,train,2026080217,441,primary,primary,complete
independent-evaluation,musique,2hop__128724_333219,train,2026080217,282,primary,primary,complete
independent-evaluation,musique,2hop__128772_745471,train,2026080217,225,primary,primary,complete
independent-evaluation,musique,2hop__128806_205185,train,2026080217,165,primary,primary,complete
independent-evaluation,musique,2hop__128895_11424,train,2026080217,114,primary,primary,complete
independent-evaluation,musique,2hop__128895_90736,train,2026080217,376,primary,primary,complete
independent-evaluation,musique,2hop__129047_86587,train,2026080217,472,primary,primary,complete
independent-evaluation,musique,2hop__129075_85808,train,2026080217,595,primary,primary,complete
independent-evaluation,musique,2hop__129113_92585,train,2026080217,321,primary,primary,complete
independent-evaluation,musique,2hop__129242_45439,train,2026080217,274,primary,primary,complete
independent-evaluation,musique,2hop__129312_200897,train,2026080217,50,primary,primary,complete
independent-evaluation,musique,2hop__129312_555599,train,2026080217,535,primary,primary,complete
independent-evaluation,musique,2hop__129333_64008,train,2026080217,81,primary,primary,complete
independent-evaluation,musique,2hop__129571_609442,train,2026080217,113,primary,primary,complete
independent-evaluation,musique,2hop__129572_47336,train,2026080217,131,primary,primary,complete
independent-evaluation,musique,2hop__129703_45439,train,2026080217,467,primary,primary,complete
independent-evaluation,musique,2hop__130004_52453,train,2026080217,493,primary,primary,complete
independent-evaluation,musique,2hop__130414_51968,train,2026080217,549,primary,primary,complete
independent-evaluation,musique,2hop__130637_92585,train,2026080217,325,primary,primary,complete
independent-evaluation,musique,2hop__130713_224276,train,2026080217,127,primary,primary,complete
independent-evaluation,musique,2hop__130780_53573,train,2026080217,375,primary,primary,complete
independent-evaluation,musique,2hop__130823_73753,train,2026080217,217,primary,primary,complete
independent-evaluation,musique,2hop__130868_92014,train,2026080217,562,primary,primary,complete
independent-evaluation,musique,2hop__131130_374419,train,2026080217,89,primary,primary,complete
independent-evaluation,musique,2hop__131209_43057,train,2026080217,180,primary,primary,complete
independent-evaluation,musique,2hop__131373_53519,train,2026080217,54,primary,primary,complete
independent-evaluation,musique,2hop__131701_158277,train,2026080217,596,primary,primary,complete
independent-evaluation,musique,2hop__131863_63766,train,2026080217,501,primary,primary,complete
independent-evaluation,musique,2hop__132711_653391,train,2026080217,410,primary,primary,complete
independent-evaluation,musique,2hop__134678_663471,train,2026080217,20,primary,primary,complete
independent-evaluation,musique,2hop__135339_53573,train,2026080217,172,primary,primary,complete
independent-evaluation,musique,2hop__135584_34638,train,2026080217,151,primary,primary,complete
independent-evaluation,musique,2hop__13631_13701,train,2026080217,490,primary,primary,complete
independent-evaluation,musique,2hop__136323_516766,train,2026080217,279,primary,primary,complete
independent-evaluation,musique,2hop__136503_92189,train,2026080217,563,primary,primary,complete
independent-evaluation,musique,2hop__136618_49870,train,2026080217,239,primary,primary,complete
independent-evaluation,musique,2hop__136633_49870,train,2026080217,546,primary,primary,complete
independent-evaluation,musique,2hop__136889_52356,train,2026080217,148,primary,primary,complete
independent-evaluation,musique,2hop__13778_15345,train,2026080217,267,primary,primary,complete
independent-evaluation,musique,2hop__140261_4681,train,2026080217,240,primary,primary,complete
independent-evaluation,musique,2hop__142478_20779,train,2026080217,429,primary,primary,complete
independent-evaluation,musique,2hop__142818_570414,train,2026080217,525,primary,primary,complete
independent-evaluation,musique,2hop__143153_226090,train,2026080217,251,primary,primary,complete
independent-evaluation,musique,2hop__143647_576190,train,2026080217,15,primary,primary,complete
independent-evaluation,musique,2hop__144393_87372,train,2026080217,287,primary,primary,complete
independent-evaluation,musique,2hop__144582_126070,train,2026080217,437,primary,primary,complete
independent-evaluation,musique,2hop__144758_79175,train,2026080217,299,primary,primary,complete
independent-evaluation,musique,2hop__144882_365684,train,2026080217,44,primary,primary,complete
independent-evaluation,musique,2hop__144937_119986,train,2026080217,101,primary,primary,complete
independent-evaluation,musique,2hop__144949_42292,train,2026080217,489,primary,primary,complete
independent-evaluation,musique,2hop__145019_91206,train,2026080217,122,primary,primary,complete
independent-evaluation,musique,2hop__145302_421384,train,2026080217,201,primary,primary,complete
independent-evaluation,musique,2hop__145417_500442,train,2026080217,568,primary,primary,complete
independent-evaluation,musique,2hop__145957_89481,train,2026080217,144,primary,primary,complete
independent-evaluation,musique,2hop__146459_42328,train,2026080217,476,primary,primary,complete
independent-evaluation,musique,2hop__146675_54580,train,2026080217,90,primary,primary,complete
independent-evaluation,musique,2hop__147304_744542,train,2026080217,331,primary,primary,complete
independent-evaluation,musique,2hop__147386_42255,train,2026080217,573,primary,primary,complete
independent-evaluation,musique,2hop__149704_107869,train,2026080217,168,primary,primary,complete
independent-evaluation,musique,2hop__149947_432788,train,2026080217,492,primary,primary,complete
independent-evaluation,musique,2hop__150690_653391,train,2026080217,194,primary,primary,complete
independent-evaluation,musique,2hop__150711_15815,train,2026080217,25,primary,primary,complete
independent-evaluation,musique,2hop__152895_542971,train,2026080217,203,primary,primary,complete
independent-evaluation,musique,2hop__153004_86587,train,2026080217,555,primary,primary,complete
independent-evaluation,musique,2hop__153048_73786,train,2026080217,153,primary,primary,complete
independent-evaluation,musique,2hop__157791_90774,train,2026080217,277,primary,primary,complete
independent-evaluation,musique,2hop__157856_726919,train,2026080217,459,primary,primary,complete
independent-evaluation,musique,2hop__158366_432112,train,2026080217,23,primary,primary,complete
independent-evaluation,musique,2hop__159116_44163,train,2026080217,491,primary,primary,complete
independent-evaluation,musique,2hop__159116_54206,train,2026080217,524,primary,primary,complete
independent-evaluation,musique,2hop__159583_50751,train,2026080217,449,primary,primary,complete
independent-evaluation,musique,2hop__160598_65075,train,2026080217,453,primary,primary,complete
independent-evaluation,musique,2hop__160794_158615,train,2026080217,576,primary,primary,complete
independent-evaluation,musique,2hop__161581_85088,train,2026080217,432,primary,primary,complete
independent-evaluation,musique,2hop__162308_88835,train,2026080217,260,primary,primary,complete
independent-evaluation,musique,2hop__164273_22041,train,2026080217,191,primary,primary,complete
independent-evaluation,musique,2hop__167272_53519,train,2026080217,559,primary,primary,complete
independent-evaluation,musique,2hop__16766_16772,train,2026080217,74,primary,primary,complete
independent-evaluation,musique,2hop__169108_61463,train,2026080217,302,primary,primary,complete
independent-evaluation,musique,2hop__171605_26603,train,2026080217,397,primary,primary,complete
independent-evaluation,musique,2hop__178917_80728,train,2026080217,224,primary,primary,complete
independent-evaluation,musique,2hop__181212_701819,train,2026080217,170,primary,primary,complete
independent-evaluation,musique,2hop__181992_51888,train,2026080217,108,primary,primary,complete
independent-evaluation,musique,2hop__183946_44637,train,2026080217,58,primary,primary,complete
independent-evaluation,musique,2hop__193120_159115,train,2026080217,427,primary,primary,complete
independent-evaluation,musique,2hop__196525_107869,train,2026080217,164,primary,primary,complete
independent-evaluation,musique,2hop__198602_2630,train,2026080217,257,primary,primary,complete
independent-evaluation,musique,2hop__202781_126055,train,2026080217,445,primary,primary,complete
independent-evaluation,musique,2hop__205146_92853,train,2026080217,18,primary,primary,complete
independent-evaluation,musique,2hop__205941_125776,train,2026080217,297,primary,primary,complete
independent-evaluation,musique,2hop__20717_261307,train,2026080217,411,primary,primary,complete
independent-evaluation,musique,2hop__20875_20724,train,2026080217,129,primary,primary,complete
independent-evaluation,musique,2hop__208855_694982,train,2026080217,161,primary,primary,complete
independent-evaluation,musique,2hop__21099_4303,train,2026080217,19,primary,primary,complete
independent-evaluation,musique,2hop__217525_52135,train,2026080217,478,primary,primary,complete
independent-evaluation,musique,2hop__218797_91206,train,2026080217,317,primary,primary,complete
independent-evaluation,musique,2hop__220241_72962,train,2026080217,109,primary,primary,complete
independent-evaluation,musique,2hop__22148_22183,train,2026080217,523,primary,primary,complete
independent-evaluation,musique,2hop__22215_22235,train,2026080217,460,primary,primary,complete
independent-evaluation,musique,2hop__22368_63835,train,2026080217,253,primary,primary,complete
independent-evaluation,musique,2hop__224515_112624,train,2026080217,300,primary,primary,complete
independent-evaluation,musique,2hop__225140_826724,train,2026080217,374,primary,primary,complete
independent-evaluation,musique,2hop__227249_61424,train,2026080217,349,primary,primary,complete
independent-evaluation,musique,2hop__229724_85512,train,2026080217,84,primary,primary,complete
independent-evaluation,musique,2hop__23133_67550,train,2026080217,336,primary,primary,complete
independent-evaluation,musique,2hop__23133_71774,train,2026080217,380,primary,primary,complete
independent-evaluation,musique,2hop__23203_23140,train,2026080217,314,primary,primary,complete
independent-evaluation,musique,2hop__232747_63644,train,2026080217,567,primary,primary,complete
independent-evaluation,musique,2hop__236626_61952,train,2026080217,110,primary,primary,complete
independent-evaluation,musique,2hop__240053_776926,train,2026080217,242,primary,primary,complete
independent-evaluation,musique,2hop__240124_77937,train,2026080217,588,primary,primary,complete
independent-evaluation,musique,2hop__242976_471321,train,2026080217,496,primary,primary,complete
independent-evaluation,musique,2hop__243_261307,train,2026080217,42,primary,primary,complete
independent-evaluation,musique,2hop__24408_677577,train,2026080217,49,primary,primary,complete
independent-evaluation,musique,2hop__24408_776856,train,2026080217,162,primary,primary,complete
independent-evaluation,musique,2hop__247946_539716,train,2026080217,468,primary,primary,complete
independent-evaluation,musique,2hop__253914_71986,train,2026080217,522,primary,primary,complete
independent-evaluation,musique,2hop__253914_90928,train,2026080217,83,primary,primary,complete
independent-evaluation,musique,2hop__2545_55578,train,2026080217,228,primary,primary,complete
independent-evaluation,musique,2hop__256667_99808,train,2026080217,520,primary,primary,complete
independent-evaluation,musique,2hop__258851_13292,train,2026080217,330,primary,primary,complete
independent-evaluation,musique,2hop__25901_872,train,2026080217,268,primary,primary,complete
independent-evaluation,musique,2hop__259828_673383,train,2026080217,346,primary,primary,complete
independent-evaluation,musique,2hop__260647_120034,train,2026080217,516,primary,primary,complete
independent-evaluation,musique,2hop__262448_49661,train,2026080217,21,primary,primary,complete
independent-evaluation,musique,2hop__264767_333219,train,2026080217,447,primary,primary,complete
independent-evaluation,musique,2hop__26541_26548,train,2026080217,220,primary,primary,complete
independent-evaluation,musique,2hop__269321_523858,train,2026080217,72,primary,primary,complete
independent-evaluation,musique,2hop__274993_47824,train,2026080217,128,primary,primary,complete
independent-evaluation,musique,2hop__275076_74218,train,2026080217,355,primary,primary,complete
independent-evaluation,musique,2hop__27666_53217,train,2026080217,569,primary,primary,complete
independent-evaluation,musique,2hop__278158_36134,train,2026080217,577,primary,primary,complete
independent-evaluation,musique,2hop__279137_85512,train,2026080217,51,primary,primary,complete
independent-evaluation,musique,2hop__281191_81633,train,2026080217,461,primary,primary,complete
independent-evaluation,musique,2hop__282065_107869,train,2026080217,208,primary,primary,complete
independent-evaluation,musique,2hop__282620_92189,train,2026080217,97,primary,primary,complete
independent-evaluation,musique,2hop__290964_8773,train,2026080217,296,primary,primary,complete
independent-evaluation,musique,2hop__29345_29358,train,2026080217,570,primary,primary,complete
independent-evaluation,musique,2hop__2964_2998,train,2026080217,78,primary,primary,complete
independent-evaluation,musique,2hop__302344_69489,train,2026080217,237,primary,primary,complete
independent-evaluation,musique,2hop__302491_81463,train,2026080217,261,primary,primary,complete
independent-evaluation,musique,2hop__303112_25111,train,2026080217,341,primary,primary,complete
independent-evaluation,musique,2hop__308998_161698,train,2026080217,38,primary,primary,complete
independent-evaluation,musique,2hop__309263_10690,train,2026080217,392,primary,primary,complete
independent-evaluation,musique,2hop__309914_80674,train,2026080217,167,primary,primary,complete
independent-evaluation,musique,2hop__311987_313216,train,2026080217,545,primary,primary,complete
independent-evaluation,musique,2hop__311987_776856,train,2026080217,455,primary,primary,complete
independent-evaluation,musique,2hop__313697_74242,train,2026080217,9,primary,primary,complete
independent-evaluation,musique,2hop__323052_176951,train,2026080217,394,primary,primary,complete
independent-evaluation,musique,2hop__3254_2999,train,2026080217,436,primary,primary,complete
independent-evaluation,musique,2hop__325682_3089,train,2026080217,364,primary,primary,complete
independent-evaluation,musique,2hop__329259_47465,train,2026080217,347,primary,primary,complete
independent-evaluation,musique,2hop__329687_83854,train,2026080217,506,primary,primary,complete
independent-evaluation,musique,2hop__331893_65151,train,2026080217,286,primary,primary,complete
independent-evaluation,musique,2hop__33326_92821,train,2026080217,284,primary,primary,complete
independent-evaluation,musique,2hop__33443_24815,train,2026080217,55,primary,primary,complete
independent-evaluation,musique,2hop__33881_158398,train,2026080217,256,primary,primary,complete
independent-evaluation,musique,2hop__341145_378383,train,2026080217,578,primary,primary,complete
independent-evaluation,musique,2hop__34130_56335,train,2026080217,526,primary,primary,complete
independent-evaluation,musique,2hop__341449_140497,train,2026080217,30,primary,primary,complete
independent-evaluation,musique,2hop__342191_55584,train,2026080217,408,primary,primary,complete
independent-evaluation,musique,2hop__343854_127375,train,2026080217,205,primary,primary,complete
independent-evaluation,musique,2hop__349670_160837,train,2026080217,266,primary,primary,complete
independent-evaluation,musique,2hop__350384_44637,train,2026080217,294,primary,primary,complete
independent-evaluation,musique,2hop__35466_77854,train,2026080217,298,primary,primary,complete
independent-evaluation,musique,2hop__35466_92121,train,2026080217,547,primary,primary,complete
independent-evaluation,musique,2hop__356546_61463,train,2026080217,335,primary,primary,complete
independent-evaluation,musique,2hop__36132_63634,train,2026080217,34,primary,primary,complete
independent-evaluation,musique,2hop__367125_58057,train,2026080217,276,primary,primary,complete
independent-evaluation,musique,2hop__368276_47878,train,2026080217,509,primary,primary,complete
independent-evaluation,musique,2hop__371014_40916,train,2026080217,182,primary,primary,complete
independent-evaluation,musique,2hop__37639_86587,train,2026080217,14,primary,primary,complete
independent-evaluation,musique,2hop__37715_36134,train,2026080217,130,primary,primary,complete
independent-evaluation,musique,2hop__37715_36170,train,2026080217,116,primary,primary,complete
independent-evaluation,musique,2hop__37715_99606,train,2026080217,399,primary,primary,complete
independent-evaluation,musique,2hop__377303_160137,train,2026080217,363,primary,primary,complete
independent-evaluation,musique,2hop__378410_493912,train,2026080217,353,primary,primary,complete
independent-evaluation,musique,2hop__378568_92014,train,2026080217,177,primary,primary,complete
independent-evaluation,musique,2hop__379285_776856,train,2026080217,293,primary,primary,complete
independent-evaluation,musique,2hop__380106_62776,train,2026080217,140,primary,primary,complete
independent-evaluation,musique,2hop__383181_72962,train,2026080217,592,primary,primary,complete
independent-evaluation,musique,2hop__385148_44637,train,2026080217,247,primary,primary,complete
independent-evaluation,musique,2hop__386993_565667,train,2026080217,343,primary,primary,complete
independent-evaluation,musique,2hop__387702_20661,train,2026080217,466,primary,primary,complete
independent-evaluation,musique,2hop__388457_61027,train,2026080217,420,primary,primary,complete
independent-evaluation,musique,2hop__389019_680902,train,2026080217,32,primary,primary,complete
independent-evaluation,musique,2hop__389727_126101,train,2026080217,146,primary,primary,complete
independent-evaluation,musique,2hop__390772_131909,train,2026080217,503,primary,primary,complete
independent-evaluation,musique,2hop__394403_85512,train,2026080217,312,primary,primary,complete
independent-evaluation,musique,2hop__395056_533616,train,2026080217,150,primary,primary,complete
independent-evaluation,musique,2hop__399196_89360,train,2026080217,200,primary,primary,complete
independent-evaluation,musique,2hop__402432_55584,train,2026080217,384,primary,primary,complete
independent-evaluation,musique,2hop__403635_126711,train,2026080217,484,primary,primary,complete
independent-evaluation,musique,2hop__40423_78066,train,2026080217,235,primary,primary,complete
independent-evaluation,musique,2hop__405919_686699,train,2026080217,145,primary,primary,complete
independent-evaluation,musique,2hop__407012_699835,train,2026080217,528,primary,primary,complete
independent-evaluation,musique,2hop__407706_161698,train,2026080217,11,primary,primary,complete
independent-evaluation,musique,2hop__408452_263710,train,2026080217,564,primary,primary,complete
independent-evaluation,musique,2hop__41219_84668,train,2026080217,514,primary,primary,complete
independent-evaluation,musique,2hop__412270_61232,train,2026080217,254,primary,primary,complete
independent-evaluation,musique,2hop__415725_62671,train,2026080217,393,primary,primary,complete
independent-evaluation,musique,2hop__4196_44760,train,2026080217,452,primary,primary,complete
independent-evaluation,musique,2hop__423094_421384,train,2026080217,409,primary,primary,complete
independent-evaluation,musique,2hop__430752_55607,train,2026080217,382,primary,primary,complete
independent-evaluation,musique,2hop__434198_52794,train,2026080217,362,primary,primary,complete
independent-evaluation,musique,2hop__434299_59978,train,2026080217,269,primary,primary,complete
independent-evaluation,musique,2hop__435697_141689,train,2026080217,597,primary,primary,complete
independent-evaluation,musique,2hop__437995_10038,train,2026080217,340,primary,primary,complete
independent-evaluation,musique,2hop__441209_191233,train,2026080217,344,primary,primary,complete
independent-evaluation,musique,2hop__441209_20497,train,2026080217,142,primary,primary,complete
independent-evaluation,musique,2hop__441853_8682,train,2026080217,209,primary,primary,complete
independent-evaluation,musique,2hop__443584_86295,train,2026080217,48,primary,primary,complete
independent-evaluation,musique,2hop__445223_1094,train,2026080217,553,primary,primary,complete
independent-evaluation,musique,2hop__455598_662562,train,2026080217,121,primary,primary,complete
independent-evaluation,musique,2hop__45769_37433,train,2026080217,29,primary,primary,complete
independent-evaluation,musique,2hop__45769_82816,train,2026080217,152,primary,primary,complete
independent-evaluation,musique,2hop__46990_85207,train,2026080217,448,primary,primary,complete
independent-evaluation,musique,2hop__47087_13787,train,2026080217,303,primary,primary,complete
independent-evaluation,musique,2hop__471543_140916,train,2026080217,424,primary,primary,complete
independent-evaluation,musique,2hop__472106_10369,train,2026080217,181,primary,primary,complete
independent-evaluation,musique,2hop__477239_70763,train,2026080217,186,primary,primary,complete
independent-evaluation,musique,2hop__48264_13787,train,2026080217,593,primary,primary,complete
independent-evaluation,musique,2hop__484058_269657,train,2026080217,542,primary,primary,complete
independent-evaluation,musique,2hop__486893_14960,train,2026080217,141,primary,primary,complete
independent-evaluation,musique,2hop__490962_62766,train,2026080217,233,primary,primary,complete
independent-evaluation,musique,2hop__491220_11179,train,2026080217,291,primary,primary,complete
independent-evaluation,musique,2hop__493167_161223,train,2026080217,137,primary,primary,complete
independent-evaluation,musique,2hop__493167_90697,train,2026080217,425,primary,primary,complete
independent-evaluation,musique,2hop__49730_159536,train,2026080217,338,primary,primary,complete
independent-evaluation,musique,2hop__497968_208194,train,2026080217,46,primary,primary,complete
independent-evaluation,musique,2hop__498836_120034,train,2026080217,557,primary,primary,complete
independent-evaluation,musique,2hop__502818_14183,train,2026080217,352,primary,primary,complete
independent-evaluation,musique,2hop__507864_88978,train,2026080217,442,primary,primary,complete
independent-evaluation,musique,2hop__508108_838537,train,2026080217,63,primary,primary,complete
independent-evaluation,musique,2hop__513910_87112,train,2026080217,272,primary,primary,complete
independent-evaluation,musique,2hop__51824_12055,train,2026080217,315,primary,primary,complete
independent-evaluation,musique,2hop__520609_18221,train,2026080217,422,primary,primary,complete
independent-evaluation,musique,2hop__526427_135710,train,2026080217,241,primary,primary,complete
independent-evaluation,musique,2hop__52817_33141,train,2026080217,204,primary,primary,complete
independent-evaluation,musique,2hop__528837_126102,train,2026080217,250,primary,primary,complete
independent-evaluation,musique,2hop__529677_107048,train,2026080217,4,primary,primary,complete
independent-evaluation,musique,2hop__532485_36414,train,2026080217,407,primary,primary,complete
independent-evaluation,musique,2hop__53520_57175,train,2026080217,356,primary,primary,complete
independent-evaluation,musique,2hop__5371_74242,train,2026080217,264,primary,primary,complete
independent-evaluation,musique,2hop__53941_639038,train,2026080217,369,primary,primary,complete
independent-evaluation,musique,2hop__542606_269657,train,2026080217,104,primary,primary,complete
independent-evaluation,musique,2hop__543728_176951,train,2026080217,278,primary,primary,complete
independent-evaluation,musique,2hop__545810_754472,train,2026080217,64,primary,primary,complete
independent-evaluation,musique,2hop__558175_3089,train,2026080217,488,primary,primary,complete
independent-evaluation,musique,2hop__568561_55578,train,2026080217,426,primary,primary,complete
independent-evaluation,musique,2hop__568612_2702,train,2026080217,288,primary,primary,complete
independent-evaluation,musique,2hop__568848_86295,train,2026080217,5,primary,primary,complete
independent-evaluation,musique,2hop__5837_400874,train,2026080217,446,primary,primary,complete
independent-evaluation,musique,2hop__586654_36340,train,2026080217,236,primary,primary,complete
independent-evaluation,musique,2hop__589943_73460,train,2026080217,118,primary,primary,complete
independent-evaluation,musique,2hop__593379_42328,train,2026080217,473,primary,primary,complete
independent-evaluation,musique,2hop__599994_62671,train,2026080217,86,primary,primary,complete
independent-evaluation,musique,2hop__603984_126045,train,2026080217,230,primary,primary,complete
independent-evaluation,musique,2hop__605174_46031,train,2026080217,301,primary,primary,complete
independent-evaluation,musique,2hop__60984_44352,train,2026080217,494,primary,primary,complete
independent-evaluation,musique,2hop__609941_604915,train,2026080217,22,primary,primary,complete
independent-evaluation,musique,2hop__611623_49333,train,2026080217,295,primary,primary,complete
independent-evaluation,musique,2hop__612415_34197,train,2026080217,401,primary,primary,complete
independent-evaluation,musique,2hop__614635_126070,train,2026080217,47,primary,primary,complete
independent-evaluation,musique,2hop__62355_15928,train,2026080217,221,primary,primary,complete
independent-evaluation,musique,2hop__627883_81633,train,2026080217,305,primary,primary,complete
independent-evaluation,musique,2hop__63001_699691,train,2026080217,248,primary,primary,complete
independent-evaluation,musique,2hop__631583_55584,train,2026080217,502,primary,primary,complete
independent-evaluation,musique,2hop__633868_136211,train,2026080217,57,primary,primary,complete
independent-evaluation,musique,2hop__6347_403930,train,2026080217,65,primary,primary,complete
independent-evaluation,musique,2hop__63539_84323,train,2026080217,323,primary,primary,complete
independent-evaluation,musique,2hop__635419_434,train,2026080217,388,primary,primary,complete
independent-evaluation,musique,2hop__637595_686699,train,2026080217,450,primary,primary,complete
independent-evaluation,musique,2hop__639634_559402,train,2026080217,378,primary,primary,complete
independent-evaluation,musique,2hop__640556_8477,train,2026080217,222,primary,primary,complete
independent-evaluation,musique,2hop__641468_112624,train,2026080217,313,primary,primary,complete
independent-evaluation,musique,2hop__642270_44959,train,2026080217,367,primary,primary,complete
independent-evaluation,musique,2hop__642271_608104,train,2026080217,71,primary,primary,complete
independent-evaluation,musique,2hop__643230_135045,train,2026080217,511,primary,primary,complete
independent-evaluation,musique,2hop__644901_89360,train,2026080217,73,primary,primary,complete
independent-evaluation,musique,2hop__645266_1863,train,2026080217,157,primary,primary,complete
independent-evaluation,musique,2hop__647590_134798,train,2026080217,207,primary,primary,complete
independent-evaluation,musique,2hop__650427_36388,train,2026080217,259,primary,primary,complete
independent-evaluation,musique,2hop__650508_158398,train,2026080217,174,primary,primary,complete
independent-evaluation,musique,2hop__654531_728372,train,2026080217,357,primary,primary,complete
independent-evaluation,musique,2hop__657600_67650,train,2026080217,158,primary,primary,complete
independent-evaluation,musique,2hop__657975_78497,train,2026080217,324,primary,primary,complete
independent-evaluation,musique,2hop__664413_44191,train,2026080217,566,primary,primary,complete
independent-evaluation,musique,2hop__664486_294980,train,2026080217,160,primary,primary,complete
independent-evaluation,musique,2hop__664961_83050,train,2026080217,421,primary,primary,complete
independent-evaluation,musique,2hop__672634_285802,train,2026080217,504,primary,primary,complete
independent-evaluation,musique,2hop__675093_10369,train,2026080217,311,primary,primary,complete
independent-evaluation,musique,2hop__677073_62302,train,2026080217,404,primary,primary,complete
independent-evaluation,musique,2hop__677279_5365,train,2026080217,534,primary,primary,complete
independent-evaluation,musique,2hop__679514_47314,train,2026080217,198,primary,primary,complete
independent-evaluation,musique,2hop__680253_523858,train,2026080217,598,primary,primary,complete
independent-evaluation,musique,2hop__681648_89167,train,2026080217,434,primary,primary,complete
independent-evaluation,musique,2hop__682716_373394,train,2026080217,134,primary,primary,complete
independent-evaluation,musique,2hop__683278_85808,train,2026080217,541,primary,primary,complete
independent-evaluation,musique,2hop__684109_351187,train,2026080217,10,primary,primary,complete
independent-evaluation,musique,2hop__686908_13703,train,2026080217,550,primary,primary,complete
independent-evaluation,musique,2hop__687848_62671,train,2026080217,413,primary,primary,complete
independent-evaluation,musique,2hop__697916_75671,train,2026080217,100,primary,primary,complete
independent-evaluation,musique,2hop__70082_2578,train,2026080217,479,primary,primary,complete
independent-evaluation,musique,2hop__700846_162108,train,2026080217,497,primary,primary,complete
independent-evaluation,musique,2hop__703407_3953,train,2026080217,587,primary,primary,complete
independent-evaluation,musique,2hop__70389_15928,train,2026080217,517,primary,primary,complete
independent-evaluation,musique,2hop__706311_694982,train,2026080217,435,primary,primary,complete
independent-evaluation,musique,2hop__706410_176951,train,2026080217,591,primary,primary,complete
independent-evaluation,musique,2hop__708764_161223,train,2026080217,169,primary,primary,complete
independent-evaluation,musique,2hop__71102_23194,train,2026080217,3,primary,primary,complete
independent-evaluation,musique,2hop__711779_47348,train,2026080217,111,primary,primary,complete
independent-evaluation,musique,2hop__71611_639038,train,2026080217,70,primary,primary,complete
independent-evaluation,musique,2hop__719596_141689,train,2026080217,418,primary,primary,complete
independent-evaluation,musique,2hop__720282_565529,train,2026080217,319,primary,primary,complete
independent-evaluation,musique,2hop__72156_20556,train,2026080217,395,primary,primary,complete
independent-evaluation,musique,2hop__727985_467995,train,2026080217,480,primary,primary,complete
independent-evaluation,musique,2hop__730063_85890,train,2026080217,433,primary,primary,complete
independent-evaluation,musique,2hop__730724_24846,train,2026080217,359,primary,primary,complete
independent-evaluation,musique,2hop__732672_14970,train,2026080217,320,primary,primary,complete
independent-evaluation,musique,2hop__737658_59195,train,2026080217,406,primary,primary,complete
independent-evaluation,musique,2hop__739562_26382,train,2026080217,62,primary,primary,complete
independent-evaluation,musique,2hop__740052_64214,train,2026080217,515,primary,primary,complete
independent-evaluation,musique,2hop__74369_15928,train,2026080217,402,primary,primary,complete
independent-evaluation,musique,2hop__748879_776926,train,2026080217,223,primary,primary,complete
independent-evaluation,musique,2hop__749254_58953,train,2026080217,285,primary,primary,complete
independent-evaluation,musique,2hop__75364_26062,train,2026080217,579,primary,primary,complete
independent-evaluation,musique,2hop__754196_8477,train,2026080217,571,primary,primary,complete
independent-evaluation,musique,2hop__764465_126539,train,2026080217,326,primary,primary,complete
independent-evaluation,musique,2hop__770_917,train,2026080217,381,primary,primary,complete
independent-evaluation,musique,2hop__77119_20724,train,2026080217,107,primary,primary,complete
independent-evaluation,musique,2hop__77119_42892,train,2026080217,37,primary,primary,complete
independent-evaluation,musique,2hop__773467_677577,train,2026080217,85,primary,primary,complete
independent-evaluation,musique,2hop__775709_160978,train,2026080217,244,primary,primary,complete
independent-evaluation,musique,2hop__778539_131909,train,2026080217,136,primary,primary,complete
independent-evaluation,musique,2hop__779013_46285,train,2026080217,306,primary,primary,complete
independent-evaluation,musique,2hop__780503_126055,train,2026080217,589,primary,primary,complete
independent-evaluation,musique,2hop__781567_10038,train,2026080217,95,primary,primary,complete
independent-evaluation,musique,2hop__785495_565529,train,2026080217,119,primary,primary,complete
independent-evaluation,musique,2hop__792870_75878,train,2026080217,67,primary,primary,complete
independent-evaluation,musique,2hop__794469_158069,train,2026080217,12,primary,primary,complete
independent-evaluation,musique,2hop__795588_126101,train,2026080217,87,primary,primary,complete
independent-evaluation,musique,2hop__796602_52453,train,2026080217,271,primary,primary,complete
independent-evaluation,musique,2hop__798439_64689,train,2026080217,590,primary,primary,complete
independent-evaluation,musique,2hop__799027_776926,train,2026080217,316,primary,primary,complete
independent-evaluation,musique,2hop__802331_47314,train,2026080217,532,primary,primary,complete
independent-evaluation,musique,2hop__80353_3001,train,2026080217,572,primary,primary,complete
independent-evaluation,musique,2hop__805028_462320,train,2026080217,149,primary,primary,complete
independent-evaluation,musique,2hop__80508_677577,train,2026080217,258,primary,primary,complete
independent-evaluation,musique,2hop__805672_7672,train,2026080217,234,primary,primary,complete
independent-evaluation,musique,2hop__80584_66008,train,2026080217,386,primary,primary,complete
independent-evaluation,musique,2hop__808218_135703,train,2026080217,210,primary,primary,complete
independent-evaluation,musique,2hop__80848_75109,train,2026080217,133,primary,primary,complete
independent-evaluation,musique,2hop__808702_514685,train,2026080217,594,primary,primary,complete
independent-evaluation,musique,2hop__81087_489272,train,2026080217,486,primary,primary,complete
independent-evaluation,musique,2hop__811170_705760,train,2026080217,531,primary,primary,complete
independent-evaluation,musique,2hop__812277_62776,train,2026080217,117,primary,primary,complete
independent-evaluation,musique,2hop__812498_135703,train,2026080217,185,primary,primary,complete
independent-evaluation,musique,2hop__81363_42667,train,2026080217,575,primary,primary,complete
independent-evaluation,musique,2hop__814145_7643,train,2026080217,586,primary,primary,complete
independent-evaluation,musique,2hop__815060_70585,train,2026080217,601,reserve,same-benchmark availability reserve,complete
independent-evaluation,musique,2hop__815382_55584,train,2026080217,92,primary,primary,complete
independent-evaluation,musique,2hop__815884_21244,train,2026080217,322,primary,primary,complete
independent-evaluation,musique,2hop__815972_18657,train,2026080217,513,primary,primary,complete
independent-evaluation,musique,2hop__826487_373394,train,2026080217,219,primary,primary,complete
independent-evaluation,musique,2hop__82687_49700,train,2026080217,45,primary,primary,complete
independent-evaluation,musique,2hop__827125_126102,train,2026080217,304,primary,primary,complete
independent-evaluation,musique,2hop__82744_23225,train,2026080217,59,primary,primary,complete
independent-evaluation,musique,2hop__8299_8322,train,2026080217,500,primary,primary,complete
independent-evaluation,musique,2hop__830945_751489,train,2026080217,183,primary,primary,complete
independent-evaluation,musique,2hop__831672_285802,train,2026080217,539,primary,primary,complete
independent-evaluation,musique,2hop__8324_709757,train,2026080217,120,primary,primary,complete
independent-evaluation,musique,2hop__834_85088,train,2026080217,398,primary,primary,complete
independent-evaluation,musique,2hop__838408_159106,train,2026080217,518,primary,primary,complete
independent-evaluation,musique,2hop__846291_26382,train,2026080217,540,primary,primary,complete
independent-evaluation,musique,2hop__85036_26548,train,2026080217,527,primary,primary,complete
independent-evaluation,musique,2hop__85045_25008,train,2026080217,173,primary,primary,complete
independent-evaluation,musique,2hop__850856_3429,train,2026080217,281,primary,primary,complete
independent-evaluation,musique,2hop__85343_86874,train,2026080217,383,primary,primary,complete
independent-evaluation,musique,2hop__85503_631696,train,2026080217,99,primary,primary,complete
independent-evaluation,musique,2hop__85530_126084,train,2026080217,280,primary,primary,complete
independent-evaluation,musique,2hop__859182_14970,train,2026080217,143,primary,primary,complete
independent-evaluation,musique,2hop__862514_49441,train,2026080217,581,primary,primary,complete
independent-evaluation,musique,2hop__865507_22041,train,2026080217,53,primary,primary,complete
independent-evaluation,musique,2hop__87320_89078,train,2026080217,456,primary,primary,complete
independent-evaluation,musique,2hop__87418_71972,train,2026080217,334,primary,primary,complete
independent-evaluation,musique,2hop__88774_609442,train,2026080217,485,primary,primary,complete
independent-evaluation,musique,2hop__9055_34844,train,2026080217,66,primary,primary,complete
independent-evaluation,musique,2hop__91205_91983,train,2026080217,252,primary,primary,complete
independent-evaluation,musique,2hop__91831_196273,train,2026080217,354,primary,primary,complete
independent-evaluation,musique,2hop__93350_53910,train,2026080217,536,primary,primary,complete
independent-evaluation,musique,2hop__94119_657305,train,2026080217,290,primary,primary,complete
independent-evaluation,musique,2hop__94658_84692,train,2026080217,132,primary,primary,complete
independent-evaluation,musique,2hop__9528_24779,train,2026080217,202,primary,primary,complete
independent-evaluation,musique,2hop__95411_86737,train,2026080217,238,primary,primary,complete
independent-evaluation,musique,2hop__95494_57988,train,2026080217,471,primary,primary,complete
independent-evaluation,musique,2hop__95494_85856,train,2026080217,552,primary,primary,complete
independent-evaluation,musique,2hop__95637_487859,train,2026080217,396,primary,primary,complete
independent-evaluation,musique,2hop__96110_421693,train,2026080217,6,primary,primary,complete
independent-evaluation,musique,2hop__96397_300988,train,2026080217,94,primary,primary,complete
independent-evaluation,musique,2hop__96985_336223,train,2026080217,585,primary,primary,complete
independent-evaluation,musique,2hop__96999_155490,train,2026080217,443,primary,primary,complete
independent-evaluation,musique,2hop__9717_1891,train,2026080217,7,primary,primary,complete
independent-evaluation,musique,2hop__983_40795,train,2026080217,39,primary,primary,complete
independent-evaluation,musique,2hop__99245_15014,train,2026080217,147,primary,primary,complete
independent-evaluation,musique,3hop1__101723_466282_70752,train,2026080217,211,primary,primary,complete
independent-evaluation,musique,3hop1__10253_72872_59284,train,2026080217,69,primary,primary,complete
independent-evaluation,musique,3hop1__104600_10384_59072,train,2026080217,508,primary,primary,complete
independent-evaluation,musique,3hop1__105813_62641_85523,train,2026080217,41,primary,primary,complete
independent-evaluation,musique,3hop1__106947_466282_70752,train,2026080217,370,primary,primary,complete
independent-evaluation,musique,3hop1__107261_136629_85446,train,2026080217,599,primary,primary,complete
independent-evaluation,musique,3hop1__107676_145979_82585,train,2026080217,458,primary,primary,complete
independent-evaluation,musique,3hop1__108918_145979_82585,train,2026080217,82,primary,primary,complete
independent-evaluation,musique,3hop1__130780_517267_451901,train,2026080217,196,primary,primary,complete
independent-evaluation,musique,3hop1__134577_458772_22347,train,2026080217,310,primary,primary,complete
independent-evaluation,musique,3hop1__146407_728452_124684,train,2026080217,377,primary,primary,complete
independent-evaluation,musique,3hop1__153084_3427_185766,train,2026080217,218,primary,primary,complete
independent-evaluation,musique,3hop1__155787_497059_33216,train,2026080217,175,primary,primary,complete
independent-evaluation,musique,3hop1__160411_136316_53818,train,2026080217,178,primary,primary,complete
independent-evaluation,musique,3hop1__161080_158722_55862,train,2026080217,365,primary,primary,complete
independent-evaluation,musique,3hop1__161136_93626_58575,train,2026080217,387,primary,primary,complete
independent-evaluation,musique,3hop1__161837_92027_671797,train,2026080217,33,primary,primary,complete
independent-evaluation,musique,3hop1__168940_434582_74310,train,2026080217,24,primary,primary,complete
independent-evaluation,musique,3hop1__169258_153012_17755,train,2026080217,213,primary,primary,complete
independent-evaluation,musique,3hop1__1707_158293_54023,train,2026080217,470,primary,primary,complete
independent-evaluation,musique,3hop1__17249_45116_55609,train,2026080217,227,primary,primary,complete
independent-evaluation,musique,3hop1__17268_91799_73100,train,2026080217,430,primary,primary,complete
independent-evaluation,musique,3hop1__17867_705261_9426,train,2026080217,156,primary,primary,complete
independent-evaluation,musique,3hop1__194600_830682_68600,train,2026080217,212,primary,primary,complete
independent-evaluation,musique,3hop1__197104_631365_53191,train,2026080217,582,primary,primary,complete
independent-evaluation,musique,3hop1__204168_9522_45098,train,2026080217,419,primary,primary,complete
independent-evaluation,musique,3hop1__204168_9522_78265,train,2026080217,197,primary,primary,complete
independent-evaluation,musique,3hop1__20576_66733_33264,train,2026080217,80,primary,primary,complete
independent-evaluation,musique,3hop1__210309_780678_366897,train,2026080217,580,primary,primary,complete
independent-evaluation,musique,3hop1__21400_314478_56516,train,2026080217,166,primary,primary,complete
independent-evaluation,musique,3hop1__225129_732754_40570,train,2026080217,88,primary,primary,complete
independent-evaluation,musique,3hop1__229174_861630_87032,train,2026080217,187,primary,primary,complete
independent-evaluation,musique,3hop1__234534_50519_81553,train,2026080217,342,primary,primary,complete
independent-evaluation,musique,3hop1__238983_403313_68126,train,2026080217,115,primary,primary,complete
independent-evaluation,musique,3hop1__26417_449353_82365,train,2026080217,226,primary,primary,complete
independent-evaluation,musique,3hop1__266733_687783_377423,train,2026080217,289,primary,primary,complete
independent-evaluation,musique,3hop1__29335_30907_24603,train,2026080217,179,primary,primary,complete
independent-evaluation,musique,3hop1__303678_833580_61459,train,2026080217,13,primary,primary,complete
independent-evaluation,musique,3hop1__32498_4658_16315,train,2026080217,98,primary,primary,complete
independent-evaluation,musique,3hop1__32903_103178_75321,train,2026080217,529,primary,primary,complete
independent-evaluation,musique,3hop1__32903_103178_90011,train,2026080217,307,primary,primary,complete
independent-evaluation,musique,3hop1__332614_131794_17114,train,2026080217,16,primary,primary,complete
independent-evaluation,musique,3hop1__337919_841757_126073,train,2026080217,292,primary,primary,complete
independent-evaluation,musique,3hop1__35504_77886_37969,train,2026080217,537,primary,primary,complete
independent-evaluation,musique,3hop1__37149_27378_160063,train,2026080217,263,primary,primary,complete
independent-evaluation,musique,3hop1__381074_5960_52356,train,2026080217,155,primary,primary,complete
independent-evaluation,musique,3hop1__383692_434040_721025,train,2026080217,498,primary,primary,complete
independent-evaluation,musique,3hop1__386188_43572_372338,train,2026080217,565,primary,primary,complete
independent-evaluation,musique,3hop1__388777_7258_81829,train,2026080217,35,primary,primary,complete
independent-evaluation,musique,3hop1__401096_861630_87032,train,2026080217,52,primary,primary,complete
independent-evaluation,musique,3hop1__402038_859552_846191,train,2026080217,389,primary,primary,complete
independent-evaluation,musique,3hop1__409533_830682_68600,train,2026080217,163,primary,primary,complete
independent-evaluation,musique,3hop1__413364_833580_61459,train,2026080217,366,primary,primary,complete
independent-evaluation,musique,3hop1__421257_65665_490716,train,2026080217,505,primary,primary,complete
independent-evaluation,musique,3hop1__42151_35341_61968,train,2026080217,77,primary,primary,complete
independent-evaluation,musique,3hop1__42151_35341_84668,train,2026080217,431,primary,primary,complete
independent-evaluation,musique,3hop1__425452_780678_366897,train,2026080217,189,primary,primary,complete
independent-evaluation,musique,3hop1__434518_136629_808442,train,2026080217,124,primary,primary,complete
independent-evaluation,musique,3hop1__440001_566756_431457,train,2026080217,469,primary,primary,complete
independent-evaluation,musique,3hop1__454516_652332_69397,train,2026080217,309,primary,primary,complete
independent-evaluation,musique,3hop1__45467_158589_16532,train,2026080217,328,primary,primary,complete
independent-evaluation,musique,3hop1__483952_369694_30651,train,2026080217,318,primary,primary,complete
independent-evaluation,musique,3hop1__489233_629230_49087,train,2026080217,391,primary,primary,complete
independent-evaluation,musique,3hop1__489233_629230_7014,train,2026080217,275,primary,primary,complete
independent-evaluation,musique,3hop1__529422_715124_131877,train,2026080217,345,primary,primary,complete
independent-evaluation,musique,3hop1__540655_782071_738598,train,2026080217,519,primary,primary,complete
independent-evaluation,musique,3hop1__542182_670836_74170,train,2026080217,416,primary,primary,complete
independent-evaluation,musique,3hop1__589825_593059_76293,train,2026080217,206,primary,primary,complete
independent-evaluation,musique,3hop1__593753_99691_35202,train,2026080217,249,primary,primary,complete
independent-evaluation,musique,3hop1__593918_674732_500442,train,2026080217,487,primary,primary,complete
independent-evaluation,musique,3hop1__606242_705261_126049,train,2026080217,390,primary,primary,complete
independent-evaluation,musique,3hop1__614774_42467_91253,train,2026080217,521,primary,primary,complete
independent-evaluation,musique,3hop1__617160_434582_60108,train,2026080217,192,primary,primary,complete
independent-evaluation,musique,3hop1__622584_229859_5303,train,2026080217,483,primary,primary,complete
independent-evaluation,musique,3hop1__6289_686928_51733,train,2026080217,512,primary,primary,complete
independent-evaluation,musique,3hop1__631793_284041_90300,train,2026080217,556,primary,primary,complete
independent-evaluation,musique,3hop1__641303_226789_844905,train,2026080217,600,primary,primary,complete
independent-evaluation,musique,3hop1__643047_859552_846191,train,2026080217,154,primary,primary,complete
independent-evaluation,musique,3hop1__648212_674732_500442,train,2026080217,412,primary,primary,complete
independent-evaluation,musique,3hop1__656156_10383_15069,train,2026080217,96,primary,primary,complete
independent-evaluation,musique,3hop1__677955_52935_710419,train,2026080217,265,primary,primary,complete
independent-evaluation,musique,3hop1__680373_174253_88270,train,2026080217,102,primary,primary,complete
independent-evaluation,musique,3hop1__685813_739335_86976,train,2026080217,56,primary,primary,complete
independent-evaluation,musique,3hop1__691429_830682_68600,train,2026080217,351,primary,primary,complete
independent-evaluation,musique,3hop1__69866_66733_33264,train,2026080217,463,primary,primary,complete
independent-evaluation,musique,3hop1__698_669_56430,train,2026080217,350,primary,primary,complete
independent-evaluation,musique,3hop1__707380_725273_90450,train,2026080217,329,primary,primary,complete
independent-evaluation,musique,3hop1__72965_26424_581618,train,2026080217,482,primary,primary,complete
independent-evaluation,musique,3hop1__75023_58494_82983,train,2026080217,36,primary,primary,complete
independent-evaluation,musique,3hop1__75134_89328_47237,train,2026080217,199,primary,primary,complete
independent-evaluation,musique,3hop1__755915_859552_846191,train,2026080217,93,primary,primary,complete
independent-evaluation,musique,3hop1__785514_299916_7375,train,2026080217,332,primary,primary,complete
independent-evaluation,musique,3hop1__79207_484605_26008,train,2026080217,26,primary,primary,complete
independent-evaluation,musique,3hop1__81865_106790_392305,train,2026080217,495,primary,primary,complete
independent-evaluation,musique,3hop1__821692_74047_257745,train,2026080217,245,primary,primary,complete
independent-evaluation,musique,3hop1__8294_15324_26427,train,2026080217,544,primary,primary,complete
independent-evaluation,musique,3hop1__838190_377850_78659,train,2026080217,60,primary,primary,complete
independent-evaluation,musique,3hop1__84597_548096_527472,train,2026080217,79,primary,primary,complete
independent-evaluation,musique,3hop1__85623_375215_67119,train,2026080217,255,primary,primary,complete
independent-evaluation,musique,3hop1__89170_633711_79379,train,2026080217,368,primary,primary,complete
independent-evaluation,musique,3hop1__93198_841757_126073,train,2026080217,584,primary,primary,complete
independent-evaluation,musique,3hop1__94551_65225_91649,train,2026080217,105,primary,primary,complete
independent-evaluation,musique,3hop1__9998_93626_77420,train,2026080217,417,primary,primary,complete
independent-evaluation,musique,3hop2__107261_583182_62462,train,2026080217,91,primary,primary,complete
independent-evaluation,musique,3hop2__128670_51280_242202,train,2026080217,76,primary,primary,complete
independent-evaluation,musique,3hop2__130734_824323_834843,train,2026080217,414,primary,primary,complete
independent-evaluation,musique,3hop2__162189_34135_35312,train,2026080217,125,primary,primary,complete
independent-evaluation,musique,3hop2__162189_611045_73761,train,2026080217,195,primary,primary,complete
independent-evaluation,musique,3hop2__22516_11988_24628,train,2026080217,214,primary,primary,complete
independent-evaluation,musique,3hop2__22516_32417_24628,train,2026080217,465,primary,primary,complete
independent-evaluation,musique,3hop2__280480_15636_606586,train,2026080217,475,primary,primary,complete
independent-evaluation,musique,3hop2__30654_153061_89329,train,2026080217,159,primary,primary,complete
independent-evaluation,musique,3hop2__30796_279538_24137,train,2026080217,348,primary,primary,complete
independent-evaluation,musique,3hop2__30796_279838_24137,train,2026080217,1,primary,primary,complete
independent-evaluation,musique,3hop2__31519_24422_86234,train,2026080217,231,primary,primary,complete
independent-evaluation,musique,3hop2__337255_77508_83343,train,2026080217,75,primary,primary,complete
independent-evaluation,musique,3hop2__41363_484597_24137,train,2026080217,574,primary,primary,complete
independent-evaluation,musique,3hop2__47299_28338_160498,train,2026080217,135,primary,primary,complete
independent-evaluation,musique,3hop2__63595_40844_53125,train,2026080217,538,primary,primary,complete
independent-evaluation,musique,3hop2__79453_356700_66325,train,2026080217,308,primary,primary,complete
independent-evaluation,musique,3hop2__8509_75408_19700,train,2026080217,533,primary,primary,complete
independent-evaluation,musique,3hop2__862023_38001_35312,train,2026080217,400,primary,primary,complete
independent-evaluation,musique,3hop2__89818_829812_4107,train,2026080217,215,primary,primary,complete
independent-evaluation,musique,4hop1__131428_31258_43153_32993,train,2026080217,474,primary,primary,complete
independent-evaluation,musique,4hop1__133590_631695_74047_4239,train,2026080217,106,primary,primary,complete
independent-evaluation,musique,4hop1__159915_46321_1955_73755,train,2026080217,554,primary,primary,complete
independent-evaluation,musique,4hop1__205937_144938_83779_50964,train,2026080217,176,primary,primary,complete
independent-evaluation,musique,4hop1__224458_84360_334118_41330,train,2026080217,548,primary,primary,complete
independent-evaluation,musique,4hop1__233309_727246_158589_81091,train,2026080217,43,primary,primary,complete
independent-evaluation,musique,4hop1__32903_103178_799_917,train,2026080217,28,primary,primary,complete
independent-evaluation,musique,4hop1__405751_4520_65397_52731,train,2026080217,103,primary,primary,complete
independent-evaluation,musique,4hop1__450185_102686_92027_671797,train,2026080217,530,primary,primary,complete
independent-evaluation,musique,4hop1__493923_300471_136629_85446,train,2026080217,373,primary,primary,complete
independent-evaluation,musique,4hop1__50578_84360_334118_21414,train,2026080217,361,primary,primary,complete
independent-evaluation,musique,4hop1__65021_74386_444296_179769,train,2026080217,190,primary,primary,complete
independent-evaluation,musique,4hop1__709382_146811_31223_78074,train,2026080217,283,primary,primary,complete
independent-evaluation,musique,4hop1__75408_46321_1955_417709,train,2026080217,451,primary,primary,complete
independent-evaluation,musique,4hop1__75408_46321_1955_90328,train,2026080217,403,primary,primary,complete
independent-evaluation,musique,4hop1__771620_317689_1286_19331,train,2026080217,40,primary,primary,complete
independent-evaluation,musique,4hop1__828190_475952_41885_856982,train,2026080217,68,primary,primary,complete
independent-evaluation,musique,4hop1__89730_10079_503957_720028,train,2026080217,243,primary,primary,complete
independent-evaluation,musique,4hop2__339729_22831_51791_53581,train,2026080217,477,primary,primary,complete
independent-evaluation,musique,4hop2__339729_22831_51791_58575,train,2026080217,327,primary,primary,complete
independent-evaluation,musique,4hop2__70097_46089_1952_78767,train,2026080217,8,primary,primary,complete
independent-evaluation,musique,4hop2__724536_733536_75897_25092,train,2026080217,139,primary,primary,complete
independent-evaluation,musique,4hop2__724536_810753_75897_19700,train,2026080217,216,primary,primary,complete
independent-evaluation,musique,4hop3__18305_84421_38001_35312,train,2026080217,440,primary,primary,complete
independent-evaluation,musique,4hop3__301748_620110_61746_261712,train,2026080217,246,primary,primary,complete
independent-evaluation,musique,4hop3__31642_754527_344915_20507,train,2026080217,428,primary,primary,complete
independent-evaluation,musique,4hop3__333045_280480_58096_606586,train,2026080217,229,primary,primary,complete
independent-evaluation,musique,4hop3__393686_620110_68869_261712,train,2026080217,17,primary,primary,complete
independent-evaluation,musique,4hop3__486463_75897_8509_19700,train,2026080217,561,primary,primary,complete
independent-evaluation,musique,4hop3__493923_300471_569086_62462,train,2026080217,507,primary,primary,complete
independent-evaluation,musique,4hop3__641045_38788_25582_21116,train,2026080217,423,primary,primary,complete
independent-evaluation,musique,4hop3__757904_461200_68869_261712,train,2026080217,457,primary,primary,complete
independent-evaluation,musique,4hop3__778278_796114_51280_242202,train,2026080217,543,primary,primary,complete
independent-evaluation,musique,4hop3__778278_796114_57545_242202,train,2026080217,551,primary,primary,complete
independent-evaluation,musique,4hop3__819350_387027_61746_716149,train,2026080217,112,primary,primary,complete
